8924774,482393049,163770050,10,3,0,0,0,0,23,0,0,0,0,0,0,0,0,0,0,0,1,0,0,0,
9130757,482393049,163770050,10,3,0,0,0,0,23,0,0,0,0,0,0,0,0,0,0,0,2,0,0,0,
9336757,482393049,163770050,10,3,0,0,0,0,23,0,0,0,0,0,0,0,0,0,0,0,2,0,0,0,
9546911,482393049,163770050,10,3,0,0,0,0,23,0,0,0,0,0,0,0,0,0,0,0,2,0,0,0,
9752570,482393049,163770050,10,3,0,0,0,0,23,0,0,0,0,0,0,0,0,0,0,0,2,0,0,0,
9958114,482393049,163770050,10,3,0,0,0,0,23,0,0,0,0,0,0,0,0,0,0,0,2,0,0,0,
10164791,482393049,163770050,10,3,0,0,0,0,23,0,0,0,0,0,0,0,0,0,0,0,2,0,0,0,
10369053,482393049,163770050,10,3,0,0,0,0,23,0,0,0,0,0,0,0,0,0,0,0,2,0,0,0,
10575275,482393049,163770050,10,3,0,0,0,0,23,0,0,0,0,0,0,0,0,0,0,0,2,0,0,0,
10787864,482393049,163770050,10,3,0,0,0,0,23,0,0,0,0,0,0,0,0,0,0,0,2,0,0,0,
10993315,482393049,163770050,10,3,0,0,0,0,23,0,0,0,0,0,0,0,0,0,0,0,3,0,0,0,
11198819,482393049,163770050,10,3,0,0,0,0,23,0,0,0,0,0,0,0,0,0,0,0,2,0,0,0,
11404544,482393049,163770050,10,3,0,0,0,0,23,0,0,0,0,0,0,0,0,0,0,0,2,0,0,0,
11608977,482393049,163770050,10,3,0,0,0,0,23,0,0,0,0,0,0,0,0,0,0,0,2,0,0,0,
11812580,482393049,163770050,10,3,0,0,0,0,23,0,0,0,0,0,0,0,0,0,0,0,2,0,0,0,
12018456,482393049,163770050,10,3,0,0,0,0,23,0,0,0,0,0,0,0,0,0,0,0,3,0,0,0,
12223607,482393049,163770050,10,3,0,0,0,0,23,0,0,0,0,0,0,0,0,0,0,0,2,0,0,0,
12429077,482393049,163770050,10,3,0,0,0,0,23,0,0,0,0,0,0,0,0,0,0,0,2,0,0,0,
12634264,482393049,163770050,10,3,0,0,0,0,23,0,0,0,0,0,0,0,0,0,0,0,2,0,0,0,
12839573,482393049,163770050,10,3,0,0,0,0,23,0,0,0,0,0,0,0,0,0,0,0,2,0,0,0,
13046511,482393049,163770050,10,3,0,0,0,0,23,0,0,0,0,0,0,0,0,0,0,0,2,0,0,0,
13251989,482393049,163770050,10,3,0,0,0,0,23,0,0,0,0,0,0,0,0,0,0,0,2,0,0,0,
13458968,482393049,163770050,10,3,0,0,0,0,23,0,0,0,0,0,0,0,0,0,0,0,2,0,0,0,
13663960,482393049,163770050,10,3,0,0,0,0,23,0,0,0,0,0,0,0,0,0,0,0,2,0,0,0,
13868958,482393049,163770050,10,3,0,0,0,0,23,0,0,0,0,0,0,0,0,0,0,0,2,0,0,0,
14079294,482393049,163770050,10,3,0,0,0,0,23,0,0,0,0,0,0,0,0,0,0,0,3,0,0,0,
14282522,482393049,163770050,10,3,0,0,0,0,23,0,0,0,0,0,0,0,0,0,0,0,2,0,0,0,
14486574,482393049,163770050,10,3,0,0,0,0,23,0,0,0,0,0,0,0,0,0,0,0,2,0,0,0,
14690200,482393049,163770050,10,3,0,0,0,0,23,0,0,0,0,0,0,0,0,0,0,0,2,0,0,0,
14894293,482393049,163770050,10,3,0,0,0,0,23,0,0,0,0,0,0,0,0,0,0,0,2,0,0,0,
15098816,482393049,163770050,10,3,0,0,0,0,23,0,0,0,0,0,0,0,0,0,0,0,2,0,0,0,
15303743,482393049,163770050,10,3,0,0,0,0,23,0,0,0,0,0,0,0,0,0,0,0,2,0,0,0,
15508503,482393049,163770050,10,3,0,0,0,0,23,0,0,0,0,0,0,0,0,0,0,0,2,0,0,0,
15711913,482393049,163770050,10,3,0,0,0,0,21,0,0,0,0,0,0,1,0,0,0,0,0,0,0,0,
15917318,482393049,163770050,10,3,0,0,0,0,21,0,0,0,0,0,0,0,0,0,0,0,0,0,0,0,
16120835,482393049,163770050,10,3,0,0,0,0,66,0,0,0,0,0,0,0,0,0,0,0,0,0,0,0,
16325893,482393049,163770050,10,3,0,0,0,0,66,0,0,0,0,0,0,0,0,0,0,0,0,0,0,0,
16531297,482393049,163770050,10,3,0,0,0,0,66,0,0,0,0,0,0,0,0,0,0,0,0,0,0,0,
16735219,482393049,163770050,10,3,0,0,0,0,66,0,0,0,0,0,0,0,0,0,0,0,0,0,0,0,
16939568,482393049,163770050,10,3,0,0,0,0,66,0,0,0,0,0,0,0,0,0,0,0,0,0,0,0,
17143043,482393049,163770050,10,3,0,0,0,0,66,0,0,0,0,0,0,0,0,0,0,0,0,0,0,0,
17350156,482393049,163770050,10,3,0,0,0,0,66,0,0,0,0,0,0,0,0,0,0,0,0,0,0,0,
17554397,482393049,163770050,10,3,0,0,0,0,66,0,0,0,0,0,0,0,0,0,0,0,0,0,0,0,
17761227,482393049,163770050,10,3,0,0,0,0,66,0,0,0,0,0,0,0,0,0,0,0,0,0,0,0,
17966747,482393049,163770050,10,3,0,0,0,0,66,0,0,0,0,0,0,0,0,0,0,0,0,0,0,0,
18173347,482393049,163770050,10,3,0,0,0,0,66,0,0,0,0,0,0,0,0,0,0,0,0,0,0,0,
18376271,482393049,163770050,10,3,0,0,0,0,66,0,0,0,0,0,0,0,0,0,0,0,0,0,0,0,
18581408,482393049,163770050,10,3,0,0,0,0,66,0,0,0,0,0,0,0,0,0,0,0,0,0,0,0,
18787023,482393049,163770050,10,3,0,0,0,0,66,0,0,0,0,0,0,0,0,0,0,0,0,0,0,0,
18992128,482393049,163770050,10,3,0,0,0,0,66,0,0,0,0,0,0,0,0,0,0,0,0,0,0,0,
19197697,482393049,163770050,10,3,0,0,0,0,66,0,0,0,0,0,0,0,0,0,0,0,0,0,0,0,
19402392,482393049,163770050,10,3,0,0,0,0,66,0,0,0,0,0,0,0,0,0,0,0,0,0,0,0,
19607296,482393049,163770052,10,3,0,0,0,0,66,0,0,0,0,0,0,0,0,0,0,0,0,0,0,0,
19814347,482393050,163770054,10,3,0,0,0,0,66,0,0,0,0,0,0,0,0,0,0,0,0,0,0,0,
20019622,482393050,163770055,10,3,0,0,0,0,66,0,0,0,0,0,0,0,0,0,0,0,0,0,0,0,
20225448,482393051,163770056,10,3,0,0,0,0,66,0,0,0,0,0,0,0,0,0,0,0,0,0,0,0,
20430165,482393051,163770057,10,3,0,0,0,0,66,0,0,0,0,0,0,0,0,0,0,0,0,0,0,0,
20638752,482393051,163770057,10,3,0,0,0,0,66,0,0,0,0,0,0,0,0,0,0,0,0,0,0,0,
20842839,482393051,163770057,10,3,0,0,0,0,66,0,0,0,0,0,0,0,0,0,0,0,0,0,0,0,
21048862,482393050,163770057,10,3,0,0,0,0,66,0,0,0,0,0,0,0,0,0,0,0,0,0,0,0,
21254972,482393050,163770056,10,3,0,0,0,0,66,0,0,0,0,0,0,0,0,0,0,0,0,0,0,0,
21460690,482393049,163770055,10,3,0,0,0,0,66,0,0,0,0,0,0,0,0,0,0,0,0,0,0,0,
21665805,482393049,163770054,10,3,0,0,0,0,66,0,0,0,0,0,0,0,0,0,0,0,0,0,0,0,
21871567,482393049,163770053,10,3,0,0,0,0,66,0,0,0,0,0,0,0,0,0,0,0,0,0,0,0,
22079821,482393049,163770053,10,3,0,0,0,0,66,0,0,0,0,0,0,0,0,0,0,0,0,0,0,0,
22283551,482393049,163770053,10,3,0,0,0,0,66,0,0,0,0,0,0,0,0,0,0,0,0,0,0,0,
22489016,482393048,163770052,10,3,0,0,0,0,66,0,0,0,0,0,0,0,0,0,0,0,0,0,0,0,
22694728,482393049,163770052,10,3,0,0,0,0,66,0,0,0,0,0,0,0,0,0,0,0,0,0,0,0,
22900682,482393049,163770052,10,3,0,0,0,0,66,0,0,0,0,0,0,0,0,0,0,0,0,0,0,0,
23103890,482393049,163770053,10,3,0,0,0,0,66,0,0,0,0,0,0,0,0,0,0,0,0,0,0,0,
23310467,482393049,163770053,10,3,0,0,0,0,66,0,0,0,0,0,0,0,0,0,0,0,0,0,0,0,
23516028,482393049,163770052,10,3,0,0,0,0,66,0,0,0,0,0,0,0,0,0,0,0,0,0,0,0,
23720714,482393048,163770052,10,3,0,0,0,0,66,0,0,0,0,0,0,0,0,0,0,0,0,0,0,0,
23927465,482393048,163770051,10,3,0,0,0,0,66,0,0,0,0,0,0,0,0,0,0,0,0,0,0,0,
24131415,482393048,163770051,10,3,0,0,0,0,66,0,0,0,0,0,0,0,0,0,0,0,0,0,0,0,
24335962,482393048,163770051,10,3,0,0,0,0,66,0,0,0,0,0,0,0,0,0,0,0,0,0,0,0,
24540953,482393048,163770052,10,3,0,0,0,0,66,0,0,0,0,0,0,0,0,0,0,0,0,0,0,0,
24746105,482393048,163770051,10,3,0,0,0,0,66,0,0,0,0,0,0,0,0,0,0,0,0,0,0,0,
24952171,482393048,163770051,10,3,0,0,0,0,66,0,0,0,0,0,0,0,0,0,0,0,0,0,0,0,
25160092,482393047,163770051,10,3,0,0,0,0,66,0,0,0,0,0,0,0,0,0,0,0,0,0,0,0,
25366448,482393047,163770050,10,3,0,0,0,0,66,0,0,0,0,0,0,0,0,0,0,0,0,0,0,0,
25568331,482393047,163770051,10,3,0,0,0,0,66,0,0,0,0,0,0,0,0,0,0,0,0,0,0,0,
25773550,482393047,163770051,10,3,0,0,0,0,66,0,0,0,0,0,0,0,0,0,0,0,0,0,0,0,
25980504,482393047,163770052,10,3,0,0,0,0,66,0,0,0,0,0,0,0,0,0,0,0,0,0,0,0,
26185988,482393047,163770052,10,3,0,0,0,0,66,0,0,0,0,0,0,0,0,0,0,0,0,0,0,0,
26391351,482393047,163770052,10,3,0,0,0,0,66,0,0,0,0,0,0,0,0,0,0,0,0,0,0,0,
26595484,482393047,163770052,10,3,0,0,0,0,66,0,0,0,0,0,0,0,0,0,0,0,0,0,0,0,
26800148,482393047,163770052,10,3,0,0,0,0,66,0,0,0,0,0,0,0,0,0,0,0,0,0,0,0,
27006580,482393047,163770053,10,3,0,0,0,0,66,0,0,0,0,0,0,0,0,0,0,0,0,0,0,0,
27212725,482393047,163770053,10,3,0,0,0,0,66,0,0,0,0,0,0,0,0,0,0,0,0,0,0,0,
27440396,482393046,163770052,10,3,0,0,0,0,66,0,0,0,0,0,0,0,0,0,0,0,0,0,0,0,
27665714,482393046,163770052,10,3,0,0,0,0,66,0,0,0,0,0,0,0,0,0,0,0,0,0,0,0,
27876675,482393046,163770052,10,3,0,0,0,0,66,0,0,0,0,0,0,0,0,0,0,0,0,0,0,0,
28075680,482393046,163770052,10,3,0,0,0,0,66,0,0,0,0,0,0,0,0,0,0,0,0,0,0,0,
28286634,482393046,163770051,10,3,0,0,0,0,66,0,0,0,0,0,0,0,0,0,0,0,0,0,0,0,
28496827,482393046,163770051,10,3,0,0,0,0,66,0,0,0,0,0,0,0,0,0,0,0,0,0,0,0,
28716573,482393046,163770051,10,3,0,0,0,0,66,0,0,0,0,0,0,0,0,0,0,0,0,0,0,0,
28922439,482393046,163770051,10,3,0,0,0,0,66,0,0,0,0,0,0,0,0,0,0,0,0,0,0,0,
29127249,482393046,163770051,10,3,0,0,0,0,66,0,0,0,0,0,0,0,0,0,0,0,0,0,0,0,
29337978,482393046,163770051,10,3,0,0,0,0,66,0,0,0,0,0,0,0,0,0,0,0,0,0,0,0,
29543629,482393046,163770051,10,3,0,0,0,0,66,0,0,0,0,0,0,0,0,0,0,0,0,0,0,0,
29753813,482393046,163770050,10,3,0,0,0,0,66,0,0,0,0,0,0,0,0,0,0,0,0,0,0,0,
29966012,482393046,163770050,10,3,0,0,0,0,66,0,0,0,0,0,0,0,0,0,0,0,0,0,0,0,
30167261,482393046,163770050,10,3,0,0,0,0,66,0,0,0,0,0,0,0,0,0,0,0,0,0,0,0,
30376988,482393046,163770050,10,3,0,0,0,0,66,0,0,0,0,0,0,0,0,0,0,0,0,0,0,0,
30585223,482393046,163770050,10,3,0,0,0,0,66,0,0,0,0,0,0,0,0,0,0,0,0,0,0,0,
30791927,482393046,163770050,10,3,0,0,0,0,66,0,0,0,0,0,0,0,0,0,0,0,0,0,0,0,
31007779,482393046,163770051,10,3,0,0,0,0,66,0,0,0,0,0,0,0,0,0,0,0,0,0,0,0,
31204735,482393046,163770051,10,3,0,0,0,0,66,0,0,0,0,0,0,0,0,0,0,0,0,0,0,0,
31427364,482393046,163770051,10,3,0,0,0,0,66,0,0,0,0,0,0,0,0,0,0,0,0,0,0,0,
31628807,482393046,163770051,10,3,0,0,0,0,66,0,0,0,0,0,0,0,0,0,0,0,0,0,0,0,
31833900,482393046,163770051,10,3,0,0,0,0,66,0,0,0,0,0,0,0,0,0,0,0,0,0,0,0,
32038474,482393047,163770051,10,3,0,0,0,0,66,0,0,0,0,0,0,0,0,0,0,0,0,0,0,0,
32244041,482393047,163770051,10,3,0,0,0,0,66,0,0,0,0,0,0,0,0,0,0,0,0,0,0,0,
32466650,482393047,163770051,10,3,0,0,0,0,66,0,0,0,0,0,0,0,0,0,0,0,0,0,0,0,
32674597,482393047,163770051,10,3,0,0,0,0,66,0,0,0,0,0,0,0,0,0,0,0,0,0,0,0,
32877890,482393047,163770051,10,3,0,0,0,0,66,0,0,0,0,0,0,0,0,0,0,0,0,0,0,0,
33088260,482393046,163770051,10,3,0,0,0,0,66,0,0,0,0,0,0,0,0,0,0,0,0,0,0,0,
33291900,482393046,163770051,10,3,0,0,0,0,66,0,0,0,0,0,0,0,0,0,0,0,0,0,0,0,
33500911,482393046,163770051,10,3,0,0,0,0,66,0,0,0,0,0,0,0,0,0,0,0,0,0,0,0,
33706701,482393046,163770051,10,3,0,0,0,0,66,0,0,0,0,0,0,0,0,0,0,0,0,0,0,0,
33913006,482393046,163770051,10,3,0,0,0,0,66,0,0,0,0,0,0,0,0,0,0,0,0,0,0,0,
34122475,482393046,163770051,10,3,0,0,0,0,66,0,0,0,0,0,0,0,0,0,0,0,0,0,0,0,
34323086,482393046,163770051,10,3,0,0,0,0,66,0,0,0,0,0,0,0,0,0,0,0,0,0,0,0,
34531072,482393046,163770051,10,3,0,0,0,0,66,0,0,0,0,0,0,0,0,0,0,0,0,0,0,0,
34737586,482393046,163770051,10,3,0,0,0,0,66,0,0,0,0,0,0,0,0,0,0,0,0,0,0,0,
34944998,482393046,163770051,10,3,0,0,0,0,66,0,0,0,0,0,0,0,0,0,0,0,0,0,0,0,
35149953,482393046,163770051,10,3,0,0,0,0,21,0,0,0,0,1,0,1,0,0,0,0,0,0,0,0,
35357093,482393046,163770051,10,3,0,0,0,0,21,0,0,0,0,0,0,1,0,0,0,0,0,0,0,0,
35563385,482393046,163770050,10,3,0,0,0,0,66,0,0,0,0,0,0,0,0,0,0,0,0,0,0,0,
35769168,482393046,163770051,10,3,0,0,0,0,66,0,0,0,0,0,0,0,0,0,0,0,0,0,0,0,
36002162,482393046,163770051,10,3,0,0,0,0,66,0,0,0,0,0,0,0,0,0,0,0,0,0,0,0,
36223110,482393046,163770051,10,3,0,0,0,0,66,0,0,0,0,0,0,0,0,0,0,0,0,0,0,0,
36436675,482393046,163770051,10,3,0,0,0,0,66,0,0,0,0,0,0,0,0,0,0,0,0,0,0,0,
36641346,482393046,163770050,10,3,0,0,0,0,66,0,0,0,0,0,0,0,0,0,0,0,0,0,0,0,
36849399,482393046,163770050,10,3,0,0,0,0,66,0,0,0,0,0,0,0,0,0,0,0,0,0,0,0,
37058495,482393046,163770050,10,3,0,0,0,0,66,0,0,0,0,0,0,0,0,0,0,0,0,0,0,0,
37264247,482393046,163770050,10,3,0,0,0,0,66,0,0,0,0,0,0,0,0,0,0,0,0,0,0,0,
37469915,482393046,163770050,10,3,0,0,0,0,66,0,0,0,0,0,0,0,0,0,0,0,0,0,0,0,
37675128,482393046,163770050,10,3,0,0,0,0,66,0,0,0,0,0,0,0,0,0,0,0,0,0,0,0,
37882820,482393046,163770050,10,3,0,0,0,0,66,0,0,0,0,0,0,0,0,0,0,0,0,0,0,0,
38088705,482393046,163770050,10,3,0,0,0,0,66,0,0,0,0,0,0,0,0,0,0,0,0,0,0,0,
38293931,482393046,163770050,10,3,0,0,0,0,66,0,0,0,0,0,0,0,0,0,0,0,0,0,0,0,
38500669,482393046,163770050,10,3,0,0,0,0,66,0,0,0,0,0,0,0,0,0,0,0,0,0,0,0,
38710554,482393046,163770050,10,3,0,0,0,0,66,0,0,0,0,0,0,0,0,0,0,0,0,0,0,0,
38913429,482393046,163770050,10,3,0,0,0,0,66,0,0,0,0,0,0,0,0,0,0,0,0,0,0,0,
39118839,482393046,163770050,10,3,0,0,0,0,66,0,0,0,0,0,0,0,0,0,0,0,0,0,0,0,
39328230,482393046,163770050,10,3,0,0,0,0,66,0,0,0,0,0,0,0,0,0,0,0,0,0,0,0,
39545238,482393046,163770050,10,3,0,0,0,0,66,0,0,0,0,0,0,0,0,0,0,0,0,0,0,0,
39751045,482393046,163770050,10,3,0,0,0,0,66,0,0,0,0,0,0,0,0,0,0,0,0,0,0,0,
39959775,482393046,163770050,10,3,0,0,0,0,66,0,0,0,0,0,0,0,0,0,0,0,0,0,0,0,
40163434,482393046,163770050,10,3,0,0,0,0,66,0,0,0,0,0,0,0,0,0,0,0,0,0,0,0,
40369753,482393046,163770050,10,3,0,0,0,0,66,0,0,0,0,0,0,0,0,0,0,0,0,0,0,0,
40575409,482393046,163770050,10,3,0,0,0,0,66,0,0,0,0,0,0,0,0,0,0,0,0,0,0,0,
40792862,482393046,163770050,10,3,0,0,0,0,66,0,0,0,0,0,0,0,0,0,0,0,0,0,0,0,
41000642,482393046,163770050,10,3,0,0,0,0,66,0,0,0,0,0,0,0,0,0,0,0,0,0,0,0,
41211564,482393046,163770050,10,3,0,0,0,0,66,0,0,0,0,0,0,0,0,0,0,0,0,0,0,0,
41416435,482393046,163770050,10,3,0,0,0,0,66,0,0,0,0,0,0,0,0,0,0,0,0,0,0,0,
41625347,482393046,163770050,10,3,0,0,0,0,66,0,0,0,0,0,0,0,0,0,0,0,0,0,0,0,
41834548,482393046,163770050,10,3,0,0,0,0,66,0,0,0,0,0,0,0,0,0,0,0,0,0,0,0,
42039813,482393046,163770050,10,3,0,0,0,0,66,0,0,0,0,0,0,0,0,0,0,0,0,0,0,0,
42242727,482393046,163770050,10,3,0,0,0,0,66,0,0,0,0,0,0,0,0,0,0,0,0,0,0,0,
42448402,482393046,163770050,10,3,0,0,0,0,66,0,0,0,0,0,0,0,0,0,0,0,0,0,0,0,
42663775,482393046,163770050,10,3,0,0,0,0,66,0,0,0,0,0,0,0,0,0,0,0,0,0,0,0,
42875008,482393046,163770050,10,3,0,0,0,0,66,0,0,0,0,0,0,0,0,0,0,0,0,0,0,0,
43077806,482393046,163770050,10,3,0,0,0,0,66,0,0,0,0,0,0,0,0,0,0,0,0,0,0,0,
43288181,482393046,163770050,10,3,0,0,0,0,66,0,0,0,0,0,0,0,0,0,0,0,0,0,0,0,
43488667,482393046,163770050,10,3,0,0,0,0,66,0,0,0,0,0,0,0,0,0,0,0,0,0,0,0,
43694836,482393046,163770050,10,3,0,0,0,0,66,0,0,0,0,0,0,0,0,0,0,0,0,0,0,0,
43902400,482393046,163770050,10,3,0,0,0,0,66,0,0,0,0,0,0,0,0,0,0,0,0,0,0,0,
44110639,482393046,163770050,10,3,0,0,0,0,66,0,0,0,0,0,0,0,0,0,0,0,0,0,0,0,
44317725,482393046,163770050,10,3,0,0,0,0,66,0,0,0,0,0,0,0,0,0,0,0,0,0,0,0,
44522367,482393046,163770050,10,3,0,0,0,0,66,0,0,0,0,0,0,0,0,0,0,0,0,0,0,0,
44730340,482393046,163770050,10,3,0,0,0,0,66,0,0,0,0,0,0,0,0,0,0,0,0,0,0,0,
44936527,482393046,163770050,10,3,0,0,0,0,66,0,0,0,0,0,0,0,0,0,0,0,0,0,0,0,
45154220,482393047,163770050,10,3,0,0,0,0,66,0,0,0,0,0,0,0,0,0,0,0,0,0,0,0,
45360743,482393047,163770050,10,3,0,0,0,0,66,0,0,0,0,0,0,0,0,0,0,0,0,0,0,0,
45562528,482393047,163770050,10,3,0,0,0,0,66,0,0,0,0,0,0,0,0,0,0,0,0,0,0,0,
45775725,482393047,163770050,10,3,0,0,0,0,66,0,0,0,0,0,0,0,0,0,0,0,0,0,0,0,
45977272,482393047,163770050,10,3,0,0,0,0,66,0,0,0,0,0,0,0,0,0,0,0,0,0,0,0,
46190175,482393047,163770050,10,3,0,0,0,0,66,0,0,0,0,0,0,0,0,0,0,0,0,0,0,0,
46394443,482393047,163770050,10,3,0,0,0,0,66,0,0,0,0,0,0,0,0,0,0,0,0,0,0,0,
46616456,482393047,163770050,10,3,0,0,0,0,66,0,0,0,0,0,0,0,0,0,0,0,0,0,0,0,
46827411,482393047,163770050,10,3,0,0,0,0,66,0,0,0,0,0,0,0,0,0,0,0,0,0,0,0,
47035160,482393047,163770050,10,3,0,0,0,0,66,0,0,0,0,0,0,0,0,0,0,0,0,0,0,0,
47241686,482393047,163770050,10,3,0,0,0,0,66,0,0,0,0,0,0,0,0,0,0,0,0,0,0,0,
47449243,482393047,163770050,10,3,0,0,0,0,66,0,0,0,0,0,0,0,0,0,0,0,0,0,0,0,
47655315,482393047,163770050,10,3,0,0,0,0,66,0,0,0,0,0,0,0,0,0,0,0,0,0,0,0,
47862139,482393047,163770050,10,3,0,0,0,0,66,0,0,0,0,0,0,0,0,0,0,0,0,0,0,0,
48067070,482393047,163770050,10,3,0,0,0,0,66,0,0,0,0,0,0,0,0,0,0,0,0,0,0,0,
48274014,482393047,163770050,10,3,0,0,0,0,66,0,0,0,0,0,0,0,0,0,0,0,0,0,0,0,
48481857,482393047,163770050,10,3,0,0,0,0,66,0,0,0,0,0,0,0,0,0,0,0,0,0,0,0,
48687915,482393047,163770050,10,3,0,0,0,0,66,0,0,0,0,0,0,0,0,0,0,0,0,0,0,0,
48892959,482393047,163770050,10,3,0,0,0,0,66,0,0,0,0,0,0,0,0,0,0,0,0,0,0,0,
49102884,482393046,163770050,10,3,0,0,0,0,66,0,0,0,0,0,0,0,0,0,0,0,0,0,0,0,
49308174,482393046,163770050,10,3,0,0,0,0,66,0,0,0,0,0,0,0,0,0,0,0,0,0,0,0,
49515628,482393046,163770050,10,3,0,0,0,0,66,0,0,0,0,0,0,0,0,0,0,0,0,0,0,0,
49725424,482393047,163770050,10,3,0,0,0,0,66,0,0,0,0,0,0,0,0,0,0,0,0,0,0,0,
49931267,482393046,163770050,10,3,0,0,0,0,66,0,0,0,0,0,0,0,0,0,0,0,0,0,0,0,
50136345,482393046,163770050,10,3,0,0,0,0,66,0,0,0,0,0,0,0,0,0,0,0,0,0,0,0,
50344433,482393046,163770050,10,3,0,0,0,0,66,0,0,0,0,0,0,0,0,0,0,0,0,0,0,0,
50550683,482393046,163770050,10,3,0,0,0,0,66,0,0,0,0,0,0,0,0,0,0,0,0,0,0,0,
50758080,482393046,163770050,10,3,0,0,0,0,66,0,0,0,0,0,0,0,0,0,0,0,0,0,0,0,
50964457,482393046,163770050,10,3,0,0,0,0,66,0,0,0,0,0,0,0,0,0,0,0,0,0,0,0,
51169984,482393046,163770050,10,3,0,0,0,0,66,0,0,0,0,0,0,0,0,0,0,0,0,0,0,0,
51377573,482393046,163770050,10,3,0,0,0,0,66,0,0,0,0,0,0,0,0,0,0,0,0,0,0,0,
51585508,482393046,163770050,10,3,0,0,0,0,66,0,0,0,0,0,0,0,0,0,0,0,0,0,0,0,
51791626,482393046,163770050,10,3,0,0,0,0,66,0,0,0,0,0,0,0,0,0,0,0,0,0,0,0,
52000144,482393046,163770050,10,3,0,0,0,0,66,0,0,0,0,0,0,0,0,0,0,0,0,0,0,0,
52211701,482393046,163770050,10,3,0,0,0,0,66,0,0,0,0,0,0,0,0,0,0,0,0,0,0,0,
52418596,482393046,163770050,10,3,0,0,0,0,66,0,0,0,0,0,0,0,0,0,0,0,0,0,0,0,
52632864,482393046,163770050,10,3,0,0,0,0,66,0,0,0,0,0,0,0,0,0,0,0,0,0,0,0,
52836263,482393047,163770050,10,3,0,0,0,0,66,0,0,0,0,0,0,0,0,0,0,0,0,0,0,0,
53046319,482393047,163770050,10,3,0,0,0,0,66,0,0,0,0,0,0,0,0,0,0,0,0,0,0,0,
53254935,482393047,163770050,10,3,0,0,0,0,66,0,0,0,0,0,0,0,0,0,0,0,0,0,0,0,
53461834,482393047,163770050,10,3,0,0,0,0,66,0,0,0,0,0,0,0,0,0,0,0,0,0,0,0,
53670271,482393047,163770050,10,3,0,0,0,0,66,0,0,0,0,0,0,0,0,0,0,0,0,0,0,0,
53879642,482393047,163770050,10,3,0,0,0,0,66,0,0,0,0,0,0,0,0,0,0,0,0,0,0,0,
54087816,482393047,163770050,10,3,0,0,0,0,66,0,0,0,0,0,0,0,0,0,0,0,0,0,0,0,
54295971,482393046,163770050,10,3,0,0,0,0,66,0,0,0,0,0,0,0,0,0,0,0,0,0,0,0,
54501214,482393046,163770050,10,3,0,0,0,0,66,0,0,0,0,0,0,0,0,0,0,0,0,0,0,0,
54706368,482393046,163770050,10,3,0,0,0,0,66,0,0,0,0,0,0,0,0,0,0,0,0,0,0,0,
54913474,482393046,163770050,10,3,0,0,0,0,66,0,0,0,0,0,0,0,0,0,0,0,0,0,0,0,
55118608,482393046,163770050,10,3,0,0,0,0,66,0,0,0,0,0,0,0,0,0,0,0,0,0,0,0,
55322767,482393046,163770050,10,3,0,0,0,0,66,0,0,0,0,0,0,0,0,0,0,0,0,0,0,0,
55529434,482393046,163770050,10,3,0,0,0,0,66,0,0,0,0,0,0,0,0,0,0,0,0,0,0,0,
55737726,482393047,163770050,10,3,0,0,0,0,66,0,0,0,0,0,0,0,0,0,0,0,0,0,0,0,
55948684,482393047,163770050,10,3,0,0,0,0,66,0,0,0,0,0,0,0,0,0,0,0,0,0,0,0,
56147386,482393047,163770050,10,3,0,0,0,0,66,0,0,0,0,0,0,0,0,0,0,0,0,0,0,0,
56353829,482393046,163770050,10,3,0,0,0,0,66,0,0,0,0,0,0,0,0,0,0,0,0,0,0,0,
56563754,482393046,163770050,10,3,0,0,0,0,66,0,0,0,0,0,0,0,0,0,0,0,0,0,0,0,
56768051,482393046,163770050,10,3,0,0,0,0,66,0,0,0,0,0,0,0,0,0,0,0,0,0,0,0,
56976812,482393046,163770050,10,3,0,0,0,0,66,0,0,0,0,0,0,0,0,0,0,0,0,0,0,0,
57187294,482393046,163770050,10,3,0,0,0,0,66,0,0,0,0,0,0,0,0,0,0,0,0,0,0,0,
57398325,482393046,163770050,10,3,0,0,0,0,66,0,0,0,0,0,0,0,0,0,0,0,0,0,0,0,
57603107,482393046,163770050,10,3,0,0,0,0,44,0,0,0,0,0,0,0,0,1,0,0,0,0,0,0,
57809027,482393046,163770050,10,3,0,0,0,0,44,0,0,0,0,0,0,0,0,0,0,0,0,0,0,0,
58015503,482393046,163770050,10,3,0,0,0,0,44,0,0,0,0,0,0,0,0,0,0,0,0,0,0,0,
58220165,482393046,163770050,10,3,0,0,0,0,44,0,0,0,0,0,0,0,0,0,0,0,0,0,0,0,
58425625,482393046,163770050,10,3,0,0,0,0,44,0,0,0,0,0,0,0,0,0,0,0,0,0,0,0,
58631246,482393046,163770050,10,3,0,0,0,0,39,0,0,0,0,0,0,0,0,0,0,1,1,0,0,1,
58836536,482393046,163770050,10,3,0,0,10,0,39,0,0,1,0,0,0,0,0,0,0,2,1,0,0,3,
59042781,482393046,163770050,10,3,0,0,10,0,39,0,0,0,0,0,0,0,0,0,0,0,0,0,0,3,
59248116,482393047,163770051,10,3,0,0,10,0,39,0,0,0,0,0,0,0,0,0,0,0,0,0,0,3,
59453762,482393046,163770053,10,3,0,0,10,0,39,0,0,0,0,0,0,0,0,0,0,0,0,0,0,3,
59661854,482393046,163770055,10,3,0,0,10,0,39,0,0,0,0,0,0,0,0,0,0,0,0,0,0,3,
59868584,482393049,163770058,10,3,0,0,10,0,39,0,0,0,0,0,0,0,0,0,0,0,0,0,0,3,
60070356,482393061,163770069,10,3,0,0,10,0,39,0,0,0,0,0,0,0,0,0,0,0,0,0,0,3,
60276335,482393085,163770094,10,3,0,0,10,0,39,0,0,0,0,0,0,0,0,0,0,0,0,0,0,3,
60483206,482393122,163770133,10,3,0,0,10,0,39,0,0,0,0,0,0,0,0,0,0,0,0,0,0,3,
60690909,482393171,163770184,10,3,0,0,10,0,39,0,0,0,0,0,0,0,0,0,0,0,0,0,0,3,
60912557,482393234,163770243,10,3,0,0,10,0,39,0,0,0,0,0,0,0,0,0,0,0,0,0,0,3,
61123464,482393311,163770313,10,3,0,0,10,0,39,0,0,0,0,0,0,0,0,0,0,0,0,0,0,3,
61330312,482393405,163770401,10,3,0,0,10,0,39,0,0,0,0,0,0,0,0,0,0,0,0,0,0,3,
61557081,482393510,163770497,10,3,0,0,10,0,39,0,0,0,0,0,0,0,0,0,0,0,0,0,0,3,
61772964,482393632,163770608,10,3,0,0,10,0,39,0,0,0,0,0,0,0,0,0,0,0,0,0,0,3,
61971112,482393774,163770737,10,3,0,0,10,0,39,0,0,0,0,0,0,0,0,0,0,0,0,0,0,3,
62178465,482393924,163770866,10,3,0,0,10,0,39,0,0,0,0,0,0,0,0,0,0,0,0,0,0,3,
62388795,482394088,163771001,10,3,0,0,10,0,39,0,0,0,0,0,0,0,0,0,0,0,0,0,0,3,
62593486,482394269,163771149,10,3,0,0,10,0,39,0,0,0,0,0,0,0,0,0,0,0,0,0,0,3,
62799152,482394465,163771309,10,3,0,0,10,0,39,0,0,0,0,0,0,0,0,0,0,0,0,0,0,3,
63005272,482394674,163771470,10,3,0,0,10,0,39,0,0,0,0,0,0,0,0,0,0,0,0,0,0,3,
63210369,482394892,163771632,10,3,0,0,10,0,39,0,0,0,0,0,0,0,0,0,0,0,0,0,0,3,
63416823,482395120,163771796,10,3,0,0,10,0,39,0,0,0,0,0,0,0,0,0,0,0,0,0,0,3,
63624690,482395355,163771960,10,3,0,0,10,0,39,0,0,0,0,0,0,0,0,0,0,0,0,0,0,3,
63829890,482395596,163772128,10,3,0,0,10,0,39,0,0,0,0,0,0,0,0,0,0,0,0,0,0,3,
64036755,482395841,163772302,10,3,0,0,10,0,39,0,0,0,0,0,0,0,0,0,0,0,0,0,0,3,
64242541,482396089,163772481,10,3,0,0,10,0,39,0,0,0,0,0,0,0,0,0,0,0,0,0,0,3,
64459585,482396336,163772663,10,3,0,0,10,0,66,0,0,0,0,0,0,0,0,0,0,0,0,0,0,3,
64662771,482396586,163772849,10,3,0,0,10,0,66,0,0,0,0,0,0,0,0,0,0,0,0,0,0,3,
64869547,482396833,163773035,10,3,0,0,10,0,66,0,0,0,0,0,0,0,0,0,0,0,0,0,0,3,
65074370,482397076,163773223,10,3,0,0,10,0,66,0,0,0,0,0,0,0,0,0,0,0,0,0,0,3,
65281435,482397319,163773415,10,3,0,0,10,0,66,0,0,0,0,0,0,0,0,0,0,0,0,0,0,3,
65483850,482397566,163773607,10,3,0,0,10,0,66,0,0,0,0,0,0,0,0,0,0,0,0,0,0,3,
65691170,482397814,163773802,10,3,0,0,10,0,66,0,0,0,0,0,0,0,0,0,0,0,0,0,0,3,
65896639,482398066,163773996,10,3,0,0,10,0,66,0,0,0,0,0,0,0,0,0,0,0,0,0,0,3,
66104240,482398318,163774190,10,3,0,0,10,0,66,0,0,0,0,0,0,0,0,0,0,0,0,0,0,3,
66309840,482398570,163774386,10,3,0,0,10,0,66,0,0,0,0,0,0,0,0,0,0,0,0,0,0,3,
66516475,482398822,163774583,10,3,0,0,10,0,66,0,0,0,0,0,0,0,0,0,0,0,0,0,0,3,
66723664,482399076,163774786,10,3,0,0,10,0,66,0,0,0,0,0,0,0,0,0,0,0,0,0,0,3,
66931916,482399331,163774991,10,3,0,0,10,0,66,0,0,0,0,0,0,0,0,0,0,0,0,0,0,3,
67135020,482399589,163775197,10,3,0,0,10,0,66,0,0,0,0,0,0,0,0,0,0,0,0,0,0,3,
67340312,482399846,163775402,10,3,0,0,10,0,66,0,0,0,0,0,0,0,0,0,0,0,0,0,0,3,
67557011,482400104,163775609,10,3,0,0,10,0,66,0,0,0,0,0,0,0,0,0,0,0,0,0,0,3,
67761982,482400367,163775820,10,3,0,0,10,0,66,0,0,0,0,0,0,0,0,0,0,0,0,0,0,3,
67971263,482400632,163776029,10,3,0,0,10,0,66,0,0,0,0,0,0,0,0,0,0,0,0,0,0,3,
68182432,482400902,163776235,10,3,0,0,10,0,66,0,0,0,0,0,0,0,0,0,0,0,0,0,0,3,
68391232,482401180,163776444,10,3,0,0,10,0,66,0,0,0,0,0,0,0,0,0,0,0,0,0,0,3,
68595899,482401463,163776656,10,3,0,0,10,0,66,0,0,0,0,0,0,0,0,0,0,0,0,0,0,3,
68804195,482401763,163776863,10,3,0,0,10,0,66,0,0,0,0,0,0,0,0,0,0,0,0,0,0,3,
69014295,482402077,163777047,10,3,0,0,10,0,66,0,0,0,0,0,0,0,0,0,0,0,0,0,0,3,
69221409,482402412,163777180,10,3,0,0,10,0,66,0,0,0,0,0,0,0,0,0,0,0,0,0,0,3,
69426410,482402763,163777243,10,3,0,0,10,0,66,0,0,0,0,0,0,0,0,0,0,0,0,0,0,3,
69632010,482403118,163777225,10,3,0,0,10,0,66,0,0,0,0,0,0,0,0,0,0,0,0,0,0,3,
69838378,482403477,163777133,10,3,0,0,10,0,66,0,0,0,0,0,0,0,0,0,0,0,0,0,0,3,
70043128,482403829,163776982,10,3,0,0,10,0,66,0,0,0,0,0,0,0,0,0,0,0,0,0,0,3,
70261896,482404174,163776763,10,3,0,0,10,0,66,0,0,0,0,0,0,0,0,0,0,0,0,0,0,3,
70463560,482404494,163776495,10,3,0,0,10,0,66,0,0,0,0,0,0,0,0,0,0,0,0,0,0,3,
70667518,482404802,163776152,10,3,0,0,10,0,66,0,0,0,0,0,0,0,0,0,0,0,0,0,0,3,
70881467,482405067,163775789,10,3,0,0,10,0,66,0,0,0,0,0,0,0,0,0,0,0,0,0,0,3,
71090564,482405300,163775375,10,3,0,0,10,0,66,0,0,0,0,0,0,0,0,0,0,0,0,0,0,3,
71300251,482405501,163774925,10,3,0,0,10,0,66,0,0,0,0,0,0,0,0,0,0,0,0,0,0,3,
71508127,482405673,163774432,10,3,0,0,10,0,66,0,0,0,0,0,0,0,0,0,0,0,0,0,0,3,
71715266,482405810,163773913,10,3,0,0,10,0,66,0,0,0,0,0,0,0,0,0,0,0,0,0,0,3,
71917773,482405910,163773347,10,3,0,0,10,0,66,0,0,0,0,0,0,0,0,0,0,0,0,0,0,3,
72125602,482405970,163772780,10,3,0,0,10,0,66,0,0,0,0,0,0,0,0,0,0,0,0,0,0,3,
72333608,482405989,163772187,10,3,0,0,10,0,66,0,0,0,0,0,0,0,0,0,0,0,0,0,0,3,
72543800,482405967,163771594,10,3,0,0,10,0,66,0,0,0,0,0,0,0,0,0,0,0,0,0,0,3,
72747750,482405902,163770991,10,3,0,0,10,0,66,0,0,0,0,0,0,0,0,0,0,0,0,0,0,3,
72960490,482405802,163770405,10,3,0,0,10,0,66,0,0,0,0,0,0,0,0,0,0,0,0,0,0,3,
73164639,482405663,163769834,10,3,0,0,10,0,66,0,0,0,0,0,0,0,0,0,0,0,0,0,0,3,
73378759,482405491,163769300,10,3,0,0,10,0,66,0,0,0,0,0,0,0,0,0,0,0,0,0,0,3,
73581954,482405279,163768790,10,3,0,0,10,0,66,0,0,0,0,0,0,0,0,0,0,0,0,0,0,3,
73787958,482405019,163768298,10,3,0,0,10,0,66,0,0,0,0,0,0,0,0,0,0,0,0,0,0,3,
73996655,482404732,163767853,10,3,0,0,10,0,66,0,0,0,0,0,0,0,0,0,0,0,0,0,0,3,
74207186,482404423,163767460,10,3,0,0,10,0,66,0,0,0,0,0,0,0,0,0,0,0,0,0,0,3,
74406523,482404083,163767109,10,3,0,0,10,0,66,0,0,0,0,0,0,0,0,0,0,0,0,0,0,3,
74622904,482403733,163766810,10,3,0,0,10,0,66,0,0,0,0,0,0,0,0,0,0,0,0,0,0,3,
74817637,482403364,163766557,10,3,0,0,10,0,66,0,0,0,0,0,0,0,0,0,0,0,0,0,0,3,
75024805,482402994,163766348,10,3,0,0,10,0,66,0,0,0,0,0,0,0,0,0,0,0,0,0,0,3,
75230398,482402610,163766180,10,3,0,0,10,0,66,0,0,0,0,0,0,0,0,0,0,0,0,0,0,3,
75437117,482402237,163766049,10,3,0,0,10,0,66,0,0,0,0,0,0,0,0,0,0,0,0,0,0,3,
75642915,482401841,163765955,10,3,0,0,10,0,66,0,0,0,0,0,0,0,0,0,0,0,0,0,0,3,
75849410,482401457,163765887,10,3,0,0,10,0,66,0,0,0,0,0,0,0,0,0,0,0,0,0,0,3,
76060992,482401077,163765838,10,3,0,0,10,0,66,0,0,0,0,0,0,0,0,0,0,0,0,0,0,3,
76267818,482400702,163765803,10,3,0,0,10,0,66,0,0,0,0,0,0,0,0,0,0,0,0,0,0,3,
76476253,482400325,163765784,10,3,0,0,10,0,66,0,0,0,0,0,0,0,0,0,0,0,0,0,0,3,
76687517,482399946,163765786,10,3,0,0,10,0,66,0,0,0,0,0,0,0,0,0,0,0,0,0,0,3,
76902381,482399564,163765801,10,3,0,0,10,0,66,0,0,0,0,0,0,0,0,0,0,0,0,0,0,3,
77108359,482399177,163765827,10,3,0,0,10,0,66,0,0,0,0,0,0,0,0,0,0,0,0,0,0,3,
77313424,482398797,163765856,10,3,0,0,10,0,66,0,0,0,0,0,0,0,0,0,0,0,0,0,0,3,
77520051,482398421,163765891,10,3,0,0,10,0,66,0,0,0,0,0,0,0,0,0,0,0,0,0,0,3,
77732557,482398035,163765936,10,3,0,0,10,0,66,0,0,0,0,0,0,0,0,0,0,0,0,0,0,3,
77934582,482397650,163765981,10,3,0,0,10,0,66,0,0,0,0,0,0,0,0,0,0,0,0,0,0,3,
78141790,482397262,163766030,10,3,0,0,10,0,66,0,0,0,0,0,0,0,0,0,0,0,0,0,0,3,
78345737,482396873,163766073,10,3,0,0,10,0,66,0,0,0,0,0,0,0,0,0,0,0,0,0,0,3,
78553368,482396482,163766107,10,3,0,0,10,0,66,0,0,0,0,0,0,0,0,0,0,0,0,0,0,3,
78761253,482396094,163766134,10,3,0,0,10,0,66,0,0,0,0,0,0,0,0,0,0,0,0,0,0,3,
78968572,482395701,163766150,10,3,0,0,10,0,66,0,0,0,0,0,0,0,0,0,0,0,0,0,0,3,
79171395,482395313,163766147,10,3,0,0,10,0,66,0,0,0,0,0,0,0,0,0,0,0,0,0,0,3,
79380515,482394922,163766124,10,3,0,0,10,0,66,0,0,0,0,0,0,0,0,0,0,0,0,0,0,3,
79586531,482394530,163766082,10,3,0,0,10,0,66,0,0,0,0,0,0,0,0,0,0,0,0,0,0,3,
79791264,482394136,163766022,10,3,0,0,10,0,66,0,0,0,0,0,0,0,0,0,0,0,0,0,0,3,
79996798,482393740,163765942,10,3,0,0,10,0,66,0,0,0,0,0,0,0,0,0,0,0,0,0,0,3,
80202280,482393348,163765838,10,3,0,0,10,0,66,0,0,0,0,0,0,0,0,0,0,0,0,0,0,3,
80413926,482392953,163765704,10,3,0,0,10,0,66,0,0,0,0,0,0,0,0,0,0,0,0,0,0,3,
80619459,482392557,163765542,10,3,0,0,10,0,66,0,0,0,0,0,0,0,0,0,0,0,0,0,0,3,
80827811,482392167,163765362,10,3,0,0,10,0,66,0,0,0,0,0,0,0,0,0,0,0,0,0,0,3,
81038556,482391784,163765163,10,3,0,0,10,0,66,0,0,0,0,0,0,0,0,0,0,0,0,0,0,3,
81244622,482391406,163764938,10,3,0,0,10,0,66,0,0,0,0,0,0,0,0,0,0,0,0,0,0,3,
81454424,482391037,163764686,10,3,0,0,10,0,66,0,0,0,0,0,0,0,0,0,0,0,0,0,0,3,
81656751,482390675,163764417,10,3,0,0,10,0,66,0,0,0,0,0,0,0,0,0,0,0,0,0,0,3,
81862120,482390311,163764127,10,3,0,0,10,0,66,0,0,0,0,0,0,0,0,0,0,0,0,0,0,3,
82067574,482389948,163763813,10,3,0,0,10,0,66,0,0,0,0,0,0,0,0,0,0,0,0,0,0,3,
82273365,482389597,163763482,10,3,0,0,10,0,66,0,0,0,0,0,0,0,0,0,0,0,0,0,0,3,
82477985,482389254,163763137,10,3,0,0,10,0,66,0,0,0,0,0,0,0,0,0,0,0,0,0,0,3,
82684953,482388922,163762780,10,3,0,0,10,0,66,0,0,0,0,0,0,0,0,0,0,0,0,0,0,3,
82893660,482388598,163762420,10,3,0,0,10,0,66,0,0,0,0,0,0,0,0,0,0,0,0,0,0,3,
83100458,482388279,163762056,10,3,0,0,10,0,66,0,0,0,0,0,0,0,0,0,0,0,0,0,0,3,
83307174,482387966,163761689,10,3,0,0,10,0,66,0,0,0,0,0,0,0,0,0,0,0,0,0,0,3,
83516437,482387654,163761323,10,3,0,0,10,0,66,0,0,0,0,0,0,0,0,0,0,0,0,0,0,3,
83723114,482387345,163760959,10,3,0,0,10,0,66,0,0,0,0,0,0,0,0,0,0,0,0,0,0,3,
83939577,482387043,163760597,10,3,0,0,10,0,66,0,0,0,0,0,0,0,0,0,0,0,0,0,0,3,
84155431,482386740,163760238,10,3,0,0,10,0,66,0,0,0,0,0,0,0,0,0,0,0,0,0,0,3,
84374766,482386437,163759884,10,3,0,0,10,0,66,0,0,0,0,0,0,0,0,0,0,0,0,0,0,3,
84581862,482386136,163759537,10,3,0,0,10,0,66,0,0,0,0,0,0,0,0,0,0,0,0,0,0,3,
84787398,482385834,163759193,10,3,0,0,10,0,66,0,0,0,0,0,0,0,0,0,0,0,0,0,0,3,
84992115,482385540,163758855,10,3,0,0,10,0,66,0,0,0,0,0,0,0,0,0,0,0,0,0,0,3,
85199664,482385240,163758515,10,3,0,0,10,0,66,0,0,0,0,0,0,0,0,0,0,0,0,0,0,3,
85410008,482384936,163758179,10,3,0,0,10,0,66,0,0,0,0,0,0,0,0,0,0,0,0,0,0,3,
85616246,482384629,163757845,10,3,0,0,10,0,66,0,0,0,0,0,0,0,0,0,0,0,0,0,0,3,
85822746,482384325,163757520,10,3,0,0,10,0,66,0,0,0,0,0,0,0,0,0,0,0,0,0,0,3,
86028566,482384019,163757196,10,3,0,0,10,0,66,0,0,0,0,0,0,0,0,0,0,0,0,0,0,3,
86238741,482383701,163756874,10,3,0,0,10,0,66,0,0,0,0,0,0,0,0,0,0,0,0,0,0,3,
86446814,482383382,163756564,10,3,0,0,10,0,66,0,0,0,0,0,0,0,0,0,0,0,0,0,0,3,
86652486,482383057,163756263,10,3,0,0,10,0,66,0,0,0,0,0,0,0,0,0,0,0,0,0,0,3,
86859598,482382727,163755968,10,3,0,0,10,0,66,0,0,0,0,0,0,0,0,0,0,0,0,0,0,3,
87067119,482382398,163755682,10,3,0,0,10,0,66,0,0,0,0,0,0,0,0,0,0,0,0,0,0,3,
87270051,482382067,163755405,10,3,0,0,10,0,66,0,0,0,0,0,0,0,0,0,0,0,0,0,0,3,
87474839,482381734,163755134,10,3,0,0,10,0,66,0,0,0,0,0,0,0,0,0,0,0,0,0,0,3,
87681538,482381400,163754866,10,3,0,0,10,0,66,0,0,0,0,0,0,0,0,0,0,0,0,0,0,3,
87890515,482381070,163754599,10,3,0,0,10,0,66,0,0,0,0,0,0,0,0,0,0,0,0,0,0,3,
88096136,482380741,163754332,10,3,0,0,10,0,66,0,0,0,0,0,0,0,0,0,0,0,0,0,0,3,
88308306,482380413,163754065,10,3,0,0,10,0,66,0,0,0,0,0,0,0,0,0,0,0,0,0,0,3,
88533386,482380087,163753799,10,3,0,0,10,0,66,0,0,0,0,0,0,0,0,0,0,0,0,0,0,3,
88749525,482379761,163753529,10,3,0,0,10,0,66,0,0,0,0,0,0,0,0,0,0,0,0,0,0,3,
88961477,482379436,163753255,10,3,0,0,10,0,66,0,0,0,0,0,0,0,0,0,0,0,0,0,0,3,
89166580,482379103,163752973,10,3,0,0,10,0,66,0,0,0,0,0,0,0,0,0,0,0,0,0,0,3,
89371764,482378765,163752685,10,3,0,0,10,0,66,0,0,0,0,0,0,0,0,0,0,0,0,0,0,3,
89589945,482378431,163752394,10,3,0,0,10,0,66,0,0,0,0,0,0,0,0,0,0,0,0,0,0,3,
89795991,482378090,163752089,10,3,0,0,10,0,66,0,0,0,0,0,0,0,0,0,0,0,0,0,0,3,
90001103,482377757,163751786,10,3,0,0,10,0,66,0,0,0,0,0,0,0,0,0,0,0,0,0,0,3,
90216657,482377431,163751484,10,3,0,0,10,0,66,0,0,0,0,0,0,0,0,0,0,0,0,0,0,3,
90423647,482377092,163751163,10,3,0,0,10,0,66,0,0,0,0,0,0,0,0,0,0,0,0,0,0,3,
90629049,482376748,163750831,10,3,0,0,10,0,66,0,0,0,0,0,0,0,0,0,0,0,0,0,0,3,
90836578,482376410,163750501,10,3,0,0,10,0,66,0,0,0,0,0,0,0,0,0,0,0,0,0,0,3,
91042331,482376071,163750163,10,3,0,0,10,0,66,0,0,0,0,0,0,0,0,0,0,0,0,0,0,3,
91247149,482375734,163749825,10,3,0,0,10,0,66,0,0,0,0,0,0,0,0,0,0,0,0,0,0,3,
91451089,482375392,163749484,10,3,0,0,10,0,66,0,0,0,0,0,0,0,0,0,0,0,0,0,0,3,
91680550,482375053,163749139,10,3,0,0,10,0,66,0,0,0,0,0,0,0,0,0,0,0,0,0,0,3,
91891973,482374718,163748797,10,3,0,0,10,0,66,0,0,0,0,0,0,0,0,0,0,0,0,0,0,3,
92103421,482374381,163748455,10,3,0,0,10,0,66,0,0,0,0,0,0,0,0,0,0,0,0,0,0,3,
92307914,482374047,163748117,10,3,0,0,10,0,66,0,0,0,0,0,0,0,0,0,0,0,0,0,0,3,
92515403,482373716,163747780,10,3,0,0,10,0,66,0,0,0,0,0,0,0,0,0,0,0,0,0,0,3,
92718222,482373379,163747436,10,3,0,0,10,0,66,0,0,0,0,0,0,0,0,0,0,0,0,0,0,3,
92927330,482373044,163747095,10,3,0,0,10,0,66,0,0,0,0,0,0,0,0,0,0,0,0,0,0,3,
93131559,482372710,163746754,10,3,0,0,10,0,66,0,0,0,0,0,0,0,0,0,0,0,0,0,0,3,
93338590,482372376,163746412,10,3,0,0,10,0,66,0,0,0,0,0,0,0,0,0,0,0,0,0,0,3,
93544742,482372043,163746073,10,3,0,0,10,0,66,0,0,0,0,0,0,0,0,0,0,0,0,0,0,3,
93761022,482371716,163745733,10,3,0,0,10,0,66,0,0,0,0,0,0,0,0,0,0,0,0,0,0,3,
93969078,482371393,163745392,10,3,0,0,10,0,66,0,0,0,0,0,0,0,0,0,0,0,0,0,0,3,
94175352,482371074,163745052,10,3,0,0,10,0,66,0,0,0,0,0,0,0,0,0,0,0,0,0,0,3,
94381356,482370760,163744717,10,3,0,0,10,0,66,0,0,0,0,0,0,0,0,0,0,0,0,0,0,3,
94587668,482370446,163744378,10,3,0,0,10,0,66,0,0,0,0,0,0,0,0,0,0,0,0,0,0,3,
94793717,482370129,163744037,10,3,0,0,10,0,66,0,0,0,0,0,0,0,0,0,0,0,0,0,0,3,
94997663,482369811,163743689,10,3,0,0,10,0,66,0,0,0,0,0,0,0,0,0,0,0,0,0,0,3,
95206321,482369494,163743340,10,3,0,0,10,0,66,0,0,0,0,0,0,0,0,0,0,0,0,0,0,3,
95417729,482369178,163742989,10,3,0,0,10,0,66,0,0,0,0,0,0,0,0,0,0,0,0,0,0,3,
95627623,482368860,163742635,10,3,0,0,10,0,66,0,0,0,0,0,0,0,0,0,0,0,0,0,0,3,
95840542,482368549,163742287,10,3,0,0,10,0,66,0,0,0,0,0,0,0,0,0,0,0,0,0,0,3,
96045611,482368230,163741932,10,3,0,0,10,0,66,0,0,0,0,0,0,0,0,0,0,0,0,0,0,3,
96250834,482367911,163741577,10,3,0,0,10,0,66,0,0,0,0,0,0,0,0,0,0,0,0,0,0,3,
96460534,482367591,163741216,10,3,0,0,10,0,66,0,0,0,0,0,0,0,0,0,0,0,0,0,0,3,
96668500,482367269,163740851,10,3,0,0,10,0,66,0,0,0,0,0,0,0,0,0,0,0,0,0,0,3,
96870836,482366947,163740486,10,3,0,0,10,0,66,0,0,0,0,0,0,0,0,0,0,0,0,0,0,3,
97076862,482366625,163740125,10,3,0,0,10,0,66,0,0,0,0,0,0,0,0,0,0,0,0,0,0,3,
97285657,482366302,163739761,10,3,0,0,10,0,66,0,0,0,0,0,0,0,0,0,0,0,0,0,0,3,
97498029,482365982,163739399,10,3,0,0,10,0,66,0,0,0,0,0,0,0,0,0,0,0,0,0,0,3,
97711814,482365660,163739034,10,3,0,0,10,0,66,0,0,0,0,0,0,0,0,0,0,0,0,0,0,3,
97920014,482365337,163738672,10,3,0,0,10,0,66,0,0,0,0,0,0,0,0,0,0,0,0,0,0,3,
98125902,482365013,163738313,10,3,0,0,10,0,66,0,0,0,0,0,0,0,0,0,0,0,0,0,0,3,
98336988,482364688,163737952,10,3,0,0,10,0,66,0,0,0,0,0,0,0,0,0,0,0,0,0,0,3,
98551379,482364359,163737589,10,3,0,0,10,0,66,0,0,0,0,0,0,0,0,0,0,0,0,0,0,3,
98756088,482364026,163737229,10,3,0,0,10,0,66,0,0,0,0,0,0,0,0,0,0,0,0,0,0,3,
98960057,482363694,163736869,10,3,0,0,10,0,66,0,0,0,0,0,0,0,0,0,0,0,0,0,0,3,
99172270,482363366,163736519,10,3,0,0,10,0,66,0,0,0,0,0,0,0,0,0,0,0,0,0,0,3,
99389334,482363028,163736167,10,3,0,0,10,0,66,0,0,0,0,0,0,0,0,0,0,0,0,0,0,3,
99588704,482362689,163735813,10,3,0,0,10,0,66,0,0,0,0,0,0,0,0,0,0,0,0,0,0,3,
99795142,482362354,163735466,10,3,0,0,10,0,66,0,0,0,0,0,0,0,0,0,0,0,0,0,0,3,
100000233,482362019,163735120,10,3,0,0,10,0,66,0,0,0,0,0,0,0,0,0,0,0,0,0,0,3,
100205739,482361681,163734771,10,3,0,0,10,0,66,0,0,0,0,0,0,0,0,0,0,0,0,0,0,3,
100415295,482361341,163734425,10,3,0,0,10,0,66,0,0,0,0,0,0,0,0,0,0,0,0,0,0,3,
100619053,482361002,163734077,10,3,0,0,10,0,66,0,0,0,0,0,0,0,0,0,0,0,0,0,0,3,
100823313,482360662,163733726,10,3,0,0,10,0,66,0,0,0,0,0,0,0,0,0,0,0,0,0,0,3,
101032150,482360326,163733379,10,3,0,0,10,0,66,0,0,0,0,0,0,0,0,0,0,0,0,0,0,3,
101232000,482359993,163733041,10,3,0,0,10,0,66,0,0,0,0,0,0,0,0,0,0,0,0,0,0,3,
101437444,482359663,163732705,10,3,0,0,10,0,66,0,0,0,0,0,0,0,0,0,0,0,0,0,0,3,
101644957,482359334,163732371,10,3,0,0,10,0,66,0,0,0,0,0,0,0,0,0,0,0,0,0,0,3,
101850759,482359002,163732036,10,3,0,0,10,0,66,0,0,0,0,0,0,0,0,0,0,0,0,0,0,3,
102061752,482358671,163731703,10,3,0,0,10,0,66,0,0,0,0,0,0,0,0,0,0,0,0,0,0,3,
102265600,482358342,163731370,10,3,0,0,10,0,66,0,0,0,0,0,0,0,0,0,0,0,0,0,0,3,
102471087,482358015,163731035,10,3,0,0,10,0,66,0,0,0,0,0,0,0,0,0,0,0,0,0,0,3,
102679187,482357691,163730699,10,3,0,0,10,0,66,0,0,0,0,0,0,0,0,0,0,0,0,0,0,3,
102889086,482357368,163730363,10,3,0,0,10,0,66,0,0,0,0,0,0,0,0,0,0,0,0,0,0,3,
103096166,482357044,163730022,10,3,0,0,10,0,66,0,0,0,0,0,0,0,0,0,0,0,0,0,0,3,
103313785,482356722,163729677,10,3,0,0,10,0,66,0,0,0,0,0,0,0,0,0,0,0,0,0,0,3,
103518975,482356403,163729329,10,3,0,0,10,0,66,0,0,0,0,0,0,0,0,0,0,0,0,0,0,3,
103726725,482356085,163728978,10,3,0,0,10,0,66,0,0,0,0,0,0,0,0,0,0,0,0,0,0,3,
103931940,482355767,163728630,10,3,0,0,10,0,66,0,0,0,0,0,0,0,0,0,0,0,0,0,0,3,
104137480,482355449,163728275,10,3,0,0,10,0,66,0,0,0,0,0,0,0,0,0,0,0,0,0,0,3,
104342711,482355126,163727911,10,3,0,0,10,0,66,0,0,0,0,0,0,0,0,0,0,0,0,0,0,3,
104552724,482354803,163727547,10,3,0,0,10,0,66,0,0,0,0,0,0,0,0,0,0,0,0,0,0,3,
104753627,482354480,163727184,10,3,0,0,10,0,66,0,0,0,0,0,0,0,0,0,0,0,0,0,0,3,
104962505,482354159,163726816,10,3,0,0,10,0,66,0,0,0,0,0,0,0,0,0,0,0,0,0,0,3,
105169067,482353837,163726443,10,3,0,0,10,0,66,0,0,0,0,0,0,0,0,0,0,0,0,0,0,3,
105377477,482353515,163726074,10,3,0,0,10,0,66,0,0,0,0,0,0,0,0,0,0,0,0,0,0,3,
105584852,482353196,163725705,10,3,0,0,10,0,66,0,0,0,0,0,0,0,0,0,0,0,0,0,0,3,
105789265,482352879,163725335,10,3,0,0,10,0,66,0,0,0,0,0,0,0,0,0,0,0,0,0,0,3,
105996182,482352560,163724968,10,3,0,0,10,0,66,0,0,0,0,0,0,0,0,0,0,0,0,0,0,3,
106204780,482352235,163724606,10,3,0,0,10,0,66,0,0,0,0,0,0,0,0,0,0,0,0,0,0,3,
106408659,482351912,163724252,10,3,0,0,10,0,66,0,0,0,0,0,0,0,0,0,0,0,0,0,0,3,
106618414,482351594,163723904,10,3,0,0,10,0,66,0,0,0,0,0,0,0,0,0,0,0,0,0,0,3,
106821004,482351278,163723556,10,3,0,0,10,0,66,0,0,0,0,0,0,0,0,0,0,0,0,0,0,3,
107027675,482350957,163723208,10,3,0,0,10,0,66,0,0,0,0,0,0,0,0,0,0,0,0,0,0,3,
107243900,482350636,163722862,10,3,0,0,10,0,66,0,0,0,0,0,0,0,0,0,0,0,0,0,0,3,
107452798,482350314,163722514,10,3,0,0,10,0,66,0,0,0,0,0,0,0,0,0,0,0,0,0,0,3,
107658838,482349992,163722171,10,3,0,0,10,0,66,0,0,0,0,0,0,0,0,0,0,0,0,0,0,3,
107864403,482349678,163721836,10,3,0,0,10,0,66,0,0,0,0,0,0,0,0,0,0,0,0,0,0,3,
108069325,482349360,163721498,10,3,0,0,10,0,66,0,0,0,0,0,0,0,0,0,0,0,0,0,0,3,
108275234,482349035,163721156,10,3,0,0,10,0,66,0,0,0,0,0,0,0,0,0,0,0,0,0,0,3,
108481369,482348711,163720820,10,3,0,0,10,0,66,0,0,0,0,0,0,0,0,0,0,0,0,0,0,3,
108686973,482348383,163720484,10,3,0,0,10,0,66,0,0,0,0,0,0,0,0,0,0,0,0,0,0,3,
108895852,482348056,163720148,10,3,0,0,10,0,66,0,0,0,0,0,0,0,0,0,0,0,0,0,0,3,
109100961,482347729,163719814,10,3,0,0,10,0,66,0,0,0,0,0,0,0,0,0,0,0,0,0,0,3,
109306735,482347404,163719477,10,3,0,0,10,0,66,0,0,0,0,0,0,0,0,0,0,0,0,0,0,3,
109511274,482347083,163719143,10,3,0,0,10,0,66,0,0,0,0,0,0,0,0,0,0,0,0,0,0,3,
109718676,482346758,163718807,10,3,0,0,10,0,66,0,0,0,0,0,0,0,0,0,0,0,0,0,0,3,
109923812,482346428,163718465,10,3,0,0,10,0,66,0,0,0,0,0,0,0,0,0,0,0,0,0,0,3,
110129175,482346100,163718117,10,3,0,0,10,0,66,0,0,0,0,0,0,0,0,0,0,0,0,0,0,3,
110342668,482345775,163717770,10,3,0,0,10,0,66,0,0,0,0,0,0,0,0,0,0,0,0,0,0,3,
110554628,482345450,163717415,10,3,0,0,10,0,66,0,0,0,0,0,0,0,0,0,0,0,0,0,0,3,
110761048,482345125,163717056,10,3,0,0,10,0,66,0,0,0,0,0,0,0,0,0,0,0,0,0,0,3,
110969455,482344803,163716699,10,3,0,0,10,0,66,0,0,0,0,0,0,0,0,0,0,0,0,0,0,3,
111172187,482344484,163716348,10,3,0,0,10,0,66,0,0,0,0,0,0,0,0,0,0,0,0,0,0,3,
111377483,482344162,163715996,10,3,0,0,10,0,66,0,0,0,0,0,0,0,0,0,0,0,0,0,0,3,
111589894,482343835,163715641,10,3,0,0,10,0,66,0,0,0,0,0,0,0,0,0,0,0,0,0,0,3,
111796475,482343507,163715279,10,3,0,0,10,0,66,0,0,0,0,0,0,0,0,0,0,0,0,0,0,3,
112008835,482343180,163714918,10,3,0,0,10,0,66,0,0,0,0,0,0,0,0,0,0,0,0,0,0,3,
112211293,482342851,163714555,10,3,0,0,10,0,66,0,0,0,0,0,0,0,0,0,0,0,0,0,0,3,
112419326,482342521,163714188,10,3,0,0,10,0,66,0,0,0,0,0,0,0,0,0,0,0,0,0,0,3,
112634898,482342195,163713824,10,3,0,0,10,0,66,0,0,0,0,0,0,0,0,0,0,0,0,0,0,3,
112845404,482341866,163713455,10,3,0,0,10,0,66,0,0,0,0,0,0,0,0,0,0,0,0,0,0,3,
113054079,482341542,163713085,10,3,0,0,10,0,66,0,0,0,0,0,0,0,0,0,0,0,0,0,0,3,
113259616,482341217,163712718,10,3,0,0,10,0,66,0,0,0,0,0,0,0,0,0,0,0,0,0,0,3,
113466713,482340894,163712356,10,3,0,0,10,0,66,0,0,0,0,0,0,0,0,0,0,0,0,0,0,3,
113673804,482340575,163711995,10,3,0,0,10,0,66,0,0,0,0,0,0,0,0,0,0,0,0,0,0,3,
113882005,482340252,163711629,10,3,0,0,10,0,66,0,0,0,0,0,0,0,0,0,0,0,0,0,0,3,
114084751,482339927,163711262,10,3,0,0,10,0,66,0,0,0,0,0,0,0,0,0,0,0,0,0,0,3,
114289949,482339606,163710897,10,3,0,0,10,0,66,0,0,0,0,0,0,0,0,0,0,0,0,0,0,3,
114494330,482339285,163710531,10,3,0,0,10,0,66,0,0,0,0,0,0,0,0,0,0,0,0,0,0,3,
114700387,482338964,163710168,10,3,0,0,10,0,66,0,0,0,0,0,0,0,0,0,0,0,0,0,0,3,
114905858,482338643,163709801,10,3,0,0,10,0,66,0,0,0,0,0,0,0,0,0,0,0,0,0,0,3,
115124208,482338322,163709429,10,3,0,0,10,0,66,0,0,0,0,0,0,0,0,0,0,0,0,0,0,3,
115331211,482338001,163709054,10,3,0,0,10,0,66,0,0,0,0,0,0,0,0,0,0,0,0,0,0,3,
115533515,482337677,163708675,10,3,0,0,10,0,66,0,0,0,0,0,0,0,0,0,0,0,0,0,0,3,
115739589,482337353,163708297,10,3,0,0,10,0,66,0,0,0,0,0,0,0,0,0,0,0,0,0,0,3,
115947031,482337026,163707920,10,3,0,0,10,0,66,0,0,0,0,0,0,0,0,0,0,0,0,0,0,3,
116154141,482336695,163707543,10,3,0,0,10,0,66,0,0,0,0,0,0,0,0,0,0,0,0,0,0,3,
116360045,482336362,163707169,10,3,0,0,10,0,66,0,0,0,0,0,0,0,0,0,0,0,0,0,0,3,
116565190,482336030,163706798,10,3,0,0,10,0,66,0,0,0,0,0,0,0,0,0,0,0,0,0,0,3,
116774303,482335698,163706432,10,3,0,0,10,0,66,0,0,0,0,0,0,0,0,0,0,0,0,0,0,3,
116979318,482335363,163706064,10,3,0,0,10,0,66,0,0,0,0,0,0,0,0,0,0,0,0,0,0,3,
117186592,482335026,163705703,10,3,0,0,10,0,66,0,0,0,0,0,0,0,0,0,0,0,0,0,0,3,
117391156,482334690,163705349,10,3,0,0,10,0,66,0,0,0,0,0,0,0,0,0,0,0,0,0,0,3,
117598916,482334354,163704997,10,3,0,0,10,0,76,400,6,0,0,0,0,0,0,0,0,0,0,0,0,3,
117813778,482334017,163704645,10,3,0,0,10,0,76,400,4,0,0,0,0,0,0,0,0,0,0,0,0,3,
118018946,482333678,163704292,10,3,0,0,10,0,76,400,0,0,0,0,0,0,0,0,0,0,0,0,0,3,
118226172,482333341,163703947,10,3,0,0,10,0,76,400,1,0,0,0,0,0,0,0,0,0,0,0,0,3,
118433303,482333010,163703606,10,3,0,0,10,0,76,400,5,0,0,0,0,0,0,0,0,0,0,0,0,3,
118638265,482332673,163703260,10,3,0,0,10,0,76,400,0,0,0,0,0,0,0,0,0,0,0,0,0,3,
118844554,482332335,163702912,10,3,0,0,10,0,76,400,0,0,0,0,0,0,0,0,0,0,0,0,0,3,
119051071,482331996,163702565,10,3,0,0,10,0,76,400,0,0,0,0,0,0,0,0,0,0,0,0,0,3,
119254431,482331660,163702222,10,3,0,0,10,0,76,400,0,0,0,0,0,0,0,0,0,0,0,0,0,3,
119461779,482331324,163701879,10,3,0,0,10,0,76,400,5,0,0,0,0,0,0,0,0,0,0,0,0,3,
119667554,482330989,163701531,10,3,0,0,10,0,76,400,2,0,0,0,0,0,0,0,0,0,0,0,0,3,
119873824,482330655,163701186,10,3,0,0,10,0,76,400,0,0,0,0,0,0,0,0,0,0,0,0,0,3,
120079122,482330320,163700838,10,3,0,0,10,0,76,400,6,0,0,0,0,0,0,0,0,0,0,0,0,3,
120286187,482329984,163700487,10,3,0,0,10,0,76,400,5,0,0,0,0,0,0,0,0,0,0,0,0,3,
120490965,482329647,163700132,10,3,0,0,10,0,76,400,0,0,0,0,0,0,0,0,0,0,0,0,0,3,
120698000,482329312,163699778,10,3,0,0,10,0,76,400,2,0,0,0,0,0,0,0,0,0,0,0,0,3,
120904349,482328977,163699421,10,3,0,0,10,0,76,400,4,0,0,0,0,0,0,0,0,0,0,0,0,3,
121112997,482328646,163699067,10,3,0,0,10,0,76,400,0,0,0,0,0,0,0,0,0,0,0,0,0,3,
121321825,482328312,163698712,10,3,0,0,10,0,76,400,0,0,0,0,0,0,0,0,0,0,0,0,0,3,
121527286,482327974,163698357,10,3,0,0,10,0,76,400,0,0,0,0,0,0,0,0,0,0,0,0,0,3,
121732478,482327641,163698002,10,3,0,0,10,0,76,400,0,0,0,0,0,0,0,0,0,0,0,0,0,3,
121936778,482327314,163697649,10,3,0,0,10,0,76,400,5,0,0,0,0,0,0,0,0,0,0,0,0,3,
122148652,482326984,163697292,10,3,0,0,10,0,76,400,2,0,0,0,0,0,0,0,0,0,0,0,0,3,
122347298,482326647,163696935,10,3,0,0,10,0,76,400,0,0,0,0,0,0,0,0,0,0,0,0,0,3,
122555162,482326308,163696583,10,3,0,0,10,0,76,400,4,0,0,0,0,0,0,0,0,0,0,0,0,3,
122759306,482325972,163696232,10,3,0,0,10,0,76,400,6,0,0,0,0,0,0,0,0,0,0,0,0,3,
122963725,482325641,163695885,10,3,0,0,10,0,76,400,0,0,0,0,0,0,0,0,0,0,0,0,0,3,
123168798,482325303,163695534,10,3,0,0,10,0,76,400,1,0,0,0,0,0,0,0,0,0,0,0,0,3,
123373717,482324963,163695184,10,3,0,0,10,0,76,400,5,0,0,0,0,0,0,0,0,0,0,0,0,3,
123578009,482324626,163694838,10,3,0,0,10,0,76,400,0,0,0,0,0,0,0,0,0,0,0,0,0,3,
123785101,482324287,163694498,10,3,0,0,10,0,76,400,0,0,0,0,0,0,0,0,0,0,0,0,0,3,
123991383,482323943,163694164,10,3,0,0,10,0,76,400,0,0,0,0,0,0,0,0,0,0,0,0,0,3,
124196797,482323598,163693838,10,3,0,0,10,0,76,400,0,0,0,0,0,0,0,0,0,0,0,0,0,3,
124404553,482323255,163693513,10,3,0,0,10,0,76,400,5,0,0,0,0,0,0,0,0,0,0,0,0,3,
124608777,482322907,163693186,10,3,0,0,10,0,76,400,2,0,0,0,0,0,0,0,0,0,0,0,0,3,
124814987,482322559,163692860,10,3,0,0,10,0,76,400,0,0,0,0,0,0,0,0,0,0,0,0,0,3,
125019116,482322209,163692535,10,3,0,0,10,0,76,400,6,0,0,0,0,0,0,0,0,0,0,0,0,3,
125224803,482321861,163692214,10,3,0,0,10,0,76,400,5,0,0,0,0,0,0,0,0,0,0,0,0,3,
125428210,482321513,163691890,10,3,0,0,10,0,76,400,0,0,0,0,0,0,0,0,0,0,0,0,0,3,
125635488,482321164,163691565,10,3,0,0,10,0,76,400,1,0,0,0,0,0,0,0,0,0,0,0,0,3,
125840935,482320813,163691237,10,3,0,0,10,0,76,400,5,0,0,0,0,0,0,0,0,0,0,0,0,3,
126046691,482320462,163690906,10,3,0,0,10,0,76,400,0,0,0,0,0,0,0,0,0,0,0,0,0,3,
126254148,482320110,163690567,10,3,0,0,10,0,76,400,0,0,0,0,0,0,0,0,0,0,0,0,0,3,
126459853,482319759,163690225,10,3,0,0,10,0,76,400,0,0,0,0,0,0,0,0,0,0,0,0,0,3,
126665169,482319411,163689887,10,3,0,0,10,0,76,400,0,0,0,0,0,0,0,0,0,0,0,0,0,3,
126871227,482319064,163689545,10,3,0,0,10,0,76,400,5,0,0,0,0,0,0,0,0,0,0,0,0,3,
127076785,482318721,163689201,10,3,0,0,10,0,76,400,11,0,0,0,0,0,0,0,0,0,0,0,0,3,
127281760,482318383,163688858,10,3,0,0,10,0,76,400,1,0,0,0,0,0,0,0,0,0,0,0,0,3,
127487912,482318048,163688515,10,3,0,0,10,0,76,400,0,0,0,0,0,0,0,0,0,0,0,0,0,3,
127696552,482317712,163688166,10,3,0,0,10,0,76,400,4,0,0,0,0,0,0,0,0,0,0,0,0,3,
127902215,482317376,163687813,10,3,0,0,10,0,76,400,2,0,0,0,0,0,0,0,0,0,0,0,0,3,
128107795,482317043,163687461,10,3,0,0,10,0,76,400,0,0,0,0,0,0,0,0,0,0,0,0,0,3,
128314364,482316711,163687106,10,3,0,0,10,0,76,400,0,0,0,0,0,0,0,0,0,0,0,0,0,3,
128518797,482316383,163686747,10,3,0,0,10,0,76,400,0,0,0,0,0,0,0,0,0,0,0,0,0,3,
128724472,482316059,163686391,10,3,0,0,10,0,76,400,0,0,0,0,0,0,0,0,0,0,0,0,0,3,
128930828,482315734,163686037,10,3,0,0,10,0,76,400,7,0,0,0,0,0,0,0,0,0,0,0,0,3,
129136559,482315410,163685684,10,3,0,0,10,0,76,400,0,0,0,0,0,0,0,0,0,0,0,0,0,3,
129343005,482315087,163685334,10,3,0,0,10,0,76,400,0,0,0,0,0,0,0,0,0,0,0,0,0,3,
129557249,482314765,163684986,10,3,0,0,10,0,76,400,11,0,0,0,0,0,0,0,0,0,0,0,0,3,
129762121,482314443,163684638,10,3,0,0,10,0,76,400,0,0,0,0,0,0,0,0,0,0,0,0,0,3,
129968593,482314121,163684287,10,3,0,0,10,0,76,400,0,0,0,0,0,0,0,0,0,0,0,0,0,3,
130175433,482313795,163683934,10,3,0,0,10,0,76,400,5,0,0,0,0,0,0,0,0,0,0,0,0,3,
130380244,482313469,163683579,10,3,0,0,10,0,76,400,1,0,0,0,0,0,0,0,0,0,0,0,0,3,
130587138,482313145,163683225,10,3,0,0,10,0,76,400,0,0,0,0,0,0,0,0,0,0,0,0,0,3,
130792788,482312819,163682870,10,3,0,0,10,0,76,400,0,0,0,0,0,0,0,0,0,0,0,0,0,3,
131000980,482312491,163682513,10,3,0,0,10,0,76,400,0,0,0,0,0,0,0,0,0,0,0,0,0,3,
131213233,482312161,163682160,10,3,0,0,10,0,76,400,1,0,0,0,0,0,0,0,0,0,0,0,0,3,
131426017,482311826,163681801,10,3,0,0,10,0,76,400,6,0,0,0,0,0,0,0,0,0,0,0,0,3,
131630079,482311487,163681438,10,3,0,0,10,0,76,400,0,0,0,0,0,0,0,0,0,0,0,0,0,3,
131834171,482311150,163681076,10,3,0,0,10,0,76,400,0,0,0,0,0,0,0,0,0,0,0,0,0,3,
132040555,482310814,163680717,10,3,0,0,10,0,76,400,10,0,0,0,0,0,0,0,0,0,0,0,0,3,
132245304,482310477,163680355,10,3,0,0,10,0,76,400,0,0,0,0,0,0,0,0,0,0,0,0,0,3,
132451221,482310145,163679992,10,3,0,0,10,0,76,400,0,0,0,0,0,0,0,0,0,0,0,0,0,3,
132657037,482309813,163679625,10,3,0,0,10,0,76,400,5,0,0,0,0,0,0,0,0,0,0,0,0,3,
132862072,482309483,163679260,10,3,0,0,10,0,76,400,1,0,0,0,0,0,0,0,0,0,0,0,0,3,
133069538,482309158,163678896,10,3,0,0,10,0,76,400,0,0,0,0,0,0,0,0,0,0,0,0,0,3,
133275313,482308836,163678538,10,3,0,0,10,0,76,400,0,0,0,0,0,0,0,0,0,0,0,0,0,3,
133480110,482308507,163678177,10,3,0,0,10,0,76,400,0,0,0,0,0,0,0,0,0,0,0,0,0,3,
133686911,482308180,163677817,10,3,0,0,10,0,76,400,1,0,0,0,0,0,0,0,0,0,0,0,0,3,
133893246,482307858,163677464,10,3,0,0,10,0,76,400,6,0,0,0,0,0,0,0,0,0,0,0,0,3,
134097615,482307538,163677108,10,3,0,0,10,0,76,400,0,0,0,0,0,0,0,0,0,0,0,0,0,3,
134301532,482307218,163676756,10,3,0,0,10,0,76,400,0,0,0,0,0,0,0,0,0,0,0,0,0,3,
134506798,482306900,163676408,10,3,0,0,10,0,76,400,11,0,0,0,0,0,0,0,0,0,0,0,0,3,
134715315,482306582,163676063,10,3,0,0,10,0,76,400,0,0,0,0,0,0,0,0,0,0,0,0,0,3,
134921376,482306264,163675721,10,3,0,0,10,0,76,400,0,0,0,0,0,0,0,0,0,0,0,0,0,3,
135125428,482305946,163675377,10,3,0,0,10,0,76,400,5,0,0,0,0,0,0,0,0,0,0,0,0,3,
135331971,482305629,163675031,10,3,0,0,10,0,76,400,1,0,0,0,0,0,0,0,0,0,0,0,0,3,
135538632,482305311,163674683,10,3,0,0,10,0,76,400,0,0,0,0,0,0,0,0,0,0,0,0,0,3,
135745559,482304993,163674331,10,3,0,0,10,0,76,400,0,0,0,0,0,0,0,0,0,0,0,0,0,3,
135951058,482304677,163673976,10,3,0,0,10,0,76,400,0,0,0,0,0,0,0,0,0,0,0,0,0,3,
136157204,482304360,163673620,10,3,0,0,10,0,76,400,2,0,0,0,0,0,0,0,0,0,0,0,0,3,
136366096,482304042,163673265,10,3,0,0,10,0,76,400,10,0,0,0,0,0,0,0,0,0,0,0,0,3,
136568956,482303727,163672909,10,3,0,0,10,0,76,400,4,0,0,0,0,0,0,0,0,0,0,0,0,3,
136776198,482303414,163672550,10,3,0,0,10,0,76,400,0,0,0,0,0,0,0,0,0,0,0,0,0,3,
136987059,482303102,163672193,10,3,0,0,10,0,76,400,2,0,0,0,0,0,0,0,0,0,0,0,0,3,
137190864,482302788,163671832,10,3,0,0,10,0,76,400,4,0,0,0,0,0,0,0,0,0,0,0,0,3,
137398620,482302473,163671470,10,3,0,0,10,0,76,400,0,0,0,0,0,0,0,0,0,0,0,0,0,3,
137604268,482302156,163671106,10,3,0,0,10,0,76,400,0,0,0,0,0,0,0,0,0,0,0,0,0,3,
137811914,482301839,163670741,10,3,0,0,10,0,76,400,0,0,0,0,0,0,0,0,0,0,0,0,0,3,
138018323,482301520,163670376,10,3,0,0,10,0,76,400,0,0,0,0,0,0,0,0,0,0,0,0,0,3,
138226303,482301197,163670010,10,3,0,0,10,0,76,400,6,0,0,0,0,0,0,0,0,0,0,0,0,3,
138434621,482300876,163669647,10,3,0,0,10,0,76,400,1,0,0,0,0,0,0,0,0,0,0,0,0,3,
138641781,482300555,163669282,10,3,0,0,10,0,76,400,0,0,0,0,0,0,0,0,0,0,0,0,0,3,
138845447,482300238,163668922,10,3,0,0,10,0,76,400,7,0,0,0,0,0,0,0,0,0,0,0,0,3,
139050176,482299920,163668561,10,3,0,0,10,0,76,400,4,0,0,0,0,0,0,0,0,0,0,0,0,3,
139256621,482299592,163668194,10,3,0,0,10,0,76,400,0,0,0,0,0,0,0,0,0,0,0,0,0,3,
139463721,482299261,163667846,10,3,0,0,10,0,76,400,2,0,0,0,0,0,0,0,0,0,0,0,0,3,
139667495,482298931,163667475,10,3,0,0,10,0,76,400,4,0,0,0,0,0,0,0,0,0,0,0,0,3,
139874487,482298600,163667102,10,3,0,0,10,0,76,400,0,0,0,0,0,0,0,0,0,0,0,0,0,3,
140081009,482298268,163666735,10,3,0,0,10,0,76,400,0,0,0,0,0,0,0,0,0,0,0,0,0,3,
140287259,482297936,163666369,10,3,0,0,10,0,76,400,0,0,0,0,0,0,0,0,0,0,0,0,0,3,
140492097,482297599,163666003,10,3,0,0,10,0,76,400,0,0,0,0,0,0,0,0,0,0,0,0,0,3,
140698259,482297263,163665641,10,3,0,0,10,0,76,400,7,0,0,0,0,0,0,0,0,0,0,0,0,3,
140902962,482296927,163665281,10,3,0,0,10,0,76,400,0,0,0,0,0,0,0,0,0,0,0,0,0,3,
141108795,482296588,163664924,10,3,0,0,10,0,76,400,0,0,0,0,0,0,0,0,0,0,0,0,0,3,
141313846,482296245,163664562,10,3,0,0,10,0,76,400,7,0,0,0,0,0,0,0,0,0,0,0,0,3,
141519437,482295902,163664204,10,3,0,0,10,0,76,400,3,0,0,0,0,0,0,0,0,0,0,0,0,3,
141724510,482295559,163663850,10,3,0,0,10,0,76,400,0,0,0,0,0,0,0,0,0,0,0,0,0,3,
141931161,482295219,163663503,10,3,0,0,10,0,76,400,2,0,0,0,0,0,0,0,0,0,0,0,0,3,
142136999,482294879,163663155,10,3,0,0,10,0,76,400,4,0,0,0,0,0,0,0,0,0,0,0,0,3,
142343981,482294537,163662810,10,3,0,0,10,0,76,400,0,0,0,0,0,0,0,0,0,0,0,0,0,3,
142551318,482294197,163662470,10,3,0,0,10,0,76,400,0,0,0,0,0,0,0,0,0,0,0,0,0,3,
142756148,482293860,163662138,10,3,0,0,10,0,76,400,0,0,0,0,0,0,0,0,0,0,0,0,0,3,
142959888,482293521,163661805,10,3,0,0,10,0,76,400,0,0,0,0,0,0,0,0,0,0,0,0,0,3,
143165699,482293183,163661475,10,3,0,0,10,0,76,400,7,0,0,0,0,0,0,0,0,0,0,0,0,3,
143372533,482292851,163661147,10,3,0,0,10,0,76,400,0,0,0,0,0,0,0,0,0,0,0,0,0,3,
143578216,482292518,163660817,10,3,0,0,10,0,76,400,0,0,0,0,0,0,0,0,0,0,0,0,0,3,
143784598,482292188,163660467,10,3,0,0,10,0,76,400,8,0,0,0,0,0,0,0,0,0,0,0,0,3,
143989332,482291859,163660141,10,3,0,0,10,0,76,400,3,0,0,0,0,0,0,0,0,0,0,0,0,3,
144195466,482291529,163659814,10,3,0,0,10,0,76,400,0,0,0,0,0,0,0,0,0,0,0,0,0,3,
144402660,482291198,163659483,10,3,0,0,10,0,76,400,3,0,0,0,0,0,0,0,0,0,0,0,0,3,
144608150,482290868,163659149,10,3,0,0,10,0,76,400,3,0,0,0,0,0,0,0,0,0,0,0,0,3,
144813465,482290540,163658817,10,3,0,0,10,0,76,400,0,0,0,0,0,0,0,0,0,0,0,0,0,3,
145024436,482290212,163658484,10,3,0,0,10,0,76,400,0,0,0,0,0,0,0,0,0,0,0,0,0,3,
145227708,482289885,163658149,10,3,0,0,10,0,76,400,0,0,0,0,0,0,0,0,0,0,0,0,0,3,
145433314,482289559,163657811,10,3,0,0,10,0,76,400,0,0,0,0,0,0,0,0,0,0,0,0,0,3,
145642112,482289235,163657479,10,3,0,0,10,0,76,400,8,0,0,0,0,0,0,0,0,0,0,0,0,3,
145848666,482288912,163657143,10,3,0,0,10,0,76,400,9,0,0,0,0,0,0,0,0,0,0,0,0,3,
146055646,482288585,163656800,10,3,0,0,10,0,76,400,0,0,0,0,0,0,0,0,0,0,0,0,0,3,
146262045,482288256,163656454,10,3,0,0,10,0,76,400,0,0,0,0,0,0,0,0,0,0,0,0,0,3,
146468229,482287928,163656108,10,3,0,0,10,0,76,400,6,0,0,0,0,0,0,0,0,0,0,0,0,3,
146673193,482287602,163655760,10,3,0,0,10,0,76,400,0,0,0,0,0,0,0,0,0,0,0,0,0,3,
146877812,482287274,163655409,10,3,0,0,10,0,76,400,0,0,0,0,0,0,0,0,0,0,0,0,0,3,
147083511,482286948,163655054,10,3,0,0,10,0,76,400,0,0,0,0,0,0,0,0,0,0,0,0,0,3,
147289605,482286621,163654702,10,3,0,0,10,0,76,400,0,0,0,0,0,0,0,0,0,0,0,0,0,3,
147493447,482286293,163654354,10,3,0,0,10,0,76,400,2,0,0,0,0,0,0,0,0,0,0,0,0,3,
147698780,482285959,163654002,10,3,0,0,10,0,76,400,5,0,0,0,0,0,0,0,0,0,0,0,0,3,
147902029,482285625,163653644,10,3,0,0,10,0,76,400,0,0,0,0,0,0,0,0,0,0,0,0,0,3,
148108315,482285289,163653289,10,3,0,0,10,0,76,400,2,0,0,0,0,0,0,0,0,0,0,0,0,3,
148319077,482284952,163652936,10,3,0,0,10,0,76,400,9,0,0,0,0,0,0,0,0,0,0,0,0,3,
148522983,482284612,163652580,10,3,0,0,10,0,76,400,0,0,0,0,0,0,0,0,0,0,0,0,0,3,
148727438,482284272,163652221,10,3,0,0,10,0,76,400,0,0,0,0,0,0,0,0,0,0,0,0,0,3,
148934168,482283935,163651863,10,3,0,0,10,0,76,400,5,0,0,0,0,0,0,0,0,0,0,0,0,3,
149139510,482283597,163651501,10,3,0,0,10,0,76,400,1,0,0,0,0,0,0,0,0,0,0,0,0,3,
149346696,482283258,163651135,10,3,0,0,10,0,76,400,0,0,0,0,0,0,0,0,0,0,0,0,0,3,
149552361,482282919,163650769,10,3,0,0,10,0,76,400,0,0,0,0,0,0,0,0,0,0,0,0,0,3,
149757725,482282577,163650402,10,3,0,0,10,0,76,400,0,0,0,0,0,0,0,0,0,0,0,0,0,3,
149964942,482282237,163650032,10,3,0,0,10,0,76,400,1,0,0,0,0,0,0,0,0,0,0,0,0,3,
150173680,482281899,163649661,10,3,0,0,10,0,76,400,6,0,0,0,0,0,0,0,0,0,0,0,0,3,
150377791,482281562,163649289,10,3,0,0,10,0,76,400,0,0,0,0,0,0,0,0,0,0,0,0,0,3,
150586581,482281230,163648923,10,3,0,0,10,0,76,400,1,0,0,0,0,0,0,0,0,0,0,0,0,3,
150789827,482280901,163648556,10,3,0,0,10,0,76,400,9,0,0,0,0,0,0,0,0,0,0,0,0,3,
150993663,482280571,163648181,10,3,0,0,10,0,76,400,0,0,0,0,0,0,0,0,0,0,0,0,0,3,
151199131,482280242,163647803,10,3,0,0,10,0,76,400,0,0,0,0,0,0,0,0,0,0,0,0,0,3,
151404303,482279917,163647425,10,3,0,0,10,0,76,400,6,0,0,0,0,0,0,0,0,0,0,0,0,3,
151611249,482279593,163647047,10,3,0,0,10,0,76,400,0,0,0,0,0,0,0,0,0,0,0,0,0,3,
151816569,482279267,163646669,10,3,0,0,10,0,76,400,0,0,0,0,0,0,0,0,0,0,0,0,0,3,
152022553,482278938,163646291,10,3,0,0,10,0,76,400,0,0,0,0,0,0,0,0,0,0,0,0,0,3,
152228808,482278609,163645917,10,3,0,0,10,0,76,400,0,0,0,0,0,0,0,0,0,0,0,0,0,3,
152434772,482278279,163645540,10,3,0,0,10,0,76,400,2,0,0,0,0,0,0,0,0,0,0,0,0,3,
152638402,482277948,163645164,10,3,0,0,10,0,76,400,5,0,0,0,0,0,0,0,0,0,0,0,0,3,
152843949,482277615,163644796,10,3,0,0,10,0,76,400,0,0,0,0,0,0,0,0,0,0,0,0,0,3,
153053202,482277284,163644432,10,3,0,0,10,0,76,400,2,0,0,0,0,0,0,0,0,0,0,0,0,3,
153257030,482276947,163644071,10,3,0,0,10,0,76,400,9,0,0,0,0,0,0,0,0,0,0,0,0,3,
153462214,482276608,163643712,10,3,0,0,10,0,76,400,0,0,0,0,0,0,0,0,0,0,0,0,0,3,
153667401,482276269,163643356,10,3,0,0,10,0,76,400,0,0,0,0,0,0,0,0,0,0,0,0,0,3,
153874789,482275927,163643003,10,3,0,0,10,0,76,400,6,0,0,0,0,0,0,0,0,0,0,0,0,3,
154079379,482275581,163642651,10,3,0,0,10,0,76,400,0,0,0,0,0,0,0,0,0,0,0,0,0,3,
154284201,482275233,163642307,10,3,0,0,10,0,76,400,0,0,0,0,0,0,0,0,0,0,0,0,0,3,
154490157,482274885,163641966,10,3,0,0,10,0,76,400,0,0,0,0,0,0,0,0,0,0,0,0,0,3,
154696116,482274534,163641625,10,3,0,0,10,0,76,400,0,0,0,0,0,0,0,0,0,0,0,0,0,3,
154903035,482274182,163641284,10,3,0,0,10,0,76,400,2,0,0,0,0,0,0,0,0,0,0,0,0,3,
155109811,482273830,163640944,10,3,0,0,10,0,76,400,11,0,0,0,0,0,0,0,0,0,0,0,0,3,
155313845,482273480,163640605,10,3,0,0,10,0,76,400,3,0,0,0,0,0,0,0,0,0,0,0,0,3,
155521020,482273129,163640262,10,3,0,0,10,0,76,400,0,0,0,0,0,0,0,0,0,0,0,0,0,3,
155726948,482272780,163639915,10,3,0,0,10,0,76,400,3,0,0,0,0,0,0,0,0,0,0,0,0,3,
155933103,482272433,163639567,10,3,0,0,10,0,76,400,3,0,0,0,0,0,0,0,0,0,0,0,0,3,
156138494,482272084,163639216,10,3,0,0,10,0,76,400,0,0,0,0,0,0,0,0,0,0,0,0,0,3,
156344209,482271737,163638864,10,3,0,0,10,0,76,400,0,0,0,0,0,0,0,0,0,0,0,0,0,3,
156551311,482271393,163638512,10,3,0,0,10,0,76,400,0,0,0,0,0,0,0,0,0,0,0,0,0,3,
156757293,482271054,163638161,10,3,0,0,10,0,76,400,0,0,0,0,0,0,0,0,0,0,0,0,0,3,
156962542,482270713,163637809,10,3,0,0,10,0,76,400,7,0,0,0,0,0,0,0,0,0,0,0,0,3,
157167443,482270374,163637457,10,3,0,0,10,0,76,400,0,0,0,0,0,0,0,0,0,0,0,0,0,3,
157372095,482270037,163637104,10,3,0,0,10,0,76,400,0,0,0,0,0,0,0,0,0,0,0,0,0,3,
157578201,482269700,163636749,10,3,0,0,10,0,76,400,8,0,0,0,0,0,0,0,0,0,0,0,0,3,
157783728,482269367,163636401,10,3,0,0,10,0,76,400,3,0,0,0,0,0,0,0,0,0,0,0,0,3,
157988423,482269034,163636058,10,3,0,0,10,0,76,400,0,0,0,0,0,0,0,0,0,0,0,0,0,3,
158195768,482268700,163635714,10,3,0,0,10,0,76,400,3,0,0,0,0,0,0,0,0,0,0,0,0,3,
158399170,482268364,163635365,10,3,0,0,10,0,76,400,3,0,0,0,0,0,0,0,0,0,0,0,0,3,
158606050,482268029,163635012,10,3,0,0,10,0,76,400,0,0,0,0,0,0,0,0,0,0,0,0,0,3,
158811309,482267695,163634662,10,3,0,0,10,0,76,400,0,0,0,0,0,0,0,0,0,0,0,0,0,3,
159016852,482267358,163634307,10,3,0,0,10,0,76,400,0,0,0,0,0,0,0,0,0,0,0,0,0,3,
159221160,482267018,163633952,10,3,0,0,10,0,76,400,0,0,0,0,0,0,0,0,0,0,0,0,0,3,
159425504,482266679,163633598,10,3,0,0,10,0,76,400,7,0,0,0,0,0,0,0,0,0,0,0,0,3,
159630548,482266339,163633244,10,3,0,0,10,0,76,400,0,0,0,0,0,0,0,0,0,0,0,0,0,3,
159836817,482265998,163632887,10,3,0,0,10,0,76,400,0,0,0,0,0,0,0,0,0,0,0,0,0,3,
160042447,482265660,163632530,10,3,0,0,10,0,76,400,7,0,0,0,0,0,0,0,0,0,0,0,0,3,
160250122,482265322,163632176,10,3,0,0,10,0,76,400,3,0,0,0,0,0,0,0,0,0,0,0,0,3,
160455808,482264981,163631821,10,3,0,0,10,0,76,400,0,0,0,0,0,0,0,0,0,0,0,0,0,3,
160661149,482264641,163631463,10,3,0,0,10,0,76,400,3,0,0,0,0,0,0,0,0,0,0,0,0,3,
160865592,482264303,163631106,10,3,0,0,10,0,76,400,3,0,0,0,0,0,0,0,0,0,0,0,0,3,
161073040,482263967,163630750,10,3,0,0,10,0,76,400,0,0,0,0,0,0,0,0,0,0,0,0,0,3,
161277672,482263630,163630395,10,3,0,0,10,0,76,400,0,0,0,0,0,0,0,0,0,0,0,0,0,3,
161485342,482263294,163630041,10,3,0,0,10,0,76,400,0,0,0,0,0,0,0,0,0,0,0,0,0,3,
161692267,482262962,163629685,10,3,0,0,10,0,76,400,0,0,0,0,0,0,0,0,0,0,0,0,0,3,
161901640,482262629,163629321,10,3,0,0,10,0,76,400,7,0,0,0,0,0,0,0,0,0,0,0,0,3,
162109017,482262299,163628958,10,3,0,0,10,0,76,400,0,0,0,0,0,0,0,0,0,0,0,0,0,3,
162314248,482261970,163628594,10,3,0,0,10,0,76,400,0,0,0,0,0,0,0,0,0,0,0,0,0,3,
162518219,482261641,163628235,10,3,0,0,10,0,76,400,8,0,0,0,0,0,0,0,0,0,0,0,0,3,
162724150,482261312,163627877,10,3,0,0,10,0,76,400,3,0,0,0,0,0,0,0,0,0,0,0,0,3,
162929785,482260982,163627515,10,3,0,0,10,0,76,400,0,0,0,0,0,0,0,0,0,0,0,0,0,3,
163135579,482260654,163627157,10,3,0,0,10,0,76,400,3,0,0,0,0,0,0,0,0,0,0,0,0,3,
163339918,482260321,163626801,10,3,0,0,10,0,76,400,3,0,0,0,0,0,0,0,0,0,0,0,0,3,
163546049,482259990,163626447,10,3,0,0,10,0,76,400,0,0,0,0,0,0,0,0,0,0,0,0,0,3,
163750883,482259662,163626094,10,3,0,0,10,0,76,400,0,0,0,0,0,0,0,0,0,0,0,0,0,3,
163960901,482259331,163625740,10,3,0,0,10,0,76,400,0,0,0,0,0,0,0,0,0,0,0,0,0,3,
164168075,482259002,163625385,10,3,0,0,10,0,76,400,0,0,0,0,0,0,0,0,0,0,0,0,0,3,
164375173,482258672,163625037,10,3,0,0,10,0,76,400,10,0,0,0,0,0,0,0,0,0,0,0,0,3,
164580837,482258339,163624689,10,3,0,0,10,0,76,400,7,0,0,0,0,0,0,0,0,0,0,0,0,3,
164786456,482258003,163624342,10,3,0,0,10,0,76,400,0,0,0,0,0,0,0,0,0,0,0,0,0,3,
164992833,482257669,163623997,10,3,0,0,10,0,76,400,0,0,0,0,0,0,0,0,0,0,0,0,0,3,
165196748,482257334,163623650,10,3,0,0,10,0,76,400,6,0,0,0,0,0,0,0,0,0,0,0,0,3,
165404401,482256999,163623298,10,3,0,0,10,0,76,400,0,0,0,0,0,0,0,0,0,0,0,0,0,3,
165609453,482256662,163622950,10,3,0,0,10,0,76,400,0,0,0,0,0,0,0,0,0,0,0,0,0,3,
165815470,482256324,163622602,10,3,0,0,10,0,76,400,0,0,0,0,0,0,0,0,0,0,0,0,0,3,
166020802,482255989,163622254,10,3,0,0,10,0,76,400,0,0,0,0,0,0,0,0,0,0,0,0,0,3,
166228078,482255655,163621907,10,3,0,0,10,0,76,400,4,0,0,0,0,0,0,0,0,0,0,0,0,3,
166431032,482255324,163621563,10,3,0,0,10,0,76,400,3,0,0,0,0,0,0,0,0,0,0,0,0,3,
166638645,482254992,163621215,10,3,0,0,10,0,76,400,0,0,0,0,0,0,0,0,0,0,0,0,0,3,
166845238,482254661,163620864,10,3,0,0,10,0,76,400,4,0,0,0,0,0,0,0,0,0,0,0,0,3,
167052182,482254331,163620514,10,3,0,0,10,0,76,400,7,0,0,0,0,0,0,0,0,0,0,0,0,3,
167257194,482254000,163620159,10,3,0,0,10,0,76,400,0,0,0,0,0,0,0,0,0,0,0,0,0,3,
167461485,482253670,163619803,10,3,0,0,10,0,76,400,0,0,0,0,0,0,0,0,0,0,0,0,0,3,
167667245,482253342,163619446,10,3,0,0,10,0,66,400,5,0,0,0,0,0,0,0,0,0,0,0,0,3,
167879829,482253018,163619089,10,3,0,0,10,0,66,400,0,0,0,0,0,0,0,0,0,0,0,0,0,3,
168085613,482252692,163618726,10,3,0,0,10,0,66,400,0,0,0,0,0,0,0,0,0,0,0,0,0,3,
168291326,482252366,163618358,10,3,0,0,10,0,66,400,0,0,0,0,0,0,0,0,0,0,0,0,0,3,
168497950,482252037,163617984,10,3,0,0,10,0,66,400,0,0,0,0,0,0,0,0,0,0,0,0,0,3,
168712270,482251711,163617614,10,3,0,0,10,0,66,400,0,0,0,0,0,0,0,0,0,0,0,0,0,3,
168918532,482251383,163617239,10,3,0,0,10,0,66,400,0,0,0,0,0,0,0,0,0,0,0,0,0,3,
169124975,482251060,163616870,10,3,0,0,10,0,66,400,0,0,0,0,0,0,0,0,0,0,0,0,0,3,
169338336,482250735,163616495,10,3,0,0,10,0,66,400,0,0,0,0,0,0,0,0,0,0,0,0,0,3,
169551273,482250401,163616116,10,3,0,0,10,0,66,400,0,0,0,0,0,0,0,0,0,0,0,0,0,3,
169760804,482250069,163615743,10,3,0,0,10,0,66,400,0,0,0,0,0,0,0,0,0,0,0,0,0,3,
169972832,482249741,163615373,10,3,0,0,10,0,66,400,0,0,0,0,0,0,0,0,0,0,0,0,0,3,
170183438,482249416,163615007,10,3,0,0,10,0,66,400,0,0,0,0,0,0,0,0,0,0,0,0,0,3,
170391375,482249087,163614639,10,3,0,0,10,0,66,400,0,0,0,0,0,0,0,0,0,0,0,0,0,3,
170613162,482248751,163614261,10,3,0,0,10,0,66,400,0,0,0,0,0,0,0,0,0,0,0,0,0,3,
170822937,482248412,163613879,10,3,0,0,10,0,66,400,0,0,0,0,0,0,0,0,0,0,0,0,0,3,
171028906,482248073,163613496,10,3,0,0,10,0,66,400,0,0,0,0,0,0,0,0,0,0,0,0,0,3,
171234535,482247732,163613116,10,3,0,0,10,0,66,400,0,0,0,0,0,0,0,0,0,0,0,0,0,3,
171442893,482247391,163612741,10,3,0,0,10,0,66,400,0,0,0,0,0,0,0,0,0,0,0,0,0,3,
171649545,482247049,163612362,10,3,0,0,10,0,66,400,0,0,0,0,0,0,0,0,0,0,0,0,0,3,
171854289,482246704,163611982,10,3,0,0,10,0,66,400,0,0,0,0,0,0,0,0,0,0,0,0,0,3,
172066538,482246360,163611606,10,3,0,0,10,0,66,400,0,0,0,0,0,0,0,0,0,0,0,0,0,3,
172280036,482246016,163611224,10,3,0,0,10,0,66,400,0,0,0,0,0,0,0,0,0,0,0,0,0,3,
172490649,482245675,163610848,10,3,0,0,10,0,66,400,0,0,0,0,0,0,0,0,0,0,0,0,0,3,
172706111,482245333,163610474,10,3,0,0,10,0,66,400,0,0,0,0,0,0,0,0,0,0,0,0,0,3,
172927423,482244992,163610104,10,3,0,0,10,0,66,400,0,0,0,0,0,0,0,0,0,0,0,0,0,3,
173140775,482244659,163609745,10,3,0,0,10,0,66,400,0,0,0,0,0,0,0,0,0,0,0,0,0,3,
173345754,482244324,163609385,10,3,0,0,10,0,66,400,0,0,0,0,0,0,0,0,0,0,0,0,0,3,
173552007,482243996,163609029,10,3,0,0,10,0,66,400,0,0,0,0,0,0,0,0,0,0,0,0,0,3,
173759082,482243666,163608668,10,3,0,0,10,0,66,400,0,0,0,0,0,0,0,0,0,0,0,0,0,3,
173989425,482243327,163608299,10,3,0,0,10,0,66,400,0,0,0,0,0,0,0,0,0,0,0,0,0,3,
174203531,482242985,163607927,10,3,0,0,10,0,66,400,0,0,0,0,0,0,0,0,0,0,0,0,0,3,
174417804,482242640,163607554,10,3,0,0,10,0,66,400,0,0,0,0,0,0,0,0,0,0,0,0,0,3,
174627741,482242299,163607186,10,3,0,0,10,0,66,400,0,0,0,0,0,0,0,0,0,0,0,0,0,3,
174841698,482241960,163606820,10,3,0,0,10,0,66,400,0,0,0,0,0,0,0,0,0,0,0,0,0,3,
175047743,482241620,163606452,10,3,0,0,10,0,66,400,0,0,0,0,0,0,0,0,0,0,0,0,0,3,
175253665,482241277,163606082,10,3,0,0,10,0,66,400,0,0,0,0,0,0,0,0,0,0,0,0,0,3,
175465494,482240930,163605708,10,3,0,0,10,0,66,400,0,0,0,0,0,0,0,0,0,0,0,0,0,3,
175676963,482240580,163605339,10,3,0,0,10,0,66,400,0,0,0,0,0,0,0,0,0,0,0,0,0,3,
175891668,482240222,163604963,10,3,0,0,10,0,66,400,0,0,0,0,0,0,0,0,0,0,0,0,0,3,
176097273,482239868,163604592,10,3,0,0,10,0,66,400,0,0,0,0,0,0,0,0,0,0,0,0,0,3,
176310676,482239513,163604224,10,3,0,0,10,0,66,400,0,0,0,0,0,0,0,0,0,0,0,0,0,3,
176519098,482239154,163603856,10,3,0,0,10,0,66,400,0,0,0,0,0,0,0,0,0,0,0,0,0,3,
176737508,482238792,163603490,10,3,0,0,10,0,66,400,0,0,0,0,0,0,0,0,0,0,0,0,0,3,
176939254,482238429,163603129,10,3,0,0,10,0,66,400,0,0,0,0,0,0,0,0,0,0,0,0,0,3,
177145101,482238061,163602765,10,3,0,0,10,0,66,400,0,0,0,0,0,0,0,0,0,0,0,0,0,3,
177359136,482237695,163602406,10,3,0,0,10,0,66,400,0,0,0,0,0,0,0,0,0,0,0,0,0,3,
177565212,482237324,163602042,10,3,0,0,10,0,66,400,0,0,0,0,0,0,0,0,0,0,0,0,0,3,
177769145,482236950,163601674,10,3,0,0,10,0,66,400,0,0,0,0,0,0,0,0,0,0,0,0,0,3,
177976464,482236583,163601312,10,3,0,0,10,0,66,400,0,0,0,0,0,0,0,0,0,0,0,0,0,3,
178179381,482236222,163600952,10,3,0,0,10,0,66,400,0,0,0,0,0,0,0,0,0,0,0,0,0,3,
178385939,482235859,163600589,10,3,0,0,10,0,66,400,0,0,0,0,0,0,0,0,0,0,0,0,0,3,
178615677,482235496,163600227,10,3,0,0,10,0,66,400,0,0,0,0,0,0,0,0,0,0,0,0,0,3,
178821935,482235137,163599866,10,3,0,0,10,0,66,400,0,0,0,0,0,0,0,0,0,0,0,0,0,3,
179034019,482234775,163599502,10,3,0,0,10,0,66,400,0,0,0,0,0,0,0,0,0,0,0,0,0,3,
179235203,482234419,163599141,10,3,0,0,10,0,66,400,0,0,0,0,0,0,0,0,0,0,0,0,0,3,
179452536,482234064,163598776,10,3,0,0,10,0,66,400,0,0,0,0,0,0,0,0,0,0,0,0,0,3,
179653620,482233706,163598398,10,3,0,0,10,0,66,400,0,0,0,0,0,0,0,0,0,0,0,0,0,3,
179865381,482233349,163598022,10,3,0,0,10,0,66,400,0,0,0,0,0,0,0,0,0,0,0,0,0,3,
180072054,482232998,163597652,10,3,0,0,10,0,66,400,0,0,0,0,0,0,0,0,0,0,0,0,0,3,
180278644,482232649,163597286,10,3,0,0,10,0,66,400,0,0,0,0,0,0,0,0,0,0,0,0,0,3,
180484677,482232301,163596918,10,3,0,0,10,0,66,400,0,0,0,0,0,0,0,0,0,0,0,0,0,3,
180690586,482231952,163596545,10,3,0,0,10,0,66,400,0,0,0,0,0,0,0,0,0,0,0,0,0,3,
180896376,482231603,163596173,10,3,0,0,10,0,66,400,0,0,0,0,0,0,0,0,0,0,0,0,0,3,
181103471,482231262,163595804,10,3,0,0,10,0,66,400,0,0,0,0,0,0,0,0,0,0,0,0,0,3,
181312882,482230927,163595440,10,3,0,0,10,0,66,400,0,0,0,0,0,0,0,0,0,0,0,0,0,3,
181516544,482230584,163595075,10,3,0,0,10,0,66,400,0,0,0,0,0,0,0,0,0,0,0,0,0,3,
181738568,482230238,163594711,10,3,0,0,10,0,66,400,0,0,0,0,0,0,0,0,0,0,0,0,0,3,
181943555,482229890,163594344,10,3,0,0,10,0,66,400,0,0,0,0,0,0,0,0,0,0,0,0,0,3,
182186560,482229539,163593973,10,3,0,0,10,0,66,400,0,0,0,0,0,0,0,0,0,0,0,0,0,3,
182404948,482229192,163593605,10,3,0,0,10,0,66,400,0,0,0,0,0,0,0,0,0,0,0,0,0,3,
182634272,482228842,163593233,10,3,0,0,10,0,66,400,0,0,0,0,0,0,0,0,0,0,0,0,0,3,
182838679,482228495,163592863,10,3,0,0,10,0,66,400,0,0,0,0,0,0,0,0,0,0,0,0,0,3,
183042151,482228154,163592499,10,3,0,0,10,0,66,400,0,0,0,0,0,0,0,0,0,0,0,0,0,3,
183247531,482227817,163592137,10,3,0,0,10,0,66,400,0,0,0,0,0,0,0,0,0,0,0,0,0,3,
183456111,482227476,163591763,10,3,0,0,10,0,66,400,0,0,0,0,0,0,0,0,0,0,0,0,0,3,
183667476,482227129,163591379,10,3,0,0,10,0,66,400,0,0,0,0,0,0,0,0,0,0,0,0,0,3,
183878430,482226779,163590997,10,3,0,0,10,0,66,400,0,0,0,0,0,0,0,0,0,0,0,0,0,3,
184089782,482226431,163590621,10,3,0,0,10,0,66,400,0,0,0,0,0,0,0,0,0,0,0,0,0,3,
184295971,482226089,163590249,10,3,0,0,10,0,66,400,0,0,0,0,0,0,0,0,0,0,0,0,0,3,
184502052,482225750,163589878,10,3,0,0,10,0,66,400,0,0,0,0,0,0,0,0,0,0,0,0,0,3,
184710435,482225411,163589505,10,3,0,0,10,0,66,400,0,0,0,0,0,0,0,0,0,0,0,0,0,3,
184912576,482225074,163589133,10,3,0,0,10,0,66,400,0,0,0,0,0,0,0,0,0,0,0,0,0,3,
185117489,482224736,163588756,10,3,0,0,10,0,66,400,0,0,0,0,0,0,0,0,0,0,0,0,0,3,
185323697,482224401,163588376,10,3,0,0,10,0,66,400,0,0,0,0,0,0,0,0,0,0,0,0,0,3,
185530496,482224069,163587998,10,3,0,0,10,0,66,400,0,0,0,0,0,0,0,0,0,0,0,0,0,3,
185748828,482223738,163587622,10,3,0,0,10,0,66,400,0,0,0,0,0,0,0,0,0,0,0,0,0,3,
185953965,482223406,163587248,10,3,0,0,10,0,66,400,0,0,0,0,0,0,0,0,0,0,0,0,0,3,
186161142,482223072,163586871,10,3,0,0,10,0,66,400,0,0,0,0,0,0,0,0,0,0,0,0,0,3,
186367183,482222741,163586499,10,3,0,0,10,0,66,400,0,0,0,0,0,0,0,0,0,0,0,0,0,3,
186574246,482222415,163586135,10,3,0,0,10,0,66,400,0,0,0,0,0,0,0,0,0,0,0,0,0,3,
186779667,482222080,163585762,10,3,0,0,10,0,66,400,0,0,0,0,0,0,0,0,0,0,0,0,0,3,
186984603,482221742,163585384,10,3,0,0,10,0,66,400,0,0,0,0,0,0,0,0,0,0,0,0,0,3,
187191719,482221403,163585012,10,3,0,0,10,0,66,400,0,0,0,0,0,0,0,0,0,0,0,0,0,3,
187397353,482221067,163584645,10,3,0,0,10,0,66,400,0,0,0,0,0,0,0,0,0,0,0,0,0,3,
187607457,482220728,163584275,10,3,0,0,10,0,66,400,0,0,0,0,0,0,0,0,0,0,0,0,0,3,
187806738,482220388,163583903,10,3,0,0,10,0,66,400,0,0,0,0,0,0,0,0,0,0,0,0,0,3,
188015976,482220053,163583532,10,3,0,0,10,0,66,400,0,0,0,0,0,0,0,0,0,0,0,0,0,3,
188223548,482219723,163583166,10,3,0,0,10,0,66,400,0,0,0,0,0,0,0,0,0,0,0,0,0,3,
188436210,482219388,163582794,10,3,0,0,10,0,66,400,0,0,0,0,0,0,0,0,0,0,0,0,0,3,
188641976,482219054,163582420,10,3,0,0,10,0,66,400,0,0,0,0,0,0,0,0,0,0,0,0,0,3,
188865464,482218718,163582044,10,3,0,0,10,0,66,400,0,0,0,0,0,0,0,0,0,0,0,0,0,3,
189077577,482218386,163581674,10,3,0,0,10,0,66,400,0,0,0,0,0,0,0,0,0,0,0,0,0,3,
189292777,482218057,163581304,10,3,0,0,10,0,66,400,0,0,0,0,0,0,0,0,0,0,0,0,0,3,
189497192,482217731,163580936,10,3,0,0,10,0,66,400,0,0,0,0,0,0,0,0,0,0,0,0,0,3,
189705309,482217406,163580567,10,3,0,0,10,0,66,400,0,0,0,0,0,0,0,0,0,0,0,0,0,3,
189909518,482217080,163580195,10,3,0,0,10,0,66,400,0,0,0,0,0,0,0,0,0,0,0,0,0,3,
190119710,482216757,163579826,10,3,0,0,10,0,66,400,0,0,0,0,0,0,0,0,0,0,0,0,0,3,
190341098,482216428,163579448,10,3,0,0,10,0,66,400,0,0,0,0,0,0,0,0,0,0,0,0,0,3,
190548295,482216098,163579070,10,3,0,0,10,0,66,400,0,0,0,0,0,0,0,0,0,0,0,0,0,3,
190757612,482215767,163578696,10,3,0,0,10,0,66,400,0,0,0,0,0,0,0,0,0,0,0,0,0,3,
190964225,482215439,163578328,10,3,0,0,10,0,66,400,0,0,0,0,0,0,0,0,0,0,0,0,0,3,
191176521,482215105,163577959,10,3,0,0,10,0,66,400,0,0,0,0,0,0,0,0,0,0,0,0,0,3,
191382631,482214771,163577595,10,3,0,0,10,0,66,400,0,0,0,0,0,0,0,0,0,0,0,0,0,3,
191597384,482214432,163577230,10,3,0,0,10,0,66,400,0,0,0,0,0,0,0,0,0,0,0,0,0,3,
191799862,482214091,163576865,10,3,0,0,10,0,66,400,0,0,0,0,0,0,0,0,0,0,0,0,0,3,
192002346,482213758,163576502,10,3,0,0,10,0,66,400,0,0,0,0,0,0,0,0,0,0,0,0,0,3,
192210187,482213422,163576132,10,3,0,0,10,0,66,400,0,0,0,0,0,0,0,0,0,0,0,0,0,3,
192414572,482213087,163575763,10,3,0,0,10,0,66,400,0,0,0,0,0,0,0,0,0,0,0,0,0,3,
192621588,482212751,163575393,10,3,0,0,10,0,66,400,0,0,0,0,0,0,0,0,0,0,0,0,0,3,
192827771,482212413,163575029,10,3,0,0,10,0,66,400,0,0,0,0,0,0,0,0,0,0,0,0,0,3,
193040797,482212074,163574663,10,3,0,0,10,0,66,400,0,0,0,0,0,0,0,0,0,0,0,0,0,3,
193246098,482211731,163574300,10,3,0,0,10,0,66,400,0,0,0,0,0,0,0,0,0,0,0,0,0,3,
193456283,482211386,163573940,10,3,0,0,10,0,66,400,0,0,0,0,0,0,0,0,0,0,0,0,0,3,
193660575,482211044,163573584,10,3,0,0,10,0,66,400,0,0,0,0,0,0,0,0,0,0,0,0,0,3,
193871663,482210707,163573234,10,3,0,0,10,0,66,400,0,0,0,0,0,0,0,0,0,0,0,0,0,3,
194078848,482210366,163572880,10,3,0,0,10,0,66,400,0,0,0,0,0,0,0,0,0,0,0,0,0,3,
194291580,482210022,163572524,10,3,0,0,10,0,66,400,0,0,0,0,0,0,0,0,0,0,0,0,0,3,
194496154,482209678,163572165,10,3,0,0,10,0,66,400,0,0,0,0,0,0,0,0,0,0,0,0,0,3,
194708496,482209336,163571808,10,3,0,0,10,0,66,400,0,0,0,0,0,0,0,0,0,0,0,0,0,3,
194913947,482208996,163571457,10,3,0,0,10,0,66,400,0,0,0,0,0,0,0,0,0,0,0,0,0,3,
195122136,482208653,163571104,10,3,0,0,10,0,66,400,0,0,0,0,0,0,0,0,0,0,0,0,0,3,
195329756,482208306,163570751,10,3,0,0,10,0,66,400,0,0,0,0,0,0,0,0,0,0,0,0,0,3,
195541217,482207957,163570395,10,3,0,0,10,0,66,400,0,0,0,0,0,0,0,0,0,0,0,0,0,3,
195742959,482207608,163570035,10,3,0,0,10,0,66,400,0,0,0,0,0,0,0,0,0,0,0,0,0,3,
195950662,482207258,163569673,10,3,0,0,10,0,66,400,0,0,0,0,0,0,0,0,0,0,0,0,0,3,
196156741,482206907,163569316,10,3,0,0,10,0,66,400,0,0,0,0,0,0,0,0,0,0,0,0,0,3,
196360899,482206559,163568964,10,3,0,0,10,0,66,400,0,0,0,0,0,0,0,0,0,0,0,0,0,3,
196569745,482206211,163568614,10,3,0,0,10,0,66,400,0,0,0,0,0,0,0,0,0,0,0,0,0,3,
196774455,482205870,163568273,10,3,0,0,10,0,66,400,0,0,0,0,0,0,0,0,0,0,0,0,0,3,
196980555,482205524,163567931,10,3,0,0,10,0,66,400,0,0,0,0,0,0,0,0,0,0,0,0,0,3,
197188021,482205182,163567591,10,3,0,0,10,0,66,400,0,0,0,0,0,0,0,0,0,0,0,0,0,3,
197393523,482204841,163567249,10,3,0,0,10,0,66,400,0,0,0,0,0,0,0,0,0,0,0,0,0,3,
197603203,482204503,163566907,10,3,0,0,10,0,66,400,0,0,0,0,0,0,0,0,0,0,0,0,0,3,
197807671,482204168,163566567,10,3,0,0,10,0,66,400,0,0,0,0,0,0,0,0,0,0,0,0,0,3,
198014857,482203830,163566228,10,3,0,0,10,0,66,400,0,0,0,0,0,0,0,0,0,0,0,0,0,3,
198222515,482203492,163565888,10,3,0,0,10,0,66,400,0,0,0,0,0,0,0,0,0,0,0,0,0,3,
198432175,482203159,163565547,10,3,0,0,10,0,66,400,0,0,0,0,0,0,0,0,0,0,0,0,0,3,
198639045,482202830,163565210,10,3,0,0,10,0,66,400,0,0,0,0,0,0,0,0,0,0,0,0,0,3,
198843805,482202504,163564875,10,3,0,0,10,0,66,400,0,0,0,0,0,0,0,0,0,0,0,0,0,3,
199048592,482202179,163564536,10,3,0,0,10,0,66,400,0,0,0,0,0,0,0,0,0,0,0,0,0,3,
199261801,482201852,163564186,10,3,0,0,10,0,66,400,0,0,0,0,0,0,0,0,0,0,0,0,0,3,
199470074,482201524,163563832,10,3,0,0,10,0,66,400,0,0,0,0,0,0,0,0,0,0,0,0,0,3,
199675557,482201198,163563476,10,3,0,0,10,0,66,400,0,0,0,0,0,0,0,0,0,0,0,0,0,3,
199880472,482200877,163563127,10,3,0,0,10,0,66,400,0,0,0,0,0,0,0,0,0,0,0,0,0,3,
200089764,482200557,163562780,10,3,0,0,10,0,66,400,0,0,0,0,0,0,0,0,0,0,0,0,0,3,
200295429,482200231,163562424,10,3,0,0,10,0,66,400,0,0,0,0,0,0,0,0,0,0,0,0,0,3,
200502789,482199869,163562031,10,3,0,0,10,0,66,400,0,0,0,0,0,0,0,0,0,0,0,0,0,3,
200705950,482199540,163561673,10,3,0,0,10,0,66,400,0,0,0,0,0,0,0,0,0,0,0,0,0,3,
200917137,482199216,163561319,10,3,0,0,10,0,66,400,0,0,0,0,0,0,0,0,0,0,0,0,0,3,
201119564,482198893,163560961,10,3,0,0,10,0,66,400,0,0,0,0,0,0,0,0,0,0,0,0,0,3,
201327644,482198561,163560598,10,3,0,0,10,0,66,400,0,0,0,0,0,0,0,0,0,0,0,0,0,3,
201531812,482198226,163560235,10,3,0,0,10,0,66,400,0,0,0,0,0,0,0,0,0,0,0,0,0,3,
201741836,482197895,163559873,10,3,0,0,10,0,66,400,0,0,0,0,0,0,0,0,0,0,0,0,0,3,
201951479,482197561,163559508,10,3,0,0,10,0,66,400,0,0,0,0,0,0,0,0,0,0,0,0,0,3,
202155803,482197227,163559145,10,3,0,0,10,0,66,400,0,0,0,0,0,0,0,0,0,0,0,0,0,3,
202362171,482196896,163558786,10,3,0,0,10,0,66,400,0,0,0,0,0,0,0,0,0,0,0,0,0,3,
202573652,482196559,163558422,10,3,0,0,10,0,66,400,0,0,0,0,0,0,0,0,0,0,0,0,0,3,
202780575,482196219,163558057,10,3,0,0,10,0,66,400,0,0,0,0,0,0,0,0,0,0,0,0,0,3,
203003232,482195886,163557695,10,3,0,0,10,0,66,400,0,0,0,0,0,0,0,0,0,0,0,0,0,3,
203214180,482195550,163557328,10,3,0,0,10,0,66,400,0,0,0,0,0,0,0,0,0,0,0,0,0,3,
203419748,482195213,163556957,10,3,0,0,10,0,66,400,0,0,0,0,0,0,0,0,0,0,0,0,0,3,
203624563,482194882,163556595,10,3,0,0,10,0,66,400,0,0,0,0,0,0,0,0,0,0,0,0,0,3,
203835980,482194553,163556231,10,3,0,0,10,0,66,400,0,0,0,0,0,0,0,0,0,0,0,0,0,3,
204044425,482194225,163555866,10,3,0,0,10,0,66,400,0,0,0,0,0,0,0,0,0,0,0,0,0,3,
204248117,482193895,163555501,10,3,0,0,10,0,66,400,0,0,0,0,0,0,0,0,0,0,0,0,0,3,
204463789,482193566,163555135,10,3,0,0,10,0,66,400,0,0,0,0,0,0,0,0,0,0,0,0,0,3,
204663777,482193240,163554772,10,3,0,0,10,0,66,400,0,0,0,0,0,0,0,0,0,0,0,0,0,3,
204878469,482192916,163554408,10,3,0,0,10,0,66,400,0,0,0,0,0,0,0,0,0,0,0,0,0,3,
205084046,482192593,163554041,10,3,0,0,10,0,66,400,0,0,0,0,0,0,0,0,0,0,0,0,0,3,
205289587,482192269,163553678,10,3,0,0,10,0,66,400,0,0,0,0,0,0,0,0,0,0,0,0,0,3,
205494797,482191946,163553316,10,3,0,0,10,0,66,400,0,0,0,0,0,0,0,0,0,0,0,0,0,3,
205708802,482191622,163552952,10,3,0,0,10,0,66,400,0,0,0,0,0,0,0,0,0,0,0,0,0,3,
205928243,482191294,163552585,10,3,0,0,10,0,66,400,0,0,0,0,0,0,0,0,0,0,0,0,0,3,
206136584,482190965,163552219,10,3,0,0,10,0,66,400,0,0,0,0,0,0,0,0,0,0,0,0,0,3,
206345228,482190639,163551857,10,3,0,0,10,0,66,400,0,0,0,0,0,0,0,0,0,0,0,0,0,3,
206552546,482190320,163551500,10,3,0,0,10,0,66,400,0,0,0,0,0,0,0,0,0,0,0,0,0,3,
206759645,482189995,163551140,10,3,0,0,10,0,66,400,0,0,0,0,0,0,0,0,0,0,0,0,0,3,
206967601,482189669,163550782,10,3,0,0,10,0,66,400,0,0,0,0,0,0,0,0,0,0,0,0,0,3,
207176494,482189337,163550424,10,3,0,0,10,0,66,400,0,0,0,0,0,0,0,0,0,0,0,0,0,3,
207377754,482189000,163550061,10,3,0,0,10,0,66,400,0,0,0,0,0,0,0,0,0,0,0,0,0,3,
207583367,482188666,163549699,10,3,0,0,10,0,66,400,0,0,0,0,0,0,0,0,0,0,0,0,0,3,
207791440,482188334,163549344,10,3,0,0,10,0,66,400,0,0,0,0,0,0,0,0,0,0,0,0,0,3,
207995859,482188002,163548989,10,3,0,0,10,0,21,400,0,0,0,0,0,1,0,0,0,0,0,0,0,3,
208201746,482187668,163548627,10,3,0,0,10,0,21,400,0,0,0,0,0,0,0,0,0,0,0,0,0,3,
208410074,482187339,163548268,10,3,0,0,10,0,21,400,0,0,0,0,0,0,0,0,0,0,0,0,0,3,
208616120,482187006,163547914,10,3,0,0,10,0,21,400,0,0,0,0,0,0,0,0,0,0,0,0,0,3,
208821810,482186672,163547561,10,3,0,0,10,0,21,400,0,0,0,0,0,0,0,0,0,0,0,0,0,3,
209030410,482186343,163547213,10,3,0,0,10,0,21,400,0,0,0,0,0,0,0,0,0,0,0,0,0,3,
209237159,482186013,163546869,10,3,0,0,10,0,21,400,0,0,0,0,0,0,0,0,0,0,0,0,0,3,
209446639,482185679,163546520,10,3,0,0,10,0,21,400,0,0,0,0,0,0,0,0,0,0,0,0,0,3,
209660359,482185344,163546170,10,3,0,0,10,0,21,400,0,0,0,0,0,0,0,0,0,0,0,0,0,3,
209864148,482185011,163545822,10,3,0,0,10,0,21,400,0,0,0,0,0,0,0,0,0,0,0,0,0,3,
210069039,482184681,163545477,10,3,0,0,10,0,21,400,0,0,0,0,0,0,0,0,0,0,0,0,0,3,
210276352,482184352,163545131,10,3,0,0,10,0,21,400,0,0,0,0,0,0,0,0,0,0,0,0,0,3,
210483331,482184021,163544780,10,3,0,0,10,0,21,400,0,0,0,0,0,0,0,0,0,0,0,0,0,3,
210688697,482183683,163544426,10,3,0,0,10,0,21,400,0,0,0,0,0,0,0,0,0,0,0,0,0,3,
210894786,482183343,163544077,10,3,0,0,10,0,21,400,0,0,0,0,0,0,0,0,0,0,0,0,0,3,
211101037,482183001,163543726,10,3,0,0,10,0,21,400,0,0,0,0,0,0,0,0,0,0,0,0,0,3,
211306875,482182656,163543375,10,3,0,0,10,0,21,400,0,0,0,0,0,0,0,0,0,0,0,0,0,3,
211513179,482182314,163543028,10,3,0,0,10,0,21,400,0,0,0,0,0,0,0,0,0,0,0,0,0,3,
211719198,482181972,163542685,10,3,0,0,10,0,21,400,0,0,0,0,0,0,0,0,0,0,0,0,0,3,
211926427,482181630,163542344,10,3,0,0,10,0,21,400,0,0,0,0,0,0,0,0,0,0,0,0,0,3,
212134668,482181291,163542006,10,3,0,0,10,0,21,400,0,0,0,0,0,0,0,0,0,0,0,0,0,3,
212340510,482180951,163541672,10,3,0,0,10,0,21,400,0,0,0,0,0,0,0,0,0,0,0,0,0,3,
212553478,482180614,163541343,10,3,0,0,10,0,21,400,0,0,0,0,0,0,0,0,0,0,0,0,0,3,
212761156,482180274,163541015,10,3,0,0,10,0,21,400,0,0,0,0,0,0,0,0,0,0,0,0,0,3,
212969443,482179934,163540683,10,3,0,0,10,0,43,400,0,0,0,1,0,0,0,0,0,0,0,0,0,3,
213175828,482179599,163540357,10,3,0,0,10,0,43,400,0,0,0,0,0,0,0,0,0,0,0,0,0,3,
213381569,482179264,163540026,10,3,0,0,10,0,43,400,0,0,0,0,0,0,0,0,0,0,0,0,0,3,
213584653,482178930,163539690,10,3,0,0,10,0,43,400,0,0,0,0,0,0,0,0,0,0,0,0,0,3,
213790306,482178600,163539354,10,3,0,0,10,0,43,400,0,0,0,0,0,0,0,0,0,0,0,0,0,3,
213995696,482178271,163539017,10,3,0,0,10,0,43,400,0,0,0,0,0,0,0,0,0,0,0,0,0,3,
214199862,482177940,163538679,10,3,0,0,10,0,43,400,0,0,0,0,0,0,0,0,0,0,0,0,0,3,
214411388,482177609,163538344,10,3,0,0,10,0,43,400,0,0,0,0,0,0,0,0,0,0,0,0,0,3,
214617064,482177279,163538007,10,3,0,0,10,0,43,400,0,0,0,0,0,0,0,0,0,0,0,0,0,3,
214820577,482176948,163537669,10,3,0,0,10,0,43,400,0,0,0,0,0,0,0,0,0,0,0,0,0,3,
215026618,482176620,163537332,10,3,0,0,10,0,43,400,0,0,0,0,0,0,0,0,0,0,0,0,0,3,
215231523,482176293,163536994,10,3,0,0,10,0,43,400,0,0,0,0,0,0,0,0,0,0,0,0,0,3,
215436742,482175965,163536657,10,3,0,0,10,0,43,400,0,0,0,0,0,0,0,0,0,0,0,0,0,3,
215642234,482175636,163536317,10,3,0,0,10,0,43,400,0,0,0,0,0,0,0,0,0,0,0,0,0,3,
215849009,482175307,163535970,10,3,0,0,10,0,43,400,0,0,0,0,0,0,0,0,0,0,0,0,0,3,
216054541,482174978,163535623,10,3,0,0,10,0,43,400,0,0,0,0,0,0,0,0,0,0,0,0,0,3,
216259235,482174647,163535277,10,3,0,0,10,0,43,400,0,0,0,0,0,0,0,0,0,0,0,0,0,3,
216464174,482174314,163534927,10,3,0,0,10,0,43,400,0,0,0,0,0,0,0,0,0,0,0,0,0,3,
216670088,482173982,163534575,10,3,0,0,10,0,43,400,0,0,0,0,0,0,0,0,0,0,0,0,0,3,
216875390,482173651,163534223,10,3,0,0,10,0,43,400,0,0,0,0,0,0,0,0,0,0,0,0,0,3,
217084638,482173318,163533874,10,3,0,0,10,0,43,400,0,0,0,0,0,0,0,0,0,0,0,0,0,3,
217289940,482172987,163533527,10,3,0,0,10,0,43,400,0,0,0,0,0,0,0,0,0,0,0,0,0,3,
217493578,482172657,163533182,10,3,0,0,10,0,43,400,0,0,0,0,0,0,0,0,0,0,0,0,0,3,
217700038,482172325,163532837,10,3,0,0,10,0,43,400,0,0,0,0,0,0,0,0,0,0,0,0,0,3,
217905028,482171989,163532490,10,3,0,0,10,0,43,400,0,0,0,0,0,0,0,0,0,0,0,0,0,3,
218111139,482171650,163532140,10,3,0,0,10,0,43,400,0,0,0,0,0,0,0,0,0,0,0,0,0,3,
218317970,482171309,163531789,10,3,0,0,10,0,43,400,0,0,0,0,0,0,0,0,0,0,0,0,0,3,
218522193,482170964,163531442,10,3,0,0,10,0,43,400,0,0,0,0,0,0,0,0,0,0,0,0,0,3,
218728130,482170614,163531089,10,3,0,0,10,0,43,400,0,0,0,0,0,0,0,0,0,0,0,0,0,3,
218934049,482170265,163530739,10,3,0,0,10,0,43,400,0,0,0,0,0,0,0,0,0,0,0,0,0,3,
219137809,482169919,163530396,10,3,0,0,10,0,43,400,0,0,0,0,0,0,0,0,0,0,0,0,0,3,
219342673,482169576,163530056,10,3,0,0,10,0,43,400,0,0,0,0,0,0,0,0,0,0,0,0,0,3,
219549086,482169230,163529717,10,3,0,0,10,0,43,400,0,0,0,0,0,0,0,0,0,0,0,0,0,3,
219759807,482168885,163529382,10,3,0,0,10,0,43,400,0,0,0,0,0,0,0,0,0,0,0,0,0,3,
219964226,482168546,163529050,10,3,0,0,10,0,43,400,0,0,0,0,0,0,0,0,0,0,0,0,0,3,
220174124,482168208,163528716,10,3,0,0,10,0,43,400,0,0,0,0,0,0,0,0,0,0,0,0,0,3,
220382447,482167870,163528384,10,3,0,0,10,0,43,400,0,0,0,0,0,0,0,0,0,0,0,0,0,3,
220608561,482167528,163528046,10,3,0,0,10,0,43,400,0,0,0,0,0,0,0,0,0,0,0,0,0,3,
220821849,482167184,163527700,10,3,0,0,10,0,43,400,0,0,0,0,0,0,0,0,0,0,0,0,0,3,
221025735,482166835,163527353,10,3,0,0,10,0,43,400,0,0,0,0,0,0,0,0,0,0,0,0,0,3,
221231495,482166496,163527012,10,3,0,0,10,0,43,400,0,0,0,0,0,0,0,0,0,0,0,0,0,3,
221437337,482166160,163526663,10,3,0,0,10,0,43,400,0,0,0,0,0,0,0,0,0,0,0,0,0,3,
221650901,482165819,163526309,10,3,0,0,10,0,43,400,0,0,0,0,0,0,0,0,0,0,0,0,0,3,
221865750,482165469,163525945,10,3,0,0,10,0,43,400,0,0,0,0,0,0,0,0,0,0,0,0,0,3,
222093898,482165126,163525581,10,3,0,0,10,0,43,400,0,0,0,0,0,0,0,0,0,0,0,0,0,3,
222309172,482164785,163525212,10,3,0,0,10,0,43,400,0,0,0,0,0,0,0,0,0,0,0,0,0,3,
222518167,482164436,163524835,10,3,0,0,10,0,43,400,0,0,0,0,0,0,0,0,0,0,0,0,0,3,
222744105,482164092,163524466,10,3,0,0,10,0,43,400,0,0,0,0,0,0,0,0,0,0,0,0,0,3,
222951460,482163756,163524098,10,3,0,0,10,0,43,400,0,0,0,0,0,0,0,0,0,0,0,0,0,3,
223158563,482163411,163523715,10,3,0,0,10,0,43,400,0,0,0,0,0,0,0,0,0,0,0,0,0,3,
223363307,482163066,163523332,10,3,0,0,10,0,43,400,0,0,0,0,0,0,0,0,0,0,0,0,0,3,
223588994,482162721,163522946,10,3,0,0,10,0,43,400,0,0,0,0,0,0,0,0,0,0,0,0,0,3,
223796192,482162374,163522555,10,3,0,0,10,0,43,400,0,0,0,0,0,0,0,0,0,0,0,0,0,3,
224001725,482162024,163522159,10,3,0,0,10,0,43,400,0,0,0,0,0,0,0,0,0,0,0,0,0,3,
224205538,482161683,163521775,10,3,0,0,10,0,43,400,0,0,0,0,0,0,0,0,0,0,0,0,0,3,
224417042,482161341,163521387,10,3,0,0,10,0,43,400,0,0,0,0,0,0,0,0,0,0,0,0,0,3,
224624100,482161002,163520991,10,3,0,0,10,0,43,400,0,0,0,0,0,0,0,0,0,0,0,0,0,3,
224830288,482160663,163520597,10,3,0,0,10,0,43,400,0,0,0,0,0,0,0,0,0,0,0,0,0,3,
225035826,482160320,163520200,10,3,0,0,10,0,43,400,0,0,0,0,0,0,0,0,0,0,0,0,0,3,
225258454,482159982,163519805,10,3,0,0,10,0,43,400,0,0,0,0,0,0,0,0,0,0,0,0,0,3,
225465691,482159645,163519410,10,3,0,0,10,0,43,400,0,0,0,0,0,0,0,0,0,0,0,0,0,3,
225671395,482159307,163519015,10,3,0,0,10,0,43,400,0,0,0,0,0,0,0,0,0,0,0,0,0,3,
225876413,482158975,163518630,10,3,0,0,10,0,43,400,0,0,0,0,0,0,0,0,0,0,0,0,0,3,
226081511,482158648,163518245,10,3,0,0,10,0,43,400,0,0,0,0,0,0,0,0,0,0,0,0,0,3,
226289002,482158319,163517861,10,3,0,0,10,0,43,400,0,0,0,0,0,0,0,0,0,0,0,0,0,3,
226494143,482157989,163517479,10,3,0,0,10,0,43,400,0,0,0,0,0,0,0,0,0,0,0,0,0,3,
226699364,482157659,163517100,10,3,0,0,10,0,43,400,0,0,0,0,0,0,0,0,0,0,0,0,0,3,
226905961,482157330,163516724,10,3,0,0,10,0,43,400,0,0,0,0,0,0,0,0,0,0,0,0,0,3,
227115924,482157002,163516352,10,3,0,0,10,0,21,400,0,0,0,0,0,1,0,0,0,0,0,0,0,3,
227323325,482156676,163515982,10,3,0,0,10,0,21,400,0,0,0,0,0,0,0,0,0,0,0,0,0,3,
227548169,482156347,163515611,10,3,0,0,10,0,21,400,0,0,0,0,0,0,0,0,0,0,0,0,0,3,
227762247,482156018,163515242,10,3,0,0,10,0,21,400,0,0,0,0,0,0,0,0,0,0,0,0,0,3,
227965647,482155698,163514884,10,3,0,0,10,0,21,400,0,0,0,0,0,0,0,0,0,0,0,0,0,3,
228176573,482155375,163514526,10,3,0,0,10,0,40,400,0,0,0,0,1,0,0,0,0,0,0,0,0,3,
228386946,482155043,163514159,10,3,0,0,10,0,40,400,0,0,0,0,0,0,0,0,0,0,0,0,0,3,
228594848,482154707,163513789,10,3,0,0,10,0,40,400,0,0,0,0,0,0,0,0,0,0,0,0,0,3,
228815592,482154375,163513428,10,3,0,0,10,0,40,400,0,0,0,0,0,0,0,0,0,0,0,0,0,3,
229032956,482154038,163513064,10,3,0,0,10,0,40,400,0,0,0,0,0,0,0,0,0,0,0,0,0,3,
229240287,482153693,163512691,10,3,0,0,10,0,40,400,0,0,0,0,0,0,0,0,0,0,0,0,0,3,
229455412,482153346,163512313,10,3,0,0,10,0,40,400,0,0,0,0,0,0,0,0,0,0,0,0,0,3,
229667925,482153002,163511943,10,3,0,0,10,0,40,400,0,0,0,0,1,0,0,0,0,0,0,0,0,3,
229874004,482152652,163511567,10,3,0,0,10,0,40,400,0,0,0,0,0,0,0,0,0,0,0,0,0,3,
230080992,482152305,163511193,10,3,0,0,10,0,40,400,0,0,0,0,0,0,0,0,0,0,0,0,0,3,
230313181,482151953,163510817,10,3,0,0,10,0,40,400,0,0,0,0,0,0,0,0,0,0,0,0,0,3,
230518808,482151597,163510439,10,3,0,0,10,0,40,400,0,0,0,0,0,0,0,0,0,0,0,0,0,3,
230734458,482151237,163510060,10,3,0,0,10,0,40,400,0,0,0,0,1,0,0,0,0,0,0,0,0,3,
230947493,482150879,163509685,10,3,0,0,10,0,40,400,0,0,0,0,0,0,0,0,0,0,0,0,0,3,
231152437,482150516,163509309,10,3,0,0,10,0,40,400,0,0,0,0,1,0,0,0,0,0,0,0,0,3,
231367276,482150150,163508933,10,3,0,0,10,0,66,400,0,0,0,0,2,0,0,0,0,0,0,0,0,3,
231576169,482149785,163508555,10,3,0,0,10,0,66,400,0,0,0,0,0,0,0,0,0,0,0,0,0,3,
231779126,482149423,163508180,10,3,0,0,10,0,66,400,0,0,0,0,0,0,0,0,0,0,0,0,0,3,
231986049,482149067,163507813,10,3,0,0,10,0,66,400,0,0,0,0,0,0,0,0,0,0,0,0,0,3,
232194145,482148705,163507442,10,3,0,0,10,0,66,400,0,0,0,0,0,0,0,0,0,0,0,0,0,3,
232397265,482148346,163507073,10,3,0,0,10,0,66,400,0,0,0,0,0,0,0,0,0,0,0,0,0,3,
232604256,482147994,163506711,10,3,0,0,10,0,66,400,0,0,0,0,0,0,0,0,0,0,0,0,0,3,
232820216,482147644,163506347,10,3,0,0,10,0,66,400,0,0,0,0,0,0,0,0,0,0,0,0,0,3,
233026898,482147296,163505981,10,3,0,0,10,0,66,400,0,0,0,0,0,0,0,0,0,0,0,0,0,3,
233231428,482146948,163505613,10,3,0,0,10,0,66,400,0,0,0,0,0,0,0,0,0,0,0,0,0,3,
233437267,482146607,163505252,10,3,0,0,10,0,66,400,0,0,0,0,0,0,0,0,0,0,0,0,0,3,
233643499,482146272,163504888,10,3,0,0,10,0,66,400,0,0,0,0,0,0,0,0,0,0,0,0,0,3,
233851689,482145939,163504526,10,3,0,0,10,0,66,400,0,0,0,0,0,0,0,0,0,0,0,0,0,3,
234058466,482145608,163504158,10,3,0,0,10,0,66,400,0,0,0,0,0,0,0,0,0,0,0,0,0,3,
234267038,482145276,163503785,10,3,0,0,10,0,66,400,0,0,0,0,0,0,0,0,0,0,0,0,0,3,
234473320,482144947,163503418,10,3,0,0,10,0,66,400,0,0,0,0,0,0,0,0,0,0,0,0,0,3,
234689147,482144615,163503048,10,3,0,0,10,0,66,400,0,0,0,0,0,0,0,0,0,0,0,0,0,3,
234892193,482144287,163502681,10,3,0,0,10,0,66,400,0,0,0,0,0,0,0,0,0,0,0,0,0,3,
235097283,482143961,163502317,10,3,0,0,10,0,66,400,0,0,0,0,0,0,0,0,0,0,0,0,0,3,
235307477,482143632,163501956,10,3,0,0,10,0,66,400,0,0,0,0,0,0,0,0,0,0,0,0,0,3,
235511733,482143308,163501603,10,3,0,0,10,0,66,400,0,0,0,0,0,0,0,0,0,0,0,0,0,3,
235718158,482142984,163501245,10,3,0,0,10,0,66,400,0,0,0,0,0,0,0,0,0,0,0,0,0,3,
235933103,482142652,163500881,10,3,0,0,10,0,66,400,0,0,0,0,0,0,0,0,0,0,0,0,0,3,
236140079,482142320,163500518,10,3,0,0,10,0,66,400,0,0,0,0,0,0,0,0,0,0,0,0,0,3,
236362951,482141986,163500158,10,3,0,0,10,0,66,400,0,0,0,0,0,0,0,0,0,0,0,0,0,3,
236561706,482141652,163499802,10,3,0,0,10,0,66,400,0,0,0,0,0,0,0,0,0,0,0,0,0,3,
236774559,482141318,163499449,10,3,0,0,10,0,66,400,0,0,0,0,0,0,0,0,0,0,0,0,0,3,
236984475,482140984,163499096,10,3,0,0,10,0,66,400,0,0,0,0,0,0,0,0,0,0,0,0,0,3,
237189393,482140648,163498744,10,3,0,0,10,0,66,400,0,0,0,0,0,0,0,0,0,0,0,0,0,3,
237395793,482140308,163498390,10,3,0,0,10,0,66,400,0,0,0,0,0,0,0,0,0,0,0,0,0,3,
237605181,482139966,163498037,10,3,0,0,10,0,66,400,0,0,0,0,0,0,0,0,0,0,0,0,0,3,
237806813,482139626,163497688,10,3,0,0,10,0,66,400,0,0,0,0,0,0,0,0,0,0,0,0,0,3,
238022850,482139285,163497342,10,3,0,0,10,0,66,400,0,0,0,0,0,0,0,0,0,0,0,0,0,3,
238229985,482138942,163496988,10,3,0,0,10,0,66,400,0,0,0,0,0,0,0,0,0,0,0,0,0,3,
238435431,482138601,163496635,10,3,0,0,10,0,66,400,0,0,0,0,0,0,0,0,0,0,0,0,0,3,
238645593,482138264,163496287,10,3,0,0,10,0,66,400,0,0,0,0,0,0,0,0,0,0,0,0,0,3,
238852101,482137921,163495934,10,3,0,0,10,0,66,400,0,0,0,0,0,0,0,0,0,0,0,0,0,3,
239057337,482137576,163495583,10,3,0,0,10,0,66,400,0,0,0,0,0,0,0,0,0,0,0,0,0,3,
239265697,482137235,163495237,10,3,0,0,10,0,66,400,0,0,0,0,0,0,0,0,0,0,0,0,0,3,
239475313,482136887,163494888,10,3,0,0,10,0,66,400,0,0,0,0,0,0,0,0,0,0,0,0,0,3,
239686558,482136536,163494538,10,3,0,0,10,0,66,400,0,0,0,0,0,0,0,0,0,0,0,0,0,3,
239892708,482136191,163494194,10,3,0,0,10,0,66,400,0,0,0,0,0,0,0,0,0,0,0,0,0,3,
240105175,482135853,163493854,10,3,0,0,10,0,66,400,0,0,0,0,0,0,0,0,0,0,0,0,0,3,
240328594,482135509,163493510,10,3,0,0,10,0,66,400,0,0,0,0,0,0,0,0,0,0,0,0,0,3,
240533957,482135164,163493165,10,3,0,0,10,0,66,400,0,0,0,0,0,0,0,0,0,0,0,0,0,3,
240738731,482134824,163492822,10,3,0,0,10,0,66,400,0,0,0,0,0,0,0,0,0,0,0,0,0,3,
240946166,482134485,163492481,10,3,0,0,10,0,66,400,0,0,0,0,0,0,0,0,0,0,0,0,0,3,
241150925,482134141,163492133,10,3,0,0,10,0,66,400,0,0,0,0,0,0,0,0,0,0,0,0,0,3,
241364554,482133796,163491786,10,3,0,0,10,0,66,400,0,0,0,0,0,0,0,0,0,0,0,0,0,3,
241568036,482133448,163491436,10,3,0,0,10,0,66,400,0,0,0,0,0,0,0,0,0,0,0,0,0,3,
241770787,482133097,163491082,10,3,0,0,10,0,66,400,0,0,0,0,0,0,0,0,0,0,0,0,0,3,
241978097,482132749,163490735,10,3,0,0,10,0,66,400,0,0,0,0,0,0,0,0,0,0,0,0,0,3,
242185551,482132405,163490395,10,3,0,0,10,0,66,400,0,0,0,0,0,0,0,0,0,0,0,0,0,3,
242390749,482132060,163490056,10,3,0,0,10,0,66,400,0,0,0,0,0,0,0,0,0,0,0,0,0,3,
242600270,482131715,163489717,10,3,0,0,10,0,66,400,0,0,0,0,0,0,0,0,0,0,0,0,0,3,
242804427,482131369,163489378,10,3,0,0,10,0,66,400,0,0,0,0,0,0,0,0,0,0,0,0,0,3,
243010269,482131024,163489034,10,3,0,0,10,0,66,400,0,0,0,0,0,0,0,0,0,0,0,0,0,3,
243216204,482130683,163488694,10,3,0,0,10,0,66,400,0,0,0,0,0,0,0,0,0,0,0,0,0,3,
243423303,482130345,163488351,10,3,0,0,10,0,66,400,0,0,0,0,0,0,0,0,0,0,0,0,0,3,
243641582,482130009,163488004,10,3,0,0,10,0,66,400,0,0,0,0,0,0,0,0,0,0,0,0,0,3,
243851517,482129675,163487654,10,3,0,0,10,0,66,400,0,0,0,0,0,0,0,0,0,0,0,0,0,3,
244058672,482129339,163487293,10,3,0,0,10,0,66,400,0,0,0,0,0,0,0,0,0,0,0,0,0,3,
244269277,482129010,163486936,10,3,0,0,10,0,66,400,0,0,0,0,0,0,0,0,0,0,0,0,0,3,
244483468,482128684,163486575,10,3,0,0,10,0,66,400,0,0,0,0,0,0,0,0,0,0,0,0,0,3,
244690976,482128350,163486199,10,3,0,0,10,0,66,400,0,0,0,0,0,0,0,0,0,0,0,0,0,3,
244899520,482128020,163485822,10,3,0,0,10,0,66,400,0,0,0,0,0,0,0,0,0,0,0,0,0,3,
245101512,482127685,163485436,10,3,0,0,10,0,66,400,0,0,0,0,0,0,0,0,0,0,0,0,0,3,
245311553,482127351,163485045,10,3,0,0,10,0,66,400,0,0,0,0,0,0,0,0,0,0,0,0,0,3,
245514520,482127020,163484649,10,3,0,0,10,0,66,400,0,0,0,0,0,0,0,0,0,0,0,0,0,3,
245719731,482126692,163484254,10,3,0,0,10,0,66,400,0,0,0,0,0,0,0,0,0,0,0,0,0,3,
245927795,482126362,163483859,10,3,0,0,10,0,66,400,0,0,0,0,0,0,0,0,0,0,0,0,0,3,
246135044,482126032,163483459,10,3,0,0,10,0,66,400,0,0,0,0,0,0,0,0,0,0,0,0,0,3,
246344108,482125702,163483054,10,3,0,0,10,0,66,400,0,0,0,0,0,0,0,0,0,0,0,0,0,3,
246560858,482125372,163482653,10,3,0,0,10,0,66,400,0,0,0,0,0,0,0,0,0,0,0,0,0,3,
246774614,482125046,163482257,10,3,0,0,10,0,66,400,0,0,0,0,0,0,0,0,0,0,0,0,0,3,
246982273,482124722,163481858,10,3,0,0,10,0,66,400,0,0,0,0,0,0,0,0,0,0,0,0,0,3,
247187703,482124396,163481458,10,3,0,0,10,0,66,400,0,0,0,0,0,0,0,0,0,0,0,0,0,3,
247396584,482124068,163481063,10,3,0,0,10,0,66,400,0,0,0,0,0,0,0,0,0,0,0,0,0,3,
247604990,482123738,163480670,10,3,0,0,10,0,66,400,0,0,0,0,0,0,0,0,0,0,0,0,0,3,
247811574,482123412,163480283,10,3,0,0,10,0,66,400,0,0,0,0,0,0,0,0,0,0,0,0,0,3,
248019857,482123092,163479902,10,3,0,0,10,0,66,400,0,0,0,0,0,0,0,0,0,0,0,0,0,3,
248227427,482122767,163479524,10,3,0,0,10,0,66,400,0,0,0,0,0,0,0,0,0,0,0,0,0,3,
248432320,482122437,163479146,10,3,0,0,10,0,66,400,0,0,0,0,0,0,0,0,0,0,0,0,0,3,
248638547,482122111,163478776,10,3,0,0,10,0,21,400,0,0,0,0,0,1,0,0,0,0,0,0,0,3,
248845687,482121782,163478410,10,3,0,0,10,0,21,400,0,0,0,0,0,0,0,0,0,0,0,0,0,3,
249051526,482121451,163478045,10,3,0,0,10,0,21,400,0,0,0,0,0,0,0,0,0,0,0,0,0,3,
249258016,482121118,163477683,10,3,0,0,10,0,21,400,0,0,0,0,0,0,0,0,0,0,0,0,0,3,
249464458,482120783,163477318,10,3,0,0,10,0,21,400,0,0,0,0,0,0,0,0,0,0,0,0,0,3,
249669686,482120448,163476958,10,3,0,0,10,0,21,400,0,0,0,0,0,0,0,0,0,0,0,0,0,3,
249874093,482120112,163476601,10,3,0,0,10,0,21,400,0,0,0,0,0,0,0,0,0,0,0,0,0,3,
250078403,482119776,163476245,10,3,0,0,10,0,21,400,0,0,0,0,0,0,0,0,0,0,0,0,0,3,
250286006,482119435,163475886,10,3,0,0,10,0,21,400,0,0,0,0,0,0,0,0,0,0,0,0,0,3,
250492775,482119091,163475532,10,3,0,0,10,0,21,400,0,0,0,0,0,0,0,0,0,0,0,0,0,3,
250700035,482118750,163475178,10,3,0,0,10,0,21,400,0,0,0,0,0,0,0,0,0,0,0,0,0,3,
250907500,482118406,163474821,10,3,0,0,10,0,21,400,0,0,0,0,0,0,0,0,0,0,0,0,0,3,
251112193,482118059,163474471,10,3,0,0,10,0,21,400,0,0,0,0,0,0,0,0,0,0,0,0,0,3,
251317626,482117718,163474128,10,3,0,0,10,0,21,400,0,0,0,0,0,0,0,0,0,0,0,0,0,3,
251523177,482117373,163473775,10,3,0,0,10,0,21,400,0,0,0,0,0,0,0,0,0,0,0,0,0,3,
251737212,482117028,163473425,10,3,0,0,10,0,21,400,0,0,0,0,0,0,0,0,0,0,0,0,0,3,
251942848,482116684,163473076,10,3,0,0,10,0,21,400,0,0,0,0,0,0,0,0,0,0,0,0,0,3,
252149597,482116341,163472728,10,3,0,0,10,0,21,400,0,0,0,0,0,0,0,0,0,0,0,0,0,3,
252355656,482116000,163472382,10,3,0,0,10,0,21,400,0,0,0,0,0,0,0,0,0,0,0,0,0,3,
252561638,482115657,163472040,10,3,0,0,10,0,21,400,0,0,0,0,0,0,0,0,0,0,0,0,0,3,
252767964,482115312,163471700,10,3,0,0,10,0,21,400,0,0,0,0,0,0,0,0,0,0,0,0,0,3,
252974938,482114968,163471366,10,3,0,0,10,0,21,400,0,0,0,0,0,0,0,0,0,0,0,0,0,3,
253181128,482114629,163471032,10,3,0,0,10,0,21,400,0,0,0,0,0,0,0,0,0,0,0,0,0,3,
253388189,482114290,163470694,10,3,0,0,10,0,21,400,0,0,0,0,0,0,0,0,0,0,0,0,0,3,
253591650,482113950,163470360,10,3,0,0,10,0,43,400,0,0,0,1,0,0,0,0,0,0,0,0,0,3,
253795581,482113614,163470029,10,3,0,0,10,0,43,400,0,0,0,0,0,0,0,0,0,0,0,0,0,3,
253999697,482113275,163469695,10,3,0,0,10,0,43,400,0,0,0,0,0,0,0,0,0,0,0,0,0,3,
254204141,482112932,163469362,10,3,0,0,10,0,43,400,0,0,0,0,0,0,0,0,0,0,0,0,0,3,
254409565,482112589,163469029,10,3,0,0,10,0,43,400,0,0,0,0,0,0,0,0,0,0,0,0,0,3,
254615673,482112246,163468695,10,3,0,0,10,0,43,400,0,0,0,0,0,0,0,0,0,0,0,0,0,3,
254823230,482111902,163468359,10,3,0,0,10,0,43,400,0,0,0,0,0,0,0,0,0,0,0,0,0,3,
255026130,482111556,163468024,10,3,0,0,10,0,43,400,0,0,0,0,0,0,0,0,0,0,0,0,0,3,
255232795,482111212,163467689,10,3,0,0,10,0,43,400,0,0,0,0,0,0,0,0,0,0,0,0,0,3,
255437954,482110871,163467357,10,3,0,0,10,0,43,400,0,0,0,0,0,0,0,0,0,0,0,0,0,3,
255643619,482110527,163467023,10,3,0,0,10,0,43,400,0,0,0,0,0,0,0,0,0,0,0,0,0,3,
255872370,482110182,163466685,10,3,0,0,10,0,43,400,0,0,0,0,0,0,0,0,0,0,0,0,0,3,
256073766,482109843,163466347,10,3,0,0,10,0,43,400,0,0,0,0,0,0,0,0,0,0,0,0,0,3,
256280540,482109505,163466011,10,3,0,0,10,0,43,400,0,0,0,0,0,0,0,0,0,0,0,0,0,3,
256485070,482109166,163465678,10,3,0,0,10,0,43,400,0,0,0,0,0,0,0,0,0,0,0,0,0,3,
256691731,482108825,163465344,10,3,0,0,10,0,43,400,0,0,0,0,0,0,0,0,0,0,0,0,0,3,
256897192,482108486,163465011,10,3,0,0,10,0,43,400,0,0,0,0,0,0,0,0,0,0,0,0,0,3,
257105764,482108147,163464673,10,3,0,0,10,0,43,400,0,0,0,0,0,0,0,0,0,0,0,0,0,3,
257313632,482107808,163464329,10,3,0,0,10,0,43,400,0,0,0,0,0,0,0,0,0,0,0,0,0,3,
257522068,482107471,163463986,10,3,0,0,10,0,43,400,0,0,0,0,0,0,0,0,0,0,0,0,0,3,
257725806,482107136,163463640,10,3,0,0,10,0,43,400,0,0,0,0,0,0,0,0,0,0,0,0,0,3,
257934257,482106807,163463289,10,3,0,0,10,0,43,400,0,0,0,0,0,0,0,0,0,0,0,0,0,3,
258140737,482106484,163462938,10,3,0,0,10,0,43,400,0,0,0,0,0,0,0,0,0,0,0,0,0,3,
258350753,482106158,163462575,10,3,0,0,10,0,43,400,0,0,0,0,0,0,0,0,0,0,0,0,0,3,
258555861,482105833,163462217,10,3,0,0,10,0,43,400,0,0,0,0,0,0,0,0,0,0,0,0,0,3,
258762834,482105514,163461859,10,3,0,0,10,0,43,400,0,0,0,0,0,0,0,0,0,0,0,0,0,3,
258967280,482105192,163461488,10,3,0,0,10,0,43,400,0,0,0,0,0,0,0,0,0,0,0,0,0,3,
259178772,482104868,163461108,10,3,0,0,10,0,43,400,0,0,0,0,0,0,0,0,0,0,0,0,0,3,
259387354,482104545,163460727,10,3,0,0,10,0,43,400,0,0,0,0,0,0,0,0,0,0,0,0,0,3,
259594351,482104221,163460345,10,3,0,0,10,0,43,400,0,0,0,0,0,0,0,0,0,0,0,0,0,3,
259799168,482103899,163459962,10,3,0,0,10,0,43,400,0,0,0,0,0,0,0,0,0,0,0,0,0,3,
260006424,482103578,163459576,10,3,0,0,10,0,43,400,0,0,0,0,0,0,0,0,0,0,0,0,0,3,
260210105,482103255,163459188,10,3,0,0,10,0,43,400,0,0,0,0,0,0,0,0,0,0,0,0,0,3,
260414979,482102930,163458803,10,3,0,0,10,0,43,400,0,0,0,0,0,0,0,0,0,0,0,0,0,3,
260625310,482102604,163458420,10,3,0,0,10,0,43,400,0,0,0,0,0,0,0,0,0,0,0,0,0,3,
260839441,482102279,163458039,10,3,0,0,10,0,43,400,0,0,0,0,0,0,0,0,0,0,0,0,0,3,
261048577,482101951,163457658,10,3,0,0,10,0,43,400,0,0,0,0,0,0,0,0,0,0,0,0,0,3,
261252479,482101627,163457282,10,3,0,0,10,0,43,400,0,0,0,0,0,0,0,0,0,0,0,0,0,3,
261457628,482101309,163456912,10,3,0,0,10,0,43,400,0,0,0,0,0,0,0,0,0,0,0,0,0,3,
261665422,482100989,163456544,10,3,0,0,10,0,43,400,0,0,0,0,0,0,0,0,0,0,0,0,0,3,
261871133,482100661,163456173,10,3,0,0,10,0,43,400,0,0,0,0,0,0,0,0,0,0,0,0,0,3,
262076937,482100332,163455802,10,3,0,0,10,0,43,400,0,0,0,0,0,0,0,0,0,0,0,0,0,3,
262281303,482100006,163455432,10,3,0,0,10,0,43,400,0,0,0,0,0,0,0,0,0,0,0,0,0,3,
262489082,482099678,163455063,10,3,0,0,10,0,43,400,0,0,0,0,0,0,0,0,0,0,0,0,0,3,
262698620,482099350,163454700,10,3,0,0,10,0,43,400,0,0,0,0,0,0,0,0,0,0,0,0,0,3,
262903566,482099017,163454341,10,3,0,0,10,0,43,400,0,0,0,0,0,0,0,0,0,0,0,0,0,3,
263107531,482098681,163453980,10,3,0,0,10,0,43,400,0,0,0,0,0,0,0,0,0,0,0,0,0,3,
263314047,482098344,163453620,10,3,0,0,10,0,43,400,0,0,0,0,0,0,0,0,0,0,0,0,0,3,
263520199,482098005,163453260,10,3,0,0,10,0,43,400,0,0,0,0,0,0,0,0,0,0,0,0,0,3,
263724373,482097662,163452904,10,3,0,0,10,0,43,400,0,0,0,0,0,0,0,0,0,0,0,0,0,3,
263930986,482097317,163452552,10,3,0,0,10,0,43,400,0,0,0,0,0,0,0,0,0,0,0,0,0,3,
264137160,482096972,163452204,10,3,0,0,10,0,43,400,0,0,0,0,0,0,0,0,0,0,0,0,0,3,
264343632,482096629,163451853,10,3,0,0,10,0,43,400,0,0,0,0,0,0,0,0,0,0,0,0,0,3,
264549474,482096285,163451500,10,3,0,0,10,0,43,400,0,0,0,0,0,0,0,0,0,0,0,0,0,3,
264756492,482095941,163451153,10,3,0,0,10,0,43,400,0,0,0,0,0,0,0,0,0,0,0,0,0,3,
264963562,482095596,163450806,10,3,0,0,10,0,43,400,0,0,0,0,0,0,0,0,0,0,0,0,0,3,
265167735,482095250,163450459,10,3,0,0,10,0,43,400,0,0,0,0,0,0,0,0,0,0,0,0,0,3,
265372628,482094907,163450114,10,3,0,0,10,0,43,400,0,0,0,0,0,0,0,0,0,0,0,0,0,3,
265576828,482094566,163449768,10,3,0,0,10,0,43,400,0,0,0,0,0,0,0,0,0,0,0,0,0,3,
265783653,482094224,163449424,10,3,0,0,10,0,43,400,0,0,0,0,0,0,0,0,0,0,0,0,0,3,
265990177,482093883,163449082,10,3,0,0,10,0,43,400,0,0,0,0,0,0,0,0,0,0,0,0,0,3,
266196769,482093540,163448736,10,3,0,0,10,0,43,400,0,0,0,0,0,0,0,0,0,0,0,0,0,3,
266402550,482093199,163448392,10,3,0,0,10,0,43,400,0,0,0,0,0,0,0,0,0,0,0,0,0,3,
266606207,482092858,163448051,10,3,0,0,10,0,43,400,0,0,0,0,0,0,0,0,0,0,0,0,0,3,
266811499,482092515,163447709,10,3,0,0,10,0,43,400,0,0,0,0,0,0,0,0,0,0,0,0,0,3,
267015465,482092174,163447368,10,3,0,0,10,0,43,400,0,0,0,0,0,0,0,0,0,0,0,0,0,3,
267220302,482091836,163447025,10,3,0,0,10,0,43,400,0,0,0,0,0,0,0,0,0,0,0,0,0,3,
267425962,482091496,163446683,10,3,0,0,10,0,43,400,0,0,0,0,0,0,0,0,0,0,0,0,0,3,
267633675,482091154,163446338,10,3,0,0,10,0,43,400,0,0,0,0,0,0,0,0,0,0,0,0,0,3,
267840528,482090810,163445991,10,3,0,0,10,0,21,400,0,0,0,0,0,1,0,0,0,0,0,0,0,3,
268047369,482090467,163445639,10,3,0,0,10,0,21,400,0,0,0,0,0,0,0,0,0,0,0,0,0,3,
268257452,482090128,163445289,10,3,0,0,10,0,21,400,0,0,0,0,0,0,0,0,0,0,0,0,0,3,
268477757,482089787,163444939,10,3,0,0,10,0,21,400,0,0,0,0,0,0,0,0,0,0,0,0,0,3,
268684753,482089449,163444590,10,3,0,0,10,0,40,400,0,0,0,0,1,0,0,0,0,0,0,0,0,3,
268896489,482089113,163444240,10,3,0,0,10,0,40,400,0,0,0,0,0,0,0,0,0,0,0,0,0,3,
269105151,482088774,163443885,10,3,0,0,10,0,40,400,0,0,0,0,0,0,0,0,0,0,0,0,0,3,
269317605,482088439,163443525,10,3,0,0,10,0,40,400,0,0,0,0,0,0,0,0,0,0,0,0,0,3,
269526019,482088105,163443163,10,3,0,0,10,0,40,400,0,0,0,0,0,0,0,0,0,0,0,0,0,3,
269747413,482087767,163442796,10,3,0,0,10,0,40,400,0,0,0,0,0,0,0,0,0,0,0,0,0,3,
269962373,482087429,163442428,10,3,0,0,10,0,40,400,0,0,0,0,0,0,0,0,0,0,0,0,0,3,
270170728,482087095,163442066,10,3,0,0,10,0,40,400,0,0,0,0,0,0,0,0,0,0,0,0,0,3,
270376690,482086758,163441705,10,3,0,0,10,0,40,400,0,0,0,0,1,0,0,0,0,0,0,0,0,3,
270584258,482086420,163441340,10,3,0,0,10,0,40,400,0,0,0,0,1,0,0,0,0,0,0,0,0,3,
270789146,482086082,163440975,10,3,0,0,10,0,40,400,0,0,0,0,0,0,0,0,0,0,0,0,0,3,
270998100,482085742,163440609,10,3,0,0,10,0,40,400,0,0,0,0,2,0,0,0,0,0,0,0,0,3,
271209957,482085403,163440246,10,3,0,0,10,0,66,400,0,0,0,0,1,0,0,0,0,0,0,0,0,3,
271427700,482085064,163439883,10,3,0,0,10,0,66,400,0,0,0,0,0,0,0,0,0,0,0,0,0,3,
271639934,482084728,163439526,10,3,0,0,10,0,66,400,0,0,0,0,0,0,0,0,0,0,0,0,0,3,
271858455,482084390,163439165,10,3,0,0,10,0,66,400,0,0,0,0,0,0,0,0,0,0,0,0,0,3,
272055899,482084054,163438806,10,3,0,0,10,0,66,400,0,0,0,0,0,0,0,0,0,0,0,0,0,3,
272271517,482083713,163438447,10,3,0,0,10,0,66,400,0,0,0,0,0,0,0,0,0,0,0,0,0,3,
272474008,482083370,163438081,10,3,0,0,10,0,66,400,0,0,0,0,0,0,0,0,0,0,0,0,0,3,
272681281,482083025,163437715,10,3,0,0,10,0,66,400,0,0,0,0,0,0,0,0,0,0,0,0,0,3,
272889458,482082683,163437351,10,3,0,0,10,0,66,400,0,0,0,0,0,0,0,0,0,0,0,0,0,3,
273096413,482082340,163436983,10,3,0,0,10,0,66,400,0,0,0,0,0,0,0,0,0,0,0,0,0,3,
273302610,482081996,163436615,10,3,0,0,10,0,66,400,0,0,0,0,0,0,0,0,0,0,0,0,0,3,
273510391,482081653,163436251,10,3,0,0,10,0,66,400,0,0,0,0,0,0,0,0,0,0,0,0,0,3,
273731420,482081312,163435887,10,3,0,0,10,0,66,400,0,0,0,0,0,0,0,0,0,0,0,0,0,3,
273950554,482080973,163435527,10,3,0,0,10,0,66,400,0,0,0,0,0,0,0,0,0,0,0,0,0,3,
274158493,482080631,163435162,10,3,0,0,10,0,66,400,0,0,0,0,0,0,0,0,0,0,0,0,0,3,
274366532,482080286,163434795,10,3,0,0,10,0,66,400,0,0,0,0,0,0,0,0,0,0,0,0,0,3,
274574203,482079947,163434433,10,3,0,0,10,0,66,400,0,0,0,0,0,0,0,0,0,0,0,0,0,3,
274782220,482079604,163434063,10,3,0,0,10,0,66,400,0,0,0,0,0,0,0,0,0,0,0,0,0,3,
274992125,482079256,163433686,10,3,0,0,10,0,66,400,0,0,0,0,0,0,0,0,0,0,0,0,0,3,
275199186,482078905,163433303,10,3,0,0,10,0,66,400,0,0,0,0,0,0,0,0,0,0,0,0,0,3,
275404097,482078556,163432927,10,3,0,0,10,0,66,400,0,0,0,0,0,0,0,0,0,0,0,0,0,3,
275612728,482078211,163432561,10,3,0,0,10,0,66,400,0,0,0,0,0,0,0,0,0,0,0,0,0,3,
275816673,482077859,163432192,10,3,0,0,10,0,66,400,0,0,0,0,0,0,0,0,0,0,0,0,0,3,
276022464,482077508,163431825,10,3,0,0,10,0,66,400,0,0,0,0,0,0,0,0,0,0,0,0,0,3,
276228026,482077154,163431453,10,3,0,0,10,0,66,400,0,0,0,0,0,0,0,0,0,0,0,0,0,3,
276440380,482076804,163431082,10,3,0,0,10,0,66,400,0,0,0,0,0,0,0,0,0,0,0,0,0,3,
276658543,482076455,163430716,10,3,0,0,10,0,66,400,0,0,0,0,0,0,0,0,0,0,0,0,0,3,
276870100,482076106,163430348,10,3,0,0,10,0,66,400,0,0,0,0,0,0,0,0,0,0,0,0,0,3,
277082939,482075756,163429981,10,3,0,0,10,0,66,400,0,0,0,0,0,0,0,0,0,0,0,0,0,3,
277293297,482075408,163429619,10,3,0,0,10,0,66,400,0,0,0,0,0,0,0,0,0,0,0,0,0,3,
277509300,482075065,163429263,10,3,0,0,10,0,66,400,0,0,0,0,0,0,0,0,0,0,0,0,0,3,
277714077,482074720,163428900,10,3,0,0,10,0,66,400,0,0,0,0,0,0,0,0,0,0,0,0,0,3,
277919438,482074376,163428533,10,3,0,0,10,0,66,400,0,0,0,0,0,0,0,0,0,0,0,0,0,3,
278130962,482074038,163428169,10,3,0,0,10,0,66,400,0,0,0,0,0,0,0,0,0,0,0,0,0,3,
278335492,482073696,163427807,10,3,0,0,10,0,66,400,0,0,0,0,0,0,0,0,0,0,0,0,0,3,
278542979,482073354,163427443,10,3,0,0,10,0,66,400,0,0,0,0,0,0,0,0,0,0,0,0,0,3,
278755340,482073017,163427084,10,3,0,0,10,0,66,400,0,0,0,0,0,0,0,0,0,0,0,0,0,3,
278975582,482072680,163426723,10,3,0,0,10,0,66,400,0,0,0,0,0,0,0,0,0,0,0,0,0,3,
279172216,482072346,163426363,10,3,0,0,10,0,66,400,0,0,0,0,0,0,0,0,0,0,0,0,0,3,
279379385,482072016,163426002,10,3,0,0,10,0,66,400,0,0,0,0,0,0,0,0,0,0,0,0,0,3,
279591940,482071682,163425641,10,3,0,0,10,0,66,400,0,0,0,0,0,0,0,0,0,0,0,0,0,3,
279801525,482071355,163425284,10,3,0,0,10,0,66,400,0,0,0,0,0,0,0,0,0,0,0,0,0,3,
280008416,482071026,163424923,10,3,0,0,10,0,66,400,0,0,0,0,0,0,0,0,0,0,0,0,0,3,
280217706,482070695,163424555,10,3,0,0,10,0,66,400,0,0,0,0,0,0,0,0,0,0,0,0,0,3,
280422365,482070370,163424190,10,3,0,0,10,0,66,400,0,0,0,0,0,0,0,0,0,0,0,0,0,3,
280629311,482070041,163423820,10,3,0,0,10,0,66,400,0,0,0,0,0,0,0,0,0,0,0,0,0,3,
280835054,482069712,163423444,10,3,0,0,10,0,66,400,0,0,0,0,0,0,0,0,0,0,0,0,0,3,
281043393,482069385,163423070,10,3,0,0,10,0,66,400,0,0,0,0,0,0,0,0,0,0,0,0,0,3,
281252964,482069057,163422699,10,3,0,0,10,0,66,400,0,0,0,0,0,0,0,0,0,0,0,0,0,3,
281466955,482068725,163422328,10,3,0,0,10,0,66,400,0,0,0,0,0,0,0,0,0,0,0,0,0,3,
281666321,482068397,163421956,10,3,0,0,10,0,66,400,0,0,0,0,0,0,0,0,0,0,0,0,0,3,
281881040,482068076,163421591,10,3,0,0,10,0,66,400,0,0,0,0,0,0,0,0,0,0,0,0,0,3,
282085441,482067751,163421224,10,3,0,0,10,0,66,400,0,0,0,0,0,0,0,0,0,0,0,0,0,3,
282293167,482067419,163420847,10,3,0,0,10,0,66,400,0,0,0,0,0,0,0,0,0,0,0,0,0,3,
282499466,482067088,163420472,10,3,0,0,10,0,66,400,0,0,0,0,0,0,0,0,0,0,0,0,0,3,
282702134,482066756,163420103,10,3,0,0,10,0,66,400,0,0,0,0,0,0,0,0,0,0,0,0,0,3,
282906732,482066423,163419736,10,3,0,0,10,0,66,400,0,0,0,0,0,0,0,0,0,0,0,0,0,3,
283118409,482066088,163419367,10,3,0,0,10,0,66,400,0,0,0,0,0,0,0,0,0,0,0,0,0,3,
283319121,482065752,163419000,10,3,0,0,10,0,66,400,0,0,0,0,0,0,0,0,0,0,0,0,0,3,
283548308,482065418,163418635,10,3,0,0,10,0,66,400,0,0,0,0,0,0,0,0,0,0,0,0,0,3,
283759084,482065083,163418268,10,3,0,0,10,0,66,400,0,0,0,0,0,0,0,0,0,0,0,0,0,3,
283974131,482064744,163417899,10,3,0,0,10,0,66,400,0,0,0,0,0,0,0,0,0,0,0,0,0,3,
284172047,482064413,163417544,10,3,0,0,10,0,66,400,0,0,0,0,0,0,0,0,0,0,0,0,0,3,
284376965,482064077,163417184,10,3,0,0,10,0,66,400,0,0,0,0,0,0,0,0,0,0,0,0,0,3,
284592771,482063740,163416826,10,3,0,0,10,0,66,400,0,0,0,0,0,0,0,0,0,0,0,0,0,3,
284822169,482063409,163416473,10,3,0,0,10,0,66,400,0,0,0,0,0,0,0,0,0,0,0,0,0,3,
285034475,482063073,163416113,10,3,0,0,10,0,66,400,0,0,0,0,0,0,0,0,0,0,0,0,0,3,
285236042,482062740,163415756,10,3,0,0,10,0,66,400,0,0,0,0,0,0,0,0,0,0,0,0,0,3,
285442341,482062408,163415402,10,3,0,0,10,0,66,400,0,0,0,0,0,0,0,0,0,0,0,0,0,3,
285647964,482062070,163415042,10,3,0,0,10,0,66,400,0,0,0,0,0,0,0,0,0,0,0,0,0,3,
285855018,482061732,163414680,10,3,0,0,10,0,66,400,0,0,0,0,0,0,0,0,0,0,0,0,0,3,
286059811,482061393,163414317,10,3,0,0,10,0,66,400,0,0,0,0,0,0,0,0,0,0,0,0,0,3,
286274389,482061051,163413954,10,3,0,0,10,0,66,400,0,0,0,0,0,0,0,0,0,0,0,0,0,3,
286481040,482060711,163413594,10,3,0,0,10,0,66,400,0,0,0,0,0,0,0,0,0,0,0,0,0,3,
286687797,482060370,163413232,10,3,0,0,10,0,66,400,0,0,0,0,0,0,0,0,0,0,0,0,0,3,
286896340,482060031,163412868,10,3,0,0,10,0,66,400,0,0,0,0,0,0,0,0,0,0,0,0,0,3,
287111271,482059691,163412504,10,3,0,0,10,0,66,400,0,0,0,0,0,0,0,0,0,0,0,0,0,3,
287306506,482059352,163412142,10,3,0,0,10,0,66,400,0,0,0,0,0,0,0,0,0,0,0,0,0,3,
287513076,482059011,163411784,10,3,0,0,10,0,66,400,0,0,0,0,0,0,0,0,0,0,0,0,0,3,
287720128,482058667,163411423,10,3,0,0,10,0,66,400,0,0,0,0,0,0,0,0,0,0,0,0,0,3,
287925144,482058322,163411062,10,3,0,0,10,0,66,400,0,0,0,0,0,0,0,0,0,0,0,0,0,3,
288134995,482057977,163410707,10,3,0,0,10,0,66,400,0,0,0,0,0,0,0,0,0,0,0,0,0,3,
288341570,482057631,163410352,10,3,0,0,10,0,66,400,0,0,0,0,0,0,0,0,0,0,0,0,0,3,
288546793,482057288,163409999,10,3,0,0,10,0,66,400,0,0,0,0,0,0,0,0,0,0,0,0,0,3,
288750768,482056948,163409649,10,3,0,0,10,0,66,400,0,0,0,0,0,0,0,0,0,0,0,0,0,3,
288956451,482056608,163409300,10,3,0,0,10,0,66,400,0,0,0,0,0,0,0,0,0,0,0,0,0,3,
289162011,482056268,163408948,10,3,0,0,10,0,66,400,0,0,0,0,0,0,0,0,0,0,0,0,0,3,
289369204,482055930,163408594,10,3,0,0,10,0,66,400,0,0,0,0,0,0,0,0,0,0,0,0,0,3,
289574808,482055597,163408243,10,3,0,0,10,0,66,400,0,0,0,0,0,0,0,0,0,0,0,0,0,3,
289785189,482055266,163407898,10,3,0,0,10,0,66,400,0,0,0,0,0,0,0,0,0,0,0,0,0,3,
289990640,482054927,163407547,10,3,0,0,10,0,66,400,0,0,0,0,0,0,0,0,0,0,0,0,0,3,
290197231,482054591,163407194,10,3,0,0,10,0,66,400,0,0,0,0,0,0,0,0,0,0,0,0,0,3,
290403698,482054256,163406838,10,3,0,0,10,0,66,400,0,0,0,0,0,0,0,0,0,0,0,0,0,3,
290615154,482053922,163406485,10,3,0,0,10,0,66,400,0,0,0,0,0,0,0,0,0,0,0,0,0,3,
290821731,482053582,163406131,10,3,0,0,10,0,66,400,0,0,0,0,0,0,0,0,0,0,0,0,0,3,
291027603,482053246,163405777,10,3,0,0,10,0,66,400,0,0,0,0,0,0,0,0,0,0,0,0,0,3,
291236427,482052913,163405421,10,3,0,0,10,0,66,400,0,0,0,0,0,0,0,0,0,0,0,0,0,3,
291436498,482052580,163405059,10,3,0,0,10,0,66,400,0,0,0,0,0,0,0,0,0,0,0,0,0,3,
291642279,482052243,163404689,10,3,0,0,10,0,66,400,0,0,0,0,0,0,0,0,0,0,0,0,0,3,
291852202,482051906,163404320,10,3,0,0,10,0,66,400,0,0,0,0,0,0,0,0,0,0,0,0,0,3,
292057733,482051569,163403954,10,3,0,0,10,0,66,400,0,0,0,0,0,0,0,0,0,0,0,0,0,3,
292268196,482051231,163403584,10,3,0,0,10,0,66,400,0,0,0,0,0,0,0,0,0,0,0,0,0,3,
292476613,482050894,163403213,10,3,0,0,10,0,66,400,0,0,0,0,0,0,0,0,0,0,0,0,0,3,
292681602,482050559,163402843,10,3,0,0,10,0,66,400,0,0,0,0,0,0,0,0,0,0,0,0,0,3,
292885764,482050226,163402474,10,3,0,0,10,0,66,400,0,0,0,0,0,0,0,0,0,0,0,0,0,3,
293096843,482049892,163402102,10,3,0,0,10,0,66,400,0,0,0,0,0,0,0,0,0,0,0,0,0,3,
293301361,482049556,163401726,10,3,0,0,10,0,66,400,0,0,0,0,0,0,0,0,0,0,0,0,0,3,
293508048,482049218,163401349,10,3,0,0,10,0,66,400,0,0,0,0,0,0,0,0,0,0,0,0,0,3,
293716262,482048886,163400979,10,3,0,0,10,0,66,400,0,0,0,0,0,0,0,0,0,0,0,0,0,3,
293925195,482048552,163400605,10,3,0,0,10,0,66,400,0,0,0,0,0,0,0,0,0,0,0,0,0,3,
294126165,482048216,163400229,10,3,0,0,10,0,66,400,0,0,0,0,0,0,0,0,0,0,0,0,0,3,
294332418,482047885,163399856,10,3,0,0,10,0,66,400,0,0,0,0,0,0,0,0,0,0,0,0,0,3,
294538010,482047555,163399480,10,3,0,0,10,0,66,400,0,0,0,0,0,0,0,0,0,0,0,0,0,3,
294753079,482047224,163399104,10,3,0,0,10,0,66,400,0,0,0,0,0,0,0,0,0,0,0,0,0,3,
294956263,482046895,163398729,10,3,0,0,10,0,66,400,0,0,0,0,0,0,0,0,0,0,0,0,0,3,
295159817,482046567,163398360,10,3,0,0,10,0,66,400,0,0,0,0,0,0,0,0,0,0,0,0,0,3,
295365506,482046237,163397989,10,3,0,0,10,0,66,400,0,0,0,0,0,0,0,0,0,0,0,0,0,3,
295580803,482045909,163397623,10,3,0,0,10,0,66,400,0,0,0,0,0,0,0,0,0,0,0,0,0,3,
295787271,482045576,163397256,10,3,0,0,10,0,66,400,0,0,0,0,0,0,0,0,0,0,0,0,0,3,
295991045,482045240,163396891,10,3,0,0,10,0,66,400,0,0,0,0,0,0,0,0,0,0,0,0,0,3,
296201963,482044916,163396542,10,3,0,0,10,0,66,400,0,0,0,0,0,0,0,0,0,0,0,0,0,3,
296406589,482044580,163396181,10,3,0,0,10,0,66,400,0,0,0,0,0,0,0,0,0,0,0,0,0,3,
296615335,482044242,163395820,10,3,0,0,10,0,66,400,0,0,0,0,0,0,0,0,0,0,0,0,0,3,
296820383,482043905,163395466,10,3,0,0,10,0,66,400,0,0,0,0,0,0,0,0,0,0,0,0,0,3,
297031747,482043565,163395111,10,3,0,0,10,0,66,400,0,0,0,0,0,0,0,0,0,0,0,0,0,3,
297239531,482043226,163394758,10,3,0,0,10,0,66,400,0,0,0,0,0,0,0,0,0,0,0,0,0,3,
297446003,482042886,163394410,10,3,0,0,10,0,66,400,0,0,0,0,0,0,0,0,0,0,0,0,0,3,
297652264,482042546,163394062,10,3,0,0,15,0,39,400,0,9,0,0,0,0,0,0,0,9,0,0,0,3,
297859031,482042208,163393719,10,3,0,0,15,0,39,400,0,18,0,0,0,0,0,0,0,18,0,0,0,3,
298063841,482041866,163393374,10,3,0,0,15,0,39,400,0,17,0,0,0,0,0,0,0,17,0,0,0,3,
298268641,482041522,163393019,10,3,0,0,15,0,39,400,0,17,0,0,0,0,0,0,0,17,0,0,0,3,
298473294,482041182,163392659,10,3,0,0,15,0,39,400,0,18,0,0,0,0,0,0,0,18,0,0,0,3,
298680659,482040850,163392289,10,3,0,0,15,0,39,400,0,18,0,0,0,0,0,0,0,18,0,0,0,3,
298886803,482040533,163391890,10,3,0,0,15,0,39,400,0,18,0,0,0,0,0,0,0,18,0,0,0,3,
299091817,482040236,163391450,10,3,0,0,15,0,39,400,0,19,0,0,0,0,0,0,0,19,0,0,0,3,
299300685,482039974,163390956,10,3,0,0,15,0,39,400,0,17,0,0,0,0,0,0,0,17,0,0,0,3,
299506505,482039755,163390415,10,3,0,0,15,0,39,400,0,17,0,0,0,0,0,0,0,17,0,0,0,3,
299722051,482039570,163389846,10,3,0,0,15,0,39,400,0,18,0,0,0,0,0,0,0,18,0,0,0,3,
299931766,482039405,163389256,10,3,0,0,15,0,39,400,0,18,0,0,0,0,0,0,0,18,0,0,0,3,
300129390,482039250,163388658,10,3,0,0,15,0,39,400,0,17,0,0,0,0,0,0,0,17,0,0,0,3,
300333999,482039112,163388031,10,3,0,0,15,0,39,400,0,19,0,0,0,0,0,0,0,19,0,0,0,3,
300542182,482038989,163387390,10,3,0,0,15,0,39,400,0,17,0,0,0,0,0,0,0,17,0,0,0,3,
300748410,482038900,163386744,10,3,0,0,15,0,39,400,0,15,0,0,0,0,0,0,0,15,0,0,0,3,
300954385,482038846,163386088,10,3,0,0,15,0,39,400,0,18,0,0,0,0,0,0,0,18,0,0,0,3,
301164519,482038824,163385428,10,3,0,0,15,0,39,400,0,17,0,0,0,0,0,0,0,17,0,0,0,3,
301369174,482038821,163384787,10,3,0,0,15,0,39,400,0,18,0,0,0,0,0,0,0,18,0,0,0,3,
301576354,482038841,163384144,10,3,0,0,15,0,39,400,0,18,0,0,0,0,0,0,0,18,0,0,0,3,
301783690,482038881,163383504,10,3,0,0,15,0,39,400,0,17,0,0,0,0,0,0,0,17,0,0,0,3,
301987155,482038929,163382869,10,3,0,0,15,0,39,400,0,17,0,0,0,0,0,0,0,17,0,0,0,3,
302192815,482038995,163382227,10,3,0,0,15,0,39,400,0,18,0,0,0,0,0,0,0,18,0,0,0,3,
302401310,482039070,163381596,10,3,0,0,15,0,39,400,0,18,0,0,0,0,0,0,0,18,0,0,0,3,
302607941,482039154,163380977,10,3,0,0,15,0,39,400,0,17,0,0,0,0,0,0,0,17,0,0,0,3,
302818210,482039242,163380360,10,3,0,0,15,0,39,400,0,17,0,0,0,0,0,0,0,17,0,0,0,3,
303023741,482039332,163379757,10,3,0,0,15,0,39,400,0,16,0,0,0,0,0,0,0,16,0,0,0,3,
303233046,482039423,163379154,10,3,0,0,15,0,39,400,0,17,0,0,0,0,0,0,0,17,0,0,0,3,
303438702,482039517,163378558,10,3,0,0,15,0,39,400,0,18,0,0,0,0,0,0,0,18,0,0,0,3,
303649766,482039608,163377953,10,3,0,0,15,0,39,400,0,18,0,0,0,0,0,0,0,18,0,0,0,3,
303854067,482039700,163377346,10,3,0,0,15,0,39,400,0,16,0,0,0,0,0,0,0,16,0,0,0,3,
304060829,482039789,163376749,10,3,0,0,15,0,39,400,0,16,0,0,0,0,0,0,0,16,0,0,0,3,
304266471,482039876,163376155,10,3,0,0,15,0,39,400,0,16,0,0,0,0,0,0,0,16,0,0,0,3,
304473863,482039960,163375559,10,3,0,0,15,0,39,400,0,17,0,0,0,0,0,0,0,17,0,0,0,3,
304678208,482040040,163374954,10,3,0,0,15,0,39,400,0,17,0,0,0,0,0,0,0,17,0,0,0,3,
304882575,482040116,163374342,10,3,0,0,15,0,39,400,0,17,0,0,0,0,0,0,0,17,0,0,0,3,
305086635,482040191,163373726,10,3,0,0,15,0,39,400,0,16,0,0,0,0,0,0,0,16,0,0,0,3,
305293417,482040261,163373110,10,3,0,0,15,0,39,400,0,18,0,0,0,0,0,0,0,18,0,0,0,3,
305519926,482040326,163372495,10,3,0,0,15,0,39,400,0,15,0,0,0,0,0,0,0,15,0,0,0,3,
305731827,482040387,163371876,10,3,0,0,15,0,39,400,0,13,0,0,0,0,0,0,0,13,0,0,0,3,
305933917,482040448,163371256,10,3,0,0,15,0,39,400,0,17,0,0,0,0,0,0,0,17,0,0,0,3,
306151364,482040504,163370649,10,3,0,0,15,0,39,400,0,18,0,0,0,0,0,0,0,18,0,0,0,3,
306351122,482040553,163370037,10,3,0,0,15,0,39,400,0,17,0,0,0,0,0,0,0,17,0,0,0,3,
306558054,482040599,163369422,10,3,0,0,15,0,39,400,0,16,0,0,0,0,0,0,0,16,0,0,0,3,
306762385,482040645,163368809,10,3,0,0,15,0,39,400,0,15,0,0,0,0,0,0,0,15,0,0,0,3,
306967792,482040690,163368195,10,3,0,0,15,0,39,400,0,17,0,0,0,0,0,0,0,17,0,0,0,3,
307183169,482040734,163367589,10,3,0,0,15,0,39,400,0,18,0,0,0,0,0,0,0,18,0,0,0,3,
307394157,482040778,163366975,10,3,0,0,15,0,39,400,0,18,0,0,0,0,0,0,0,18,0,0,0,3,
307600800,482040819,163366365,10,3,0,0,15,0,39,400,0,18,0,0,0,0,0,0,0,18,0,0,0,3,
307813537,482040856,163365765,10,3,0,0,15,0,39,400,0,17,0,0,0,0,0,0,0,17,0,0,0,3,
308019320,482040893,163365173,10,3,0,0,15,0,39,400,0,16,0,0,0,0,0,0,0,16,0,0,0,3,
308225281,482040934,163364564,10,3,0,0,15,0,39,400,0,18,0,0,0,0,0,0,0,18,0,0,0,3,
308429575,482040975,163363960,10,3,0,0,15,0,39,400,0,17,0,0,0,0,0,0,0,17,0,0,0,3,
308636123,482041020,163363358,10,3,0,0,15,0,39,400,0,18,0,0,0,0,0,0,0,18,0,0,0,3,
308841510,482041070,163362752,10,3,0,0,15,0,39,400,0,17,0,0,0,0,0,0,0,17,0,0,0,3,
309046722,482041122,163362143,10,3,0,0,15,0,39,400,0,17,0,0,0,0,0,0,0,17,0,0,0,3,
309252227,482041174,163361540,10,3,0,0,15,0,39,400,0,18,0,0,0,0,0,0,0,18,0,0,0,3,
309460531,482041225,163360941,10,3,0,0,15,0,39,400,0,18,0,0,0,0,0,0,0,18,0,0,0,3,
309666591,482041275,163360343,10,3,0,0,15,0,39,400,0,18,0,0,0,0,0,0,0,18,0,0,0,3,
309875045,482041326,163359743,10,3,0,0,15,0,39,400,0,19,0,0,0,0,0,0,0,19,0,0,0,3,
310083725,482041379,163359143,10,3,0,0,15,0,39,400,0,18,0,0,0,0,0,0,0,18,0,0,0,3,
310293406,482041437,163358540,10,3,0,0,15,0,39,400,0,17,0,0,0,0,0,0,0,17,0,0,0,3,
310501527,482041499,163357941,10,3,0,0,15,0,39,400,0,18,0,0,0,0,0,0,0,18,0,0,0,3,
310708570,482041562,163357345,10,3,0,0,15,0,39,400,0,18,0,0,0,0,0,0,0,18,0,0,0,3,
310912612,482041628,163356751,10,3,0,0,15,0,39,400,0,16,0,0,0,0,0,0,0,16,0,0,0,3,
311119322,482041697,163356156,10,3,0,0,15,0,39,400,0,16,0,0,0,0,0,0,0,16,0,0,0,3,
311323571,482041771,163355557,10,3,0,0,15,0,39,400,0,18,0,0,0,0,0,0,0,18,0,0,0,3,
311527174,482041847,163354959,10,3,0,0,15,0,39,400,0,16,0,0,0,0,0,0,0,16,0,0,0,3,
311732541,482041924,163354363,10,3,0,0,15,0,39,400,0,18,0,0,0,0,0,0,0,18,0,0,0,3,
311936119,482042003,163353771,10,3,0,0,15,0,39,400,0,17,0,0,0,0,0,0,0,17,0,0,0,3,
312143303,482042079,163353180,10,3,0,0,15,0,39,400,0,17,0,0,0,0,0,0,0,17,0,0,0,3,
312351470,482042159,163352582,10,3,0,0,15,0,39,400,0,15,0,0,0,0,0,0,0,15,0,0,0,3,
312558223,482042238,163351983,10,3,0,0,15,0,39,400,0,14,0,0,0,0,0,0,0,14,0,0,0,3,
312764613,482042321,163351387,10,3,0,0,15,0,39,400,0,18,0,0,0,0,0,0,0,18,0,0,0,3,
312970788,482042404,163350795,10,3,0,0,15,0,39,400,0,17,0,0,0,0,0,0,0,17,0,0,0,3,
313176148,482042488,163350201,10,3,0,0,15,0,39,400,0,17,0,0,0,0,0,0,0,17,0,0,0,3,
313381636,482042571,163349608,10,3,0,0,15,0,39,400,0,17,0,0,0,0,0,0,0,17,0,0,0,3,
313587785,482042652,163349012,10,3,0,0,15,0,39,400,0,18,0,0,0,0,0,0,0,18,0,0,0,3,
313793336,482042736,163348403,10,3,0,0,15,0,39,400,0,18,0,0,0,0,0,0,0,18,0,0,0,3,
313997263,482042823,163347791,10,3,0,0,15,0,39,400,0,17,0,0,0,0,0,0,0,17,0,0,0,3,
314221008,482042910,163347184,10,3,0,0,15,0,39,400,0,19,0,0,0,0,0,0,0,19,0,0,0,3,
314439713,482042998,163346571,10,3,0,0,15,0,39,400,0,18,0,0,0,0,0,0,0,18,0,0,0,3,
314656107,482043087,163345961,10,3,0,0,15,0,39,400,0,18,0,0,0,0,0,0,0,18,0,0,0,3,
314885977,482043175,163345364,10,3,0,0,15,0,39,400,0,19,0,0,0,0,0,0,0,19,0,0,0,3,
315094490,482043265,163344762,10,3,0,0,15,0,39,400,0,17,0,0,0,0,0,0,0,17,0,0,0,3,
315300981,482043354,163344147,10,3,0,0,15,0,39,400,0,18,0,0,0,0,0,0,0,18,0,0,0,3,
315513449,482043443,163343521,10,3,0,0,15,0,39,400,0,19,0,0,0,0,0,0,0,19,0,0,0,3,
315718221,482043532,163342884,10,3,0,0,15,0,39,400,0,16,0,0,0,0,0,0,0,16,0,0,0,3,
315924911,482043620,163342245,10,3,0,0,15,0,39,400,0,18,0,0,0,0,0,0,0,18,0,0,0,3,
316128382,482043707,163341608,10,3,0,0,15,0,39,400,0,17,0,0,0,0,0,0,0,17,0,0,0,3,
316333201,482043792,163340975,10,3,0,0,15,0,39,400,0,17,0,0,0,0,0,0,0,17,0,0,0,3,
316538429,482043877,163340349,10,3,0,0,15,0,39,400,0,18,0,0,0,0,0,0,0,18,0,0,0,3,
316744814,482043959,163339722,10,3,0,0,15,0,39,400,0,17,0,0,0,0,0,0,0,17,0,0,0,3,
316949585,482044041,163339100,10,3,0,0,15,0,39,400,0,17,0,0,0,0,0,0,0,17,0,0,0,3,
317155467,482044122,163338482,10,3,0,0,15,0,39,400,0,16,0,0,0,0,0,0,0,16,0,0,0,3,
317361049,482044204,163337865,10,3,0,0,15,0,39,400,0,18,0,0,0,0,0,0,0,18,0,0,0,3,
317566449,482044286,163337250,10,3,0,0,15,0,39,400,0,18,0,0,0,0,0,0,0,18,0,0,0,3,
317775225,482044369,163336638,10,3,0,0,15,0,39,400,0,18,0,0,0,0,0,0,0,18,0,0,0,3,
317986015,482044451,163336028,10,3,0,0,15,0,39,400,0,18,0,0,0,0,0,0,0,18,0,0,0,3,
318202246,482044534,163335418,10,3,0,0,15,0,39,400,0,15,0,0,0,0,0,0,0,15,0,0,0,3,
318420974,482044619,163334810,10,3,0,0,15,0,39,400,0,19,0,0,0,0,0,0,0,19,0,0,0,3,
318645787,482044706,163334204,10,3,0,0,15,0,39,400,0,17,0,0,0,0,0,0,0,17,0,0,0,3,
318853639,482044788,163333611,10,3,0,0,15,0,39,400,0,17,0,0,0,0,0,0,0,17,0,0,0,3,
319061521,482044869,163333007,10,3,0,0,15,0,39,400,0,17,0,0,0,0,0,0,0,17,0,0,0,3,
319266516,482044948,163332423,10,3,0,0,15,0,39,400,0,19,0,0,0,0,0,0,0,19,0,0,0,3,
319478715,482045026,163331826,10,3,0,0,15,0,39,400,0,18,0,0,0,0,0,0,0,18,0,0,0,3,
319693426,482045104,163331211,10,3,0,0,15,0,39,400,0,18,0,0,0,0,0,0,0,18,0,0,0,3,
319901299,482045182,163330590,10,3,0,0,15,0,39,400,0,17,0,0,0,0,0,0,0,17,0,0,0,3,
320107117,482045258,163329973,10,3,0,0,15,0,39,400,0,18,0,0,0,0,0,0,0,18,0,0,0,3,
320311963,482045335,163329365,10,3,0,0,15,0,39,400,0,18,0,0,0,0,0,0,0,18,0,0,0,3,
320516358,482045411,163328758,10,3,0,0,15,0,39,400,0,18,0,0,0,0,0,0,0,18,0,0,0,3,
320720743,482045488,163328139,10,3,0,0,15,0,39,400,0,17,0,0,0,0,0,0,0,17,0,0,0,3,
320927396,482045565,163327520,10,3,0,0,15,0,39,400,0,18,0,0,0,0,0,0,0,18,0,0,0,3,
321136650,482045640,163326908,10,3,0,0,15,0,39,400,0,18,0,0,0,0,0,0,0,18,0,0,0,3,
321342468,482045714,163326298,10,3,0,0,15,0,39,400,0,17,0,0,0,0,0,0,0,17,0,0,0,3,
321546825,482045788,163325689,10,3,0,0,15,0,39,400,0,17,0,0,0,0,0,0,0,17,0,0,0,3,
321759985,482045862,163325083,10,3,0,0,15,0,39,400,0,16,0,0,0,0,0,0,0,16,0,0,0,3,
321969896,482045937,163324474,10,3,0,0,15,0,39,400,0,17,0,0,0,0,0,0,0,17,0,0,0,3,
322178145,482046013,163323860,10,3,0,0,15,0,39,400,0,16,0,0,0,0,0,0,0,16,0,0,0,3,
322385436,482046093,163323249,10,3,0,0,15,0,39,400,0,18,0,0,0,0,0,0,0,18,0,0,0,3,
322590052,482046174,163322648,10,3,0,0,15,0,39,400,0,18,0,0,0,0,0,0,0,18,0,0,0,3,
322795196,482046256,163322046,10,3,0,0,15,0,39,400,0,18,0,0,0,0,0,0,0,18,0,0,0,3,
323001966,482046337,163321444,10,3,0,0,15,0,39,400,0,18,0,0,0,0,0,0,0,18,0,0,0,3,
323207792,482046419,163320833,10,3,0,0,15,0,39,400,0,18,0,0,0,0,0,0,0,18,0,0,0,3,
323413621,482046499,163320224,10,3,0,0,15,0,39,400,0,17,0,0,0,0,0,0,0,17,0,0,0,3,
323625923,482046579,163319621,10,3,0,0,15,0,39,400,0,19,0,0,0,0,0,0,0,19,0,0,0,3,
323830789,482046658,163319012,10,3,0,0,15,0,39,400,0,16,0,0,0,0,0,0,0,16,0,0,0,3,
324034040,482046737,163318402,10,3,0,0,15,0,39,400,0,18,0,0,0,0,0,0,0,18,0,0,0,3,
324241295,482046815,163317797,10,3,0,0,15,0,39,400,0,18,0,0,0,0,0,0,0,18,0,0,0,3,
324447836,482046893,163317188,10,3,0,0,15,0,39,400,0,17,0,0,0,0,0,0,0,17,0,0,0,3,
324653371,482046972,163316579,10,3,0,0,15,0,39,400,0,18,0,0,0,0,0,0,0,18,0,0,0,3,
324858448,482047050,163315973,10,3,0,0,15,0,39,400,0,18,0,0,0,0,0,0,0,18,0,0,0,3,
325064469,482047128,163315368,10,3,0,0,15,0,39,400,0,18,0,0,0,0,0,0,0,18,0,0,0,3,
325269776,482047209,163314768,10,3,0,0,15,0,39,400,0,19,0,0,0,0,0,0,0,19,0,0,0,3,
325483582,482047291,163314168,10,3,0,0,15,0,39,400,0,18,0,0,0,0,0,0,0,18,0,0,0,3,
325689218,482047375,163313571,10,3,0,0,15,0,39,400,0,17,0,0,0,0,0,0,0,17,0,0,0,3,
325896423,482047457,163312971,10,3,0,0,15,0,39,400,0,16,0,0,0,0,0,0,0,16,0,0,0,3,
326101633,482047536,163312375,10,3,0,0,15,0,39,400,0,18,0,0,0,0,0,0,0,18,0,0,0,3,
326305296,482047615,163311791,10,3,0,0,15,0,39,400,0,18,0,0,0,0,0,0,0,18,0,0,0,3,
326512436,482047696,163311190,10,3,0,0,15,0,39,400,0,18,0,0,0,0,0,0,0,18,0,0,0,3,
326716733,482047776,163310579,10,3,0,0,15,0,39,400,0,18,0,0,0,0,0,0,0,18,0,0,0,3,
326922849,482047855,163309969,10,3,0,0,15,0,39,400,0,19,0,0,0,0,0,0,0,19,0,0,0,3,
327128074,482047937,163309361,10,3,0,0,15,0,39,400,0,18,0,0,0,0,0,0,0,18,0,0,0,3,
327333786,482048020,163308751,10,3,0,0,15,0,39,400,0,18,0,0,0,0,0,0,0,18,0,0,0,3,
327542385,482048103,163308143,10,3,0,0,15,0,39,400,0,19,0,0,0,0,0,0,0,19,0,0,0,3,
327747130,482048186,163307541,10,3,0,0,15,0,39,400,0,18,0,0,0,0,0,0,0,18,0,0,0,3,
327951909,482048268,163306936,10,3,0,0,15,0,39,400,0,18,0,0,0,0,0,0,0,18,0,0,0,3,
328157425,482048349,163306332,10,3,0,0,15,0,39,400,0,18,0,0,0,0,0,0,0,18,0,0,0,3,
328363440,482048428,163305731,10,3,0,0,15,0,39,400,0,18,0,0,0,0,0,0,0,18,0,0,0,3,
328569331,482048507,163305130,10,3,0,0,15,0,39,400,0,16,0,0,0,0,0,0,0,16,0,0,0,3,
328777177,482048587,163304526,10,3,0,0,15,0,39,400,0,18,0,0,0,0,0,0,0,18,0,0,0,3,
328987542,482048667,163303924,10,3,0,0,15,0,39,400,0,17,0,0,0,0,0,0,0,17,0,0,0,3,
329204512,482048743,163303320,10,3,0,0,15,0,39,400,0,16,0,0,0,0,0,0,0,16,0,0,0,3,
329409964,482048820,163302711,10,3,0,0,15,0,39,400,0,19,0,0,0,0,0,0,0,19,0,0,0,3,
329616473,482048894,163302114,10,3,0,0,15,0,39,400,0,18,0,0,0,0,0,0,0,18,0,0,0,3,
329822243,482048969,163301514,10,3,0,0,15,0,39,400,0,17,0,0,0,0,0,0,0,17,0,0,0,3,
330027008,482049045,163300905,10,3,0,0,15,0,39,400,0,17,0,0,0,0,0,0,0,17,0,0,0,3,
330233722,482049125,163300295,10,3,0,0,15,0,39,400,0,17,0,0,0,0,0,0,0,17,0,0,0,3,
330439382,482049206,163299690,10,3,0,0,15,0,39,400,0,18,0,0,0,0,0,0,0,18,0,0,0,3,
330645201,482049288,163299092,10,3,0,0,15,0,39,400,0,18,0,0,0,0,0,0,0,18,0,0,0,3,
330851953,482049372,163298498,10,3,0,0,15,0,39,400,0,17,0,0,0,0,0,0,0,17,0,0,0,3,
331057280,482049457,163297905,10,3,0,0,15,0,39,400,0,18,0,0,0,0,0,0,0,18,0,0,0,3,
331263666,482049538,163297313,10,3,0,0,15,0,39,400,0,18,0,0,0,0,0,0,0,18,0,0,0,3,
331469049,482049617,163296726,10,3,0,0,15,0,39,400,0,17,0,0,0,0,0,0,0,17,0,0,0,3,
331676826,482049700,163296131,10,3,0,0,15,0,39,400,0,18,0,0,0,0,0,0,0,18,0,0,0,3,
331882429,482049783,163295542,10,3,0,0,15,0,39,400,0,18,0,0,0,0,0,0,0,18,0,0,0,3,
332088119,482049866,163294957,10,3,0,0,15,0,39,400,0,17,0,0,0,0,0,0,0,17,0,0,0,3,
332294341,482049950,163294361,10,3,0,0,15,0,39,400,0,18,0,0,0,0,0,0,0,18,0,0,0,3,
332508448,482050034,163293770,10,3,0,0,15,0,39,400,0,16,0,0,0,0,0,0,0,16,0,0,0,3,
332714647,482050117,163293180,10,3,0,0,15,0,39,400,0,17,0,0,0,0,0,0,0,17,0,0,0,3,
332920736,482050197,163292592,10,3,0,0,15,0,39,400,0,17,0,0,0,0,0,0,0,17,0,0,0,3,
333126955,482050276,163292009,10,3,0,0,15,0,39,400,0,18,0,0,0,0,0,0,0,18,0,0,0,3,
333332299,482050356,163291426,10,3,0,0,15,0,39,400,0,18,0,0,0,0,0,0,0,18,0,0,0,3,
333537934,482050438,163290837,10,3,0,0,15,0,39,400,0,16,0,0,0,0,0,0,0,16,0,0,0,3,
333753162,482050521,163290246,10,3,0,0,15,0,39,400,0,18,0,0,0,0,0,0,0,18,0,0,0,3,
333955236,482050601,163289653,10,3,0,0,15,0,39,400,0,17,0,0,0,0,0,0,0,17,0,0,0,3,
334161192,482050681,163289061,10,3,0,0,15,0,39,400,0,19,0,0,0,0,0,0,0,19,0,0,0,3,
334366739,482050760,163288474,10,3,0,0,15,0,39,400,0,17,0,0,0,0,0,0,0,17,0,0,0,3,
334573141,482050839,163287886,10,3,0,0,15,0,39,400,0,18,0,0,0,0,0,0,0,18,0,0,0,3,
334776762,482050917,163287295,10,3,0,0,15,0,39,400,0,18,0,0,0,0,0,0,0,18,0,0,0,3,
334983006,482050997,163286706,10,3,0,0,15,0,39,400,0,17,0,0,0,0,0,0,0,17,0,0,0,3,
335189103,482051075,163286118,10,3,0,0,15,0,39,400,0,18,0,0,0,0,0,0,0,18,0,0,0,3,
335395404,482051154,163285522,10,3,0,0,15,0,39,400,0,19,0,0,0,0,0,0,0,19,0,0,0,3,
335600178,482051231,163284927,10,3,0,0,15,0,39,400,0,17,0,0,0,0,0,0,0,17,0,0,0,3,
335805159,482051308,163284335,10,3,0,0,15,0,39,400,0,19,0,0,0,0,0,0,0,19,0,0,0,3,
336015025,482051387,163283741,10,3,0,0,15,0,39,400,0,17,0,0,0,0,0,0,0,17,0,0,0,3,
336223302,482051466,163283136,10,3,0,0,15,0,39,400,0,18,0,0,0,0,0,0,0,18,0,0,0,3,
336429580,482051544,163282527,10,3,0,0,15,0,39,400,0,17,0,0,0,0,0,0,0,17,0,0,0,3,
336635457,482051623,163281915,10,3,0,0,15,0,39,400,0,18,0,0,0,0,0,0,0,18,0,0,0,3,
336841673,482051701,163281303,10,3,0,0,15,0,39,400,0,17,0,0,0,0,0,0,0,17,0,0,0,3,
337045800,482051779,163280702,10,3,0,0,15,0,39,400,0,17,0,0,0,0,0,0,0,17,0,0,0,3,
337252052,482051855,163280097,10,3,0,0,15,0,39,400,0,18,0,0,0,0,0,0,0,18,0,0,0,3,
337457544,482051932,163279485,10,3,0,0,15,0,39,400,0,18,0,0,0,0,0,0,0,18,0,0,0,3,
337666134,482052009,163278881,10,3,0,0,15,0,39,400,0,18,0,0,0,0,0,0,0,18,0,0,0,3,
337872849,482052086,163278277,10,3,0,0,15,0,39,400,0,18,0,0,0,0,0,0,0,18,0,0,0,3,
338078107,482052163,163277672,10,3,0,0,15,0,39,400,0,18,0,0,0,0,0,0,0,18,0,0,0,3,
338284164,482052245,163277071,10,3,0,0,15,0,39,400,0,16,0,0,0,0,0,0,0,16,0,0,0,3,
338490347,482052328,163276466,10,3,0,0,15,0,39,400,0,18,0,0,0,0,0,0,0,18,0,0,0,3,
338694781,482052407,163275855,10,3,0,0,15,0,39,400,0,18,0,0,0,0,0,0,0,18,0,0,0,3,
338898652,482052484,163275245,10,3,0,0,15,0,39,400,0,17,0,0,0,0,0,0,0,17,0,0,0,3,
339104903,482052560,163274639,10,3,0,0,15,0,39,400,0,17,0,0,0,0,0,0,0,17,0,0,0,3,
339310773,482052635,163274036,10,3,0,0,15,0,39,400,0,18,0,0,0,0,0,0,0,18,0,0,0,3,
339524665,482052712,163273433,10,3,0,0,15,0,39,400,0,18,0,0,0,0,0,0,0,18,0,0,0,3,
339731217,482052789,163272833,10,3,0,0,15,0,39,400,0,18,0,0,0,0,0,0,0,18,0,0,0,3,
339936508,482052867,163272232,10,3,0,0,15,0,39,400,0,17,0,0,0,0,0,0,0,17,0,0,0,3,
340142573,482052943,163271636,10,3,0,0,15,0,39,400,0,18,0,0,0,0,0,0,0,18,0,0,0,3,
340349395,482053014,163271046,10,3,0,0,15,0,39,400,0,18,0,0,0,0,0,0,0,18,0,0,0,3,
340553565,482053087,163270453,10,3,0,0,15,0,39,400,0,18,0,0,0,0,0,0,0,18,0,0,0,3,
340757293,482053163,163269860,10,3,0,0,15,0,39,400,0,18,0,0,0,0,0,0,0,18,0,0,0,3,
340965287,482053242,163269271,10,3,0,0,15,0,39,400,0,17,0,0,0,0,0,0,0,17,0,0,0,3,
341170998,482053321,163268690,10,3,0,0,15,0,39,400,0,19,0,0,0,0,0,0,0,19,0,0,0,3,
341379431,482053399,163268110,10,3,0,0,15,0,39,400,0,18,0,0,0,0,0,0,0,18,0,0,0,3,
341584142,482053478,163267530,10,3,0,0,15,0,39,400,0,18,0,0,0,0,0,0,0,18,0,0,0,3,
341790056,482053556,163266953,10,3,0,0,15,0,39,400,0,18,0,0,0,0,0,0,0,18,0,0,0,3,
341994963,482053637,163266373,10,3,0,0,15,0,39,400,0,19,0,0,0,0,0,0,0,19,0,0,0,3,
342200519,482053719,163265791,10,3,0,0,15,0,39,400,0,18,0,0,0,0,0,0,0,18,0,0,0,3,
342405486,482053801,163265217,10,3,0,0,15,0,39,400,0,18,0,0,0,0,0,0,0,18,0,0,0,3,
342611835,482053880,163264647,10,3,0,0,15,0,39,400,0,17,0,0,0,0,0,0,0,17,0,0,0,3,
342817971,482053963,163264071,10,3,0,0,15,0,39,400,0,18,0,0,0,0,0,0,0,18,0,0,0,3,
343027836,482054047,163263493,10,3,0,0,15,0,39,400,0,18,0,0,0,0,0,0,0,18,0,0,0,3,
343237154,482054131,163262918,10,3,0,0,15,0,39,400,0,17,0,0,0,0,0,0,0,17,0,0,0,3,
343444461,482054216,163262337,10,3,0,0,15,0,39,400,0,19,0,0,0,0,0,0,0,19,0,0,0,3,
343649130,482054300,163261764,10,3,0,0,15,0,39,400,0,17,0,0,0,0,0,0,0,17,0,0,0,3,
343852992,482054380,163261195,10,3,0,0,15,0,39,400,0,18,0,0,0,0,0,0,0,18,0,0,0,3,
344058205,482054464,163260611,10,3,0,0,15,0,39,400,0,18,0,0,0,0,0,0,0,18,0,0,0,3,
344263234,482054550,163260027,10,3,0,0,15,0,39,400,0,17,0,0,0,0,0,0,0,17,0,0,0,3,
344467375,482054639,163259447,10,3,0,0,15,0,39,400,0,18,0,0,0,0,0,0,0,18,0,0,0,3,
344677155,482054727,163258873,10,3,0,0,15,0,39,400,0,18,0,0,0,0,0,0,0,18,0,0,0,3,
344879569,482054815,163258298,10,3,0,0,15,0,39,400,0,19,0,0,0,0,0,0,0,19,0,0,0,3,
345086321,482054903,163257723,10,3,0,0,15,0,39,400,0,17,0,0,0,0,0,0,0,17,0,0,0,3,
345290767,482054991,163257150,10,3,0,0,15,0,39,400,0,18,0,0,0,0,0,0,0,18,0,0,0,3,
345495695,482055077,163256572,10,3,0,0,15,0,39,400,0,18,0,0,0,0,0,0,0,18,0,0,0,3,
345700967,482055164,163255997,10,3,0,0,15,0,39,400,0,18,0,0,0,0,0,0,0,18,0,0,0,3,
345906358,482055251,163255427,10,3,0,0,15,0,39,400,0,17,0,0,0,0,0,0,0,17,0,0,0,3,
346114492,482055335,163254860,10,3,0,0,15,0,39,400,0,18,0,0,0,0,0,0,0,18,0,0,0,3,
346318561,482055420,163254293,10,3,0,0,15,0,39,400,0,18,0,0,0,0,0,0,0,18,0,0,0,3,
346525381,482055503,163253728,10,3,0,0,15,0,39,400,0,17,0,0,0,0,0,0,0,17,0,0,0,3,
346732526,482055586,163253162,10,3,0,0,15,0,39,400,0,17,0,0,0,0,0,0,0,17,0,0,0,3,
346940460,482055667,163252593,10,3,0,0,15,0,39,400,0,18,0,0,0,0,0,0,0,18,0,0,0,3,
347148229,482055745,163252024,10,3,0,0,15,0,39,400,0,18,0,0,0,0,0,0,0,18,0,0,0,3,
347353942,482055819,163251453,10,3,0,0,15,0,39,400,0,18,0,0,0,0,0,0,0,18,0,0,0,3,
347558241,482055889,163250878,10,3,0,0,15,0,39,400,0,18,0,0,0,0,0,0,0,18,0,0,0,3,
347764182,482055956,163250301,10,3,0,0,15,0,39,400,0,18,0,0,0,0,0,0,0,18,0,0,0,3,
347967983,482056022,163249726,10,3,0,0,15,0,39,400,0,17,0,0,0,0,0,0,0,17,0,0,0,3,
348175769,482056089,163249148,10,3,0,0,15,0,39,400,0,19,0,0,0,0,0,0,0,19,0,0,0,3,
348379486,482056158,163248565,10,3,0,0,15,0,39,400,0,17,0,0,0,0,0,0,0,17,0,0,0,3,
348586815,482056228,163247978,10,3,0,0,15,0,39,400,0,18,0,0,0,0,0,0,0,18,0,0,0,3,
348791040,482056297,163247387,10,3,0,0,15,0,39,400,0,17,0,0,0,0,0,0,0,17,0,0,0,3,
348996078,482056362,163246796,10,3,0,0,15,0,39,400,0,18,0,0,0,0,0,0,0,18,0,0,0,3,
349202049,482056427,163246203,10,3,0,0,15,0,39,400,0,18,0,0,0,0,0,0,0,18,0,0,0,3,
349410723,482056494,163245605,10,3,0,0,15,0,39,400,0,18,0,0,0,0,0,0,0,18,0,0,0,3,
349617259,482056561,163245001,10,3,0,0,15,0,39,400,0,18,0,0,0,0,0,0,0,18,0,0,0,3,
349819927,482056625,163244398,10,3,0,0,15,0,39,400,0,17,0,0,0,0,0,0,0,17,0,0,0,3,
350028129,482056685,163243802,10,3,0,0,15,0,39,400,0,17,0,0,0,0,0,0,0,17,0,0,0,3,
350234007,482056746,163243200,10,3,0,0,15,0,39,400,0,17,0,0,0,0,0,0,0,17,0,0,0,3,
350437566,482056808,163242598,10,3,0,0,15,0,39,400,0,18,0,0,0,0,0,0,0,18,0,0,0,3,
350642861,482056870,163242005,10,3,0,0,15,0,39,400,0,18,0,0,0,0,0,0,0,18,0,0,0,3,
350849084,482056936,163241409,10,3,0,0,15,0,39,400,0,18,0,0,0,0,0,0,0,18,0,0,0,3,
351052565,482056998,163240810,10,3,0,0,15,0,39,400,0,19,0,0,0,0,0,0,0,19,0,0,0,3,
351256951,482057059,163240206,10,3,0,0,15,0,39,400,0,16,0,0,0,0,0,0,0,16,0,0,0,3,
351463112,482057121,163239607,10,3,0,0,15,0,39,400,0,19,0,0,0,0,0,0,0,19,0,0,0,3,
351668863,482057186,163239010,10,3,0,0,15,0,39,400,0,18,0,0,0,0,0,0,0,18,0,0,0,3,
351876697,482057257,163238410,10,3,0,0,15,0,39,400,0,18,0,0,0,0,0,0,0,18,0,0,0,3,
352080454,482057327,163237811,10,3,0,0,15,0,39,400,0,18,0,0,0,0,0,0,0,18,0,0,0,3,
352283338,482057395,163237213,10,3,0,0,15,0,39,400,0,16,0,0,0,0,0,0,0,16,0,0,0,3,
352489038,482057467,163236617,10,3,0,0,15,0,39,400,0,18,0,0,0,0,0,0,0,18,0,0,0,3,
352695584,482057540,163236019,10,3,0,0,15,0,39,400,0,18,0,0,0,0,0,0,0,18,0,0,0,3,
352900518,482057612,163235418,10,3,0,0,15,0,39,400,0,18,0,0,0,0,0,0,0,18,0,0,0,3,
353107613,482057684,163234817,10,3,0,0,15,0,39,400,0,17,0,0,0,0,0,0,0,17,0,0,0,3,
353313119,482057754,163234219,10,3,0,0,15,0,39,400,0,18,0,0,0,0,0,0,0,18,0,0,0,3,
353519315,482057823,163233622,10,3,0,0,15,0,39,400,0,14,0,0,0,0,0,0,0,14,0,0,0,3,
353725781,482057891,163233017,10,3,0,0,15,0,39,400,0,16,0,0,0,0,0,0,0,16,0,0,0,3,
353932695,482057959,163232411,10,3,0,0,15,0,39,400,0,16,0,0,0,0,0,0,0,16,0,0,0,3,
354137204,482058027,163231806,10,3,0,0,15,0,39,400,0,18,0,0,0,0,0,0,0,18,0,0,0,3,
354341252,482058096,163231203,10,3,0,0,15,0,39,400,0,18,0,0,0,0,0,0,0,18,0,0,0,3,
354547732,482058168,163230601,10,3,0,0,15,0,39,400,0,18,0,0,0,0,0,0,0,18,0,0,0,3,
354753608,482058240,163229996,10,3,0,0,15,0,39,400,0,19,0,0,0,0,0,0,0,19,0,0,0,3,
354958203,482058313,163229385,10,3,0,0,15,0,39,400,0,17,0,0,0,0,0,0,0,17,0,0,0,3,
355163842,482058387,163228775,10,3,0,0,15,0,39,400,0,18,0,0,0,0,0,0,0,18,0,0,0,3,
355368669,482058461,163228170,10,3,0,0,15,0,39,400,0,18,0,0,0,0,0,0,0,18,0,0,0,3,
355575651,482058538,163227569,10,3,0,0,15,0,39,400,0,16,0,0,0,0,0,0,0,16,0,0,0,3,
355780029,482058616,163226967,10,3,0,0,15,0,39,400,0,18,0,0,0,0,0,0,0,18,0,0,0,3,
355985800,482058695,163226369,10,3,0,0,15,0,39,400,0,15,0,0,0,0,0,0,0,15,0,0,0,3,
356205314,482058775,163225777,10,3,0,0,15,0,39,400,0,15,0,0,0,0,0,0,0,15,0,0,0,3,
356413966,482058853,163225184,10,3,0,0,15,0,39,400,0,16,0,0,0,0,0,0,0,16,0,0,0,3,
356618098,482058929,163224596,10,3,0,0,15,0,39,400,0,18,0,0,0,0,0,0,0,18,0,0,0,3,
356823638,482059001,163224017,10,3,0,0,15,0,39,400,0,17,0,0,0,0,0,0,0,17,0,0,0,3,
357031461,482059075,163223425,10,3,0,0,15,0,39,400,0,17,0,0,0,0,0,0,0,17,0,0,0,3,
357236841,482059148,163222825,10,3,0,0,15,0,39,400,0,14,0,0,0,0,0,0,0,14,0,0,0,3,
357442412,482059220,163222225,10,3,0,0,15,0,39,400,0,16,0,0,0,0,0,0,0,16,0,0,0,3,
357651283,482059293,163221625,10,3,0,0,15,0,39,400,0,16,0,0,0,0,0,0,0,16,0,0,0,3,
357857092,482059366,163221026,10,3,0,0,15,0,39,400,0,18,0,0,0,0,0,0,0,18,0,0,0,3,
358062536,482059435,163220428,10,3,0,0,15,0,39,400,0,18,0,0,0,0,0,0,0,18,0,0,0,3,
358268655,482059500,163219831,10,3,0,0,15,0,39,400,0,18,0,0,0,0,0,0,0,18,0,0,0,3,
358478575,482059565,163219232,10,3,0,0,15,0,39,400,0,17,0,0,0,0,0,0,0,17,0,0,0,3,
358683004,482059630,163218632,10,3,0,0,15,0,39,400,0,17,0,0,0,0,0,0,0,17,0,0,0,3,
358888139,482059695,163218027,10,3,0,0,15,0,39,400,0,17,0,0,0,0,0,0,0,17,0,0,0,3,
359092919,482059762,163217426,10,3,0,0,15,0,39,400,0,19,0,0,0,0,0,0,0,19,0,0,0,3,
359298677,482059828,163216826,10,3,0,0,15,0,39,400,0,16,0,0,0,0,0,0,0,16,0,0,0,3,
359503009,482059892,163216228,10,3,0,0,15,0,39,400,0,17,0,0,0,0,0,0,0,17,0,0,0,3,
359717820,482059959,163215623,10,3,0,0,15,0,39,400,0,18,0,0,0,0,0,0,0,18,0,0,0,3,
359922099,482060030,163215017,10,3,0,0,15,0,39,400,0,18,0,0,0,0,0,0,0,18,0,0,0,3,
360128542,482060106,163214410,10,3,0,0,15,0,39,400,0,18,0,0,0,0,0,0,0,18,0,0,0,3,
360333634,482060187,163213802,10,3,0,0,15,0,39,400,0,18,0,0,0,0,0,0,0,18,0,0,0,3,
360538959,482060265,163213199,10,3,0,0,15,0,39,400,0,18,0,0,0,0,0,0,0,18,0,0,0,3,
360759463,482060343,163212594,10,3,0,0,15,0,39,400,0,14,0,0,0,0,0,0,0,14,0,0,0,3,
360963274,482060424,163211987,10,3,0,0,15,0,39,400,0,16,0,0,0,0,0,0,0,16,0,0,0,3,
361173225,482060506,163211373,10,3,0,0,15,0,39,400,0,17,0,0,0,0,0,0,0,17,0,0,0,3,
361380105,482060589,163210765,10,3,0,0,15,0,39,400,0,18,0,0,0,0,0,0,0,18,0,0,0,3,
361587529,482060673,163210160,10,3,0,0,15,0,39,400,0,17,0,0,0,0,0,0,0,17,0,0,0,3,
361794215,482060760,163209549,10,3,0,0,15,0,39,400,0,17,0,0,0,0,0,0,0,17,0,0,0,3,
361999985,482060847,163208936,10,3,0,0,15,0,39,400,0,18,0,0,0,0,0,0,0,18,0,0,0,3,
362205862,482060933,163208324,10,3,0,0,15,0,39,400,0,18,0,0,0,0,0,0,0,18,0,0,0,3,
362412361,482061019,163207717,10,3,0,0,15,0,39,400,0,18,0,0,0,0,0,0,0,18,0,0,0,3,
362617843,482061105,163207113,10,3,0,0,15,0,39,400,0,18,0,0,0,0,0,0,0,18,0,0,0,3,
362825025,482061192,163206515,10,3,0,0,15,0,39,400,0,18,0,0,0,0,0,0,0,18,0,0,0,3,
363028199,482061279,163205911,10,3,0,0,15,0,39,400,0,18,0,0,0,0,0,0,0,18,0,0,0,3,
363239175,482061369,163205305,10,3,0,0,15,0,39,400,0,18,0,0,0,0,0,0,0,18,0,0,0,3,
363444158,482061457,163204702,10,3,0,0,15,0,39,400,0,18,0,0,0,0,0,0,0,18,0,0,0,3,
363651525,482061546,163204098,10,3,0,0,15,0,39,400,0,17,0,0,0,0,0,0,0,17,0,0,0,3,
363856122,482061634,163203499,10,3,0,0,15,0,39,400,0,18,0,0,0,0,0,0,0,18,0,0,0,3,
364059122,482061722,163202898,10,3,0,0,15,0,39,400,0,17,0,0,0,0,0,0,0,17,0,0,0,3,
364264817,482061808,163202292,10,3,0,0,15,0,39,400,0,16,0,0,0,0,0,0,0,16,0,0,0,3,
364469690,482061892,163201679,10,3,0,0,15,0,39,400,0,16,0,0,0,0,0,0,0,16,0,0,0,3,
364676054,482061977,163201067,10,3,0,0,15,0,39,400,0,18,0,0,0,0,0,0,0,18,0,0,0,3,
364881574,482062064,163200459,10,3,0,0,15,0,39,400,0,17,0,0,0,0,0,0,0,17,0,0,0,3,
365086002,482062148,163199855,10,3,0,0,15,0,39,400,0,18,0,0,0,0,0,0,0,18,0,0,0,3,
365291458,482062231,163199257,10,3,0,0,15,0,39,400,0,18,0,0,0,0,0,0,0,18,0,0,0,3,
365496217,482062312,163198653,10,3,0,0,15,0,39,400,0,19,0,0,0,0,0,0,0,19,0,0,0,3,
365703034,482062392,163198045,10,3,0,0,15,0,39,400,0,17,0,0,0,0,0,0,0,17,0,0,0,3,
365908073,482062468,163197437,10,3,0,0,15,0,39,400,0,18,0,0,0,0,0,0,0,18,0,0,0,3,
366116364,482062542,163196828,10,3,0,0,15,0,39,400,0,18,0,0,0,0,0,0,0,18,0,0,0,3,
366320730,482062618,163196223,10,3,0,0,15,0,39,400,0,18,0,0,0,0,0,0,0,18,0,0,0,3,
366527640,482062699,163195615,10,3,0,0,15,0,39,400,0,18,0,0,0,0,0,0,0,18,0,0,0,3,
366732114,482062779,163195007,10,3,0,0,15,0,39,400,0,18,0,0,0,0,0,0,0,18,0,0,0,3,
366939603,482062859,163194400,10,3,0,0,15,0,39,400,0,17,0,0,0,0,0,0,0,17,0,0,0,3,
367143536,482062939,163193795,10,3,0,0,15,0,39,400,0,18,0,0,0,0,0,0,0,18,0,0,0,3,
367348562,482063020,163193195,10,3,0,0,15,0,39,400,0,18,0,0,0,0,0,0,0,18,0,0,0,3,
367555212,482063101,163192595,10,3,0,0,15,0,39,400,0,18,0,0,0,0,0,0,0,18,0,0,0,3,
367781829,482063181,163191997,10,3,0,0,15,0,39,400,0,17,0,0,0,0,0,0,0,17,0,0,0,3,
367991379,482063260,163191399,10,3,0,0,15,0,39,400,0,18,0,0,0,0,0,0,0,18,0,0,0,3,
368196162,482063335,163190796,10,3,0,0,15,0,39,400,0,17,0,0,0,0,0,0,0,17,0,0,0,3,
368400982,482063409,163190202,10,3,0,0,15,0,39,400,0,18,0,0,0,0,0,0,0,18,0,0,0,3,
368607628,482063486,163189600,10,3,0,0,15,0,39,400,0,19,0,0,0,0,0,0,0,19,0,0,0,3,
368815330,482063565,163188993,10,3,0,0,15,0,39,400,0,17,0,0,0,0,0,0,0,17,0,0,0,3,
369018839,482063642,163188388,10,3,0,0,15,0,39,400,0,18,0,0,0,0,0,0,0,18,0,0,0,3,
369225484,482063720,163187782,10,3,0,0,15,0,39,400,0,19,0,0,0,0,0,0,0,19,0,0,0,3,
369429925,482063799,163187171,10,3,0,0,15,0,39,400,0,18,0,0,0,0,0,0,0,18,0,0,0,3,
369635657,482063876,163186559,10,3,0,0,15,0,39,400,0,18,0,0,0,0,0,0,0,18,0,0,0,3,
369839989,482063953,163185948,10,3,0,0,15,0,39,400,0,18,0,0,0,0,0,0,0,18,0,0,0,3,
370047611,482064033,163185339,10,3,0,0,15,0,39,400,0,18,0,0,0,0,0,0,0,18,0,0,0,3,
370251390,482064115,163184733,10,3,0,0,15,0,39,400,0,18,0,0,0,0,0,0,0,18,0,0,0,3,
370456229,482064195,163184129,10,3,0,0,15,0,39,400,0,17,0,0,0,0,0,0,0,17,0,0,0,3,
370664032,482064275,163183524,10,3,0,0,15,0,39,400,0,18,0,0,0,0,0,0,0,18,0,0,0,3,
370868224,482064359,163182917,10,3,0,0,15,0,39,400,0,18,0,0,0,0,0,0,0,18,0,0,0,3,
371076622,482064446,163182303,10,3,0,0,15,0,39,400,0,18,0,0,0,0,0,0,0,18,0,0,0,3,
371281280,482064533,163181694,10,3,0,0,15,0,39,400,0,17,0,0,0,0,0,0,0,17,0,0,0,3,
371487335,482064619,163181085,10,3,0,0,15,0,39,400,0,18,0,0,0,0,0,0,0,18,0,0,0,3,
371690483,482064707,163180471,10,3,0,0,15,0,39,400,0,16,0,0,0,0,0,0,0,16,0,0,0,3,
371909236,482064796,163179859,10,3,0,0,15,0,39,400,0,19,0,0,0,0,0,0,0,19,0,0,0,3,
372108827,482064881,163179250,10,3,0,0,15,0,39,400,0,17,0,0,0,0,0,0,0,17,0,0,0,3,
372313107,482064966,163178641,10,3,0,0,15,0,39,400,0,18,0,0,0,0,0,0,0,18,0,0,0,3,
372518074,482065048,163178040,10,3,0,0,15,0,39,400,0,17,0,0,0,0,0,0,0,17,0,0,0,3,
372725200,482065131,163177439,10,3,0,0,15,0,39,400,0,16,0,0,0,0,0,0,0,16,0,0,0,3,
372934426,482065213,163176832,10,3,0,0,15,0,39,400,0,14,0,0,0,0,0,0,0,14,0,0,0,3,
373141976,482065291,163176227,10,3,0,0,15,0,39,400,0,16,0,0,0,0,0,0,0,16,0,0,0,3,
373346837,482065366,163175632,10,3,0,0,15,0,39,400,0,18,0,0,0,0,0,0,0,18,0,0,0,3,
373549711,482065440,163175039,10,3,0,0,15,0,39,400,0,17,0,0,0,0,0,0,0,17,0,0,0,3,
373754953,482065515,163174442,10,3,0,0,15,0,39,400,0,18,0,0,0,0,0,0,0,18,0,0,0,3,
373961248,482065590,163173842,10,3,0,0,15,0,39,400,0,18,0,0,0,0,0,0,0,18,0,0,0,3,
374166485,482065665,163173242,10,3,0,0,15,0,39,400,0,18,0,0,0,0,0,0,0,18,0,0,0,3,
374372494,482065743,163172642,10,3,0,0,15,0,39,400,0,18,0,0,0,0,0,0,0,18,0,0,0,3,
374578016,482065822,163172043,10,3,0,0,15,0,39,400,0,19,0,0,0,0,0,0,0,19,0,0,0,3,
374784745,482065898,163171446,10,3,0,0,15,0,39,400,0,13,0,0,0,0,0,0,0,13,0,0,0,3,
374993631,482065973,163170852,10,3,0,0,15,0,39,400,0,15,0,0,0,0,0,0,0,15,0,0,0,3,
375212010,482066046,163170257,10,3,0,0,15,0,39,400,0,16,0,0,0,0,0,0,0,16,0,0,0,3,
375417186,482066116,163169659,10,3,0,0,15,0,39,400,0,18,0,0,0,0,0,0,0,18,0,0,0,3,
375625479,482066183,163169075,10,3,0,0,15,0,39,400,0,18,0,0,0,0,0,0,0,18,0,0,0,3,
375828372,482066249,163168490,10,3,0,0,15,0,39,400,0,18,0,0,0,0,0,0,0,18,0,0,0,3,
376033683,482066318,163167900,10,3,0,0,15,0,39,400,0,18,0,0,0,0,0,0,0,18,0,0,0,3,
376240686,482066384,163167307,10,3,0,0,15,0,39,400,0,18,0,0,0,0,0,0,0,18,0,0,0,3,
376446166,482066449,163166712,10,3,0,0,15,0,39,400,0,18,0,0,0,0,0,0,0,18,0,0,0,3,
376651004,482066511,163166111,10,3,0,0,15,0,39,400,0,18,0,0,0,0,0,0,0,18,0,0,0,3,
376857298,482066574,163165512,10,3,0,0,15,0,39,400,0,18,0,0,0,0,0,0,0,18,0,0,0,3,
377061521,482066636,163164916,10,3,0,0,15,0,39,400,0,19,0,0,0,0,0,0,0,19,0,0,0,3,
377266731,482066701,163164323,10,3,0,0,15,0,39,400,0,17,0,0,0,0,0,0,0,17,0,0,0,3,
377471562,482066764,163163726,10,3,0,0,15,0,39,400,0,18,0,0,0,0,0,0,0,18,0,0,0,3,
377679751,482066826,163163129,10,3,0,0,15,0,39,400,0,17,0,0,0,0,0,0,0,17,0,0,0,3,
377885504,482066887,163162532,10,3,0,0,15,0,39,400,0,18,0,0,0,0,0,0,0,18,0,0,0,3,
378091185,482066950,163161934,10,3,0,0,15,0,39,400,0,19,0,0,0,0,0,0,0,19,0,0,0,3,
378297361,482067019,163161332,10,3,0,0,15,0,39,400,0,17,0,0,0,0,0,0,0,17,0,0,0,3,
378501599,482067090,163160733,10,3,0,0,15,0,39,400,0,18,0,0,0,0,0,0,0,18,0,0,0,3,
378708265,482067164,163160134,10,3,0,0,15,0,39,400,0,16,0,0,0,0,0,0,0,16,0,0,0,3,
378913801,482067237,163159530,10,3,0,0,15,0,39,400,0,17,0,0,0,0,0,0,0,17,0,0,0,3,
379118853,482067312,163158928,10,3,0,0,15,0,39,400,0,18,0,0,0,0,0,0,0,18,0,0,0,3,
379324501,482067391,163158328,10,3,0,0,15,0,39,400,0,18,0,0,0,0,0,0,0,18,0,0,0,3,
379529320,482067469,163157729,10,3,0,0,15,0,39,400,0,18,0,0,0,0,0,0,0,18,0,0,0,3,
379734701,482067548,163157126,10,3,0,0,15,0,39,400,0,19,0,0,0,0,0,0,0,19,0,0,0,3,
379946298,482067629,163156522,10,3,0,0,15,0,39,400,0,18,0,0,0,0,0,0,0,18,0,0,0,3,
380151154,482067711,163155914,10,3,0,0,15,0,39,400,0,19,0,0,0,0,0,0,0,19,0,0,0,3,
380359365,482067794,163155305,10,3,0,0,15,0,39,400,0,18,0,0,0,0,0,0,0,18,0,0,0,3,
380566721,482067877,163154699,10,3,0,0,15,0,39,400,0,19,0,0,0,0,0,0,0,19,0,0,0,3,
380773699,482067962,163154097,10,3,0,0,15,0,66,400,0,5,0,0,0,0,0,0,0,5,0,0,0,3,
380992389,482068046,163153495,10,3,0,0,15,0,66,400,0,0,0,0,0,0,0,0,0,0,0,0,0,3,
381201006,482068129,163152891,10,3,0,0,15,0,66,400,0,0,0,0,0,0,0,0,0,0,0,0,0,3,
381409216,482068211,163152293,10,3,0,0,15,0,66,400,0,0,0,0,0,0,0,0,0,0,0,0,0,3,
381614902,482068295,163151695,10,3,0,0,15,0,66,400,0,0,0,0,0,0,0,0,0,0,0,0,0,3,
381821280,482068382,163151095,10,3,0,0,15,0,66,400,0,0,0,0,0,0,0,0,0,0,0,0,0,3,
382029057,482068472,163150487,10,3,0,0,15,0,66,400,0,0,0,0,0,0,0,0,0,0,0,0,0,3,
382249778,482068562,163149866,10,3,0,0,15,0,66,400,0,0,0,0,0,0,0,0,0,0,0,0,0,3,
382459146,482068649,163149244,10,3,0,0,15,0,66,400,0,0,0,0,0,0,0,0,0,0,0,0,0,3,
382676927,482068733,163148619,10,3,0,0,15,0,66,400,0,0,0,0,0,0,0,0,0,0,0,0,0,3,
382882170,482068815,163147992,10,3,0,0,15,0,66,400,0,0,0,0,0,0,0,0,0,0,0,0,0,3,
383090264,482068895,163147364,10,3,0,0,15,0,66,400,0,0,0,0,0,0,0,0,0,0,0,0,0,3,
383300613,482068975,163146730,10,3,0,0,15,0,66,400,0,0,0,0,0,0,0,0,0,0,0,0,0,3,
383511543,482069056,163146105,10,3,0,0,15,0,66,400,0,0,0,0,0,0,0,0,0,0,0,0,0,3,
383724344,482069137,163145486,10,3,0,0,15,0,66,400,0,0,0,0,0,0,0,0,0,0,0,0,0,3,
383937732,482069219,163144864,10,3,0,0,15,0,66,400,0,0,0,0,0,0,0,0,0,0,0,0,0,3,
384155727,482069300,163144242,10,3,0,0,15,0,66,400,0,0,0,0,0,0,0,0,0,0,0,0,0,3,
384364957,482069376,163143629,10,3,0,0,15,0,66,400,0,0,0,0,0,0,0,0,0,0,0,0,0,3,
384580684,482069456,163143008,10,3,0,0,15,0,66,400,0,0,0,0,0,0,0,0,0,0,0,0,0,3,
384784218,482069537,163142388,10,3,0,0,15,0,66,400,0,0,0,0,0,0,0,0,0,0,0,0,0,3,
385008619,482069620,163141777,10,3,0,0,15,0,66,400,0,0,0,0,0,0,0,0,0,0,0,0,0,3,
385219068,482069705,163141164,10,3,0,0,15,0,66,400,0,0,0,0,0,0,0,0,0,0,0,0,0,3,
385434221,482069790,163140552,10,3,0,0,15,0,66,400,0,0,0,0,0,0,0,0,0,0,0,0,0,3,
385639263,482069870,163139946,10,3,0,0,15,0,66,400,0,0,0,0,0,0,0,0,0,0,0,0,0,3,
385846363,482069953,163139335,10,3,0,0,15,0,66,400,0,0,0,0,0,0,0,0,0,0,0,0,0,3,
386052249,482070037,163138714,10,3,0,0,15,0,66,400,0,0,0,0,0,0,0,0,0,0,0,0,0,3,
386256665,482070119,163138094,10,3,0,0,15,0,66,400,0,0,0,0,0,0,0,0,0,0,0,0,0,3,
386478284,482070200,163137481,10,3,0,0,15,0,66,400,0,0,0,0,0,0,0,0,0,0,0,0,0,3,
386687433,482070281,163136871,10,3,0,0,15,0,66,400,0,0,0,0,0,0,0,0,0,0,0,0,0,3,
386903087,482070365,163136258,10,3,0,0,15,0,66,400,0,0,0,0,0,0,0,0,0,0,0,0,0,3,
387112771,482070446,163135641,10,3,0,0,15,0,66,400,0,0,0,0,0,0,0,0,0,0,0,0,0,3,
387338379,482070523,163135030,10,3,0,0,15,0,66,400,0,0,0,0,0,0,0,0,0,0,0,0,0,3,
387549735,482070597,163134421,10,3,0,0,15,0,66,400,0,0,0,0,0,0,0,0,0,0,0,0,0,3,
387763119,482070670,163133814,10,3,0,0,15,0,66,400,0,0,0,0,0,0,0,0,0,0,0,0,0,3,
387970737,482070745,163133219,10,3,0,0,15,0,66,400,0,0,0,0,0,0,0,0,0,0,0,0,0,3,
388187601,482070821,163132615,10,3,0,0,15,0,66,400,0,0,0,0,0,0,0,0,0,0,0,0,0,3,
388396001,482070899,163131996,10,3,0,0,15,0,66,400,0,0,0,0,0,0,0,0,0,0,0,0,0,3,
388619585,482070979,163131377,10,3,0,0,15,0,66,400,0,0,0,0,0,0,0,0,0,0,0,0,0,3,
388838764,482071057,163130754,10,3,0,0,15,0,66,400,0,0,0,0,0,0,0,0,0,0,0,0,0,3,
389047975,482071135,163130133,10,3,0,0,15,0,66,400,0,0,0,0,0,0,0,0,0,0,0,0,0,3,
389255963,482071214,163129509,10,3,0,0,15,0,66,400,0,0,0,0,0,0,0,0,0,0,0,0,0,3,
389488168,482071294,163128883,10,3,0,0,15,0,66,400,0,0,0,0,0,0,0,0,0,0,0,0,0,3,
389717930,482071377,163128257,10,3,0,0,15,0,66,400,0,0,0,0,0,0,0,0,0,0,0,0,0,3,
389925384,482071462,163127628,10,3,0,0,15,0,66,400,0,0,0,0,0,0,0,0,0,0,0,0,0,3,
390137209,482071550,163127003,10,3,0,0,15,0,66,400,0,0,0,0,0,0,0,0,0,0,0,0,0,3,
390339980,482071642,163126368,10,3,0,0,15,0,66,400,0,0,0,0,0,0,0,0,0,0,0,0,0,3,
390554742,482071736,163125732,10,3,0,0,15,0,66,400,0,0,0,0,0,0,0,0,0,0,0,0,0,3,
390762280,482071833,163125088,10,3,0,0,15,0,66,400,0,0,0,0,0,0,0,0,0,0,0,0,0,3,
390969860,482071931,163124444,10,3,0,0,15,0,66,400,0,0,0,0,0,0,0,0,0,0,0,0,0,3,
391174700,482072027,163123809,10,3,0,0,15,0,66,400,0,0,0,0,0,0,0,0,0,0,0,0,0,3,
391379249,482072120,163123179,10,3,0,0,15,0,66,400,0,0,0,0,0,0,0,0,0,0,0,0,0,3,
391591592,482072215,163122546,10,3,0,0,15,0,66,400,0,0,0,0,0,0,0,0,0,0,0,0,0,3,
391794716,482072313,163121918,10,3,0,0,15,0,66,400,0,0,0,0,0,0,0,0,0,0,0,0,0,3,
392001148,482072408,163121294,10,3,0,0,15,0,66,400,0,0,0,0,0,0,0,0,0,0,0,0,0,3,
392216752,482072499,163120677,10,3,0,0,15,0,66,400,0,0,0,0,0,0,0,0,0,0,0,0,0,3,
392418542,482072591,163120061,10,3,0,0,15,0,66,400,0,0,0,0,0,0,0,0,0,0,0,0,0,3,
392626751,482072683,163119442,10,3,0,0,15,0,66,400,0,0,0,0,0,0,0,0,0,0,0,0,0,3,
392834573,482072774,163118822,10,3,0,0,15,0,66,400,0,0,0,0,0,0,0,0,0,0,0,0,0,3,
393039387,482072863,163118208,10,3,0,0,15,0,66,400,0,0,0,0,0,0,0,0,0,0,0,0,0,3,
393248740,482072951,163117592,10,3,0,0,15,0,66,400,0,0,0,0,0,0,0,0,0,0,0,0,0,3,
393462301,482073041,163116974,10,3,0,0,15,0,66,400,0,0,0,0,0,0,0,0,0,0,0,0,0,3,
393684964,482073131,163116357,10,3,0,0,15,0,66,400,0,0,0,0,0,0,0,0,0,0,0,0,0,3,
393899043,482073216,163115756,10,3,0,0,15,0,66,400,0,0,0,0,0,0,0,0,0,0,0,0,0,3,
394112812,482073298,163115150,10,3,0,0,15,0,66,400,0,0,0,0,0,0,0,0,0,0,0,0,0,3,
394321736,482073381,163114537,10,3,0,0,15,0,66,400,0,0,0,0,0,0,0,0,0,0,0,0,0,3,
394529389,482073465,163113919,10,3,0,0,15,0,66,400,0,0,0,0,0,0,0,0,0,0,0,0,0,3,
394748842,482073550,163113293,10,3,0,0,15,0,66,400,0,0,0,0,0,0,0,0,0,0,0,0,0,3,
394958040,482073635,163112666,10,3,0,0,15,0,66,400,0,0,0,0,0,0,0,0,0,0,0,0,0,3,
395178150,482073718,163112034,10,3,0,0,15,0,66,400,0,0,0,0,0,0,0,0,0,0,0,0,0,3,
395396846,482073803,163111394,10,3,0,0,15,0,66,400,0,0,0,0,0,0,0,0,0,0,0,0,0,3,
395611467,482073888,163110755,10,3,0,0,15,0,66,400,0,0,0,0,0,0,0,0,0,0,0,0,0,3,
395833012,482073973,163110112,10,3,0,0,15,0,66,400,0,0,0,0,0,0,0,0,0,0,0,0,0,3,
396036740,482074056,163109468,10,3,0,0,15,0,66,400,0,0,0,0,0,0,0,0,0,0,0,0,0,3,
396241942,482074139,163108827,10,3,0,0,15,0,66,400,0,0,0,0,0,0,0,0,0,0,0,0,0,3,
396455206,482074220,163108189,10,3,0,0,15,0,66,400,0,0,0,0,0,0,0,0,0,0,0,0,0,3,
396662123,482074299,163107537,10,3,0,0,15,0,66,400,0,0,0,0,0,0,0,0,0,0,0,0,0,3,
396865170,482074377,163106886,10,3,0,0,15,0,66,400,0,0,0,0,0,0,0,0,0,0,0,0,0,3,
397075271,482074454,163106245,10,3,0,0,15,0,66,400,0,0,0,0,0,0,0,0,0,0,0,0,0,3,
397288309,482074530,163105597,10,3,0,0,15,0,66,400,0,0,0,0,0,0,0,0,0,0,0,0,0,3,
397507247,482074606,163104960,10,3,0,0,15,0,66,400,0,0,0,0,0,0,0,0,0,0,0,0,0,3,
397722360,482074680,163104322,10,3,0,0,15,0,66,400,0,0,0,0,0,0,0,0,0,0,0,0,0,3,
397928810,482074756,163103684,10,3,0,0,15,0,66,400,0,0,0,0,0,0,0,0,0,0,0,0,0,3,
398139932,482074828,163103059,10,3,0,0,15,0,66,400,0,0,0,0,0,0,0,0,0,0,0,0,0,3,
398349908,482074901,163102435,10,3,0,0,15,0,66,400,0,0,0,0,0,0,0,0,0,0,0,0,0,3,
398564975,482074974,163101813,10,3,0,0,15,0,66,400,0,0,0,0,0,0,0,0,0,0,0,0,0,3,
398790259,482075048,163101185,10,3,0,0,15,0,66,400,0,0,0,0,0,0,0,0,0,0,0,0,0,3,
399000401,482075123,163100559,10,3,0,0,15,0,66,400,0,0,0,0,0,0,0,0,0,0,0,0,0,3,
399212789,482075199,163099935,10,3,0,0,15,0,66,400,0,0,0,0,0,0,0,0,0,0,0,0,0,3,
399421590,482075274,163099318,10,3,0,0,15,0,66,400,0,0,0,0,0,0,0,0,0,0,0,0,0,3,
399640587,482075351,163098700,10,3,0,0,15,0,66,400,0,0,0,0,0,0,0,0,0,0,0,0,0,3,
399855969,482075428,163098081,10,3,0,0,15,0,66,400,0,0,0,0,0,0,0,0,0,0,0,0,0,3,
400067638,482075506,163097460,10,3,0,0,15,0,66,400,0,0,0,0,0,0,0,0,0,0,0,0,0,3,
400275312,482075585,163096844,10,3,0,0,15,0,66,400,0,0,0,0,0,0,0,0,0,0,0,0,0,3,
400484221,482075667,163096223,10,3,0,0,15,0,66,400,0,0,0,0,0,0,0,0,0,0,0,0,0,3,
400694294,482075749,163095606,10,3,0,0,15,0,66,400,0,0,0,0,0,0,0,0,0,0,0,0,0,3,
400902187,482075833,163094984,10,3,0,0,15,0,66,400,0,0,0,0,0,0,0,0,0,0,0,0,0,3,
401111496,482075916,163094357,10,3,0,0,15,0,66,400,0,0,0,0,0,0,0,0,0,0,0,0,0,3,
401320656,482075998,163093737,10,3,0,0,15,0,66,400,0,0,0,0,0,0,0,0,0,0,0,0,0,3,
401542331,482076079,163093118,10,3,0,0,15,0,66,400,0,0,0,0,0,0,0,0,0,0,0,0,0,3,
401753635,482076158,163092498,10,3,0,0,15,0,66,400,0,0,0,0,0,0,0,0,0,0,0,0,0,3,
401968310,482076234,163091891,10,3,0,0,15,0,66,400,0,0,0,0,0,0,0,0,0,0,0,0,0,3,
402182308,482076308,163091283,10,3,0,0,15,0,66,400,0,0,0,0,0,0,0,0,0,0,0,0,0,3,
402387488,482076385,163090682,10,3,0,0,15,0,66,400,0,0,0,0,0,0,0,0,0,0,0,0,0,3,
402596259,482076462,163090072,10,3,0,0,15,0,66,400,0,0,0,0,0,0,0,0,0,0,0,0,0,3,
402806594,482076536,163089462,10,3,0,0,15,0,66,400,0,0,0,0,0,0,0,0,0,0,0,0,0,3,
403013988,482076610,163088837,10,3,0,0,15,0,66,400,0,0,0,0,0,0,0,0,0,0,0,0,0,3,
403220515,482076685,163088213,10,3,0,0,15,0,66,400,0,0,0,0,0,0,0,0,0,0,0,0,0,3,
403424081,482076763,163087588,10,3,0,0,15,0,66,400,0,0,0,0,0,0,0,0,0,0,0,0,0,3,
403628774,482076840,163086970,10,3,0,0,15,0,66,400,0,0,0,0,0,0,0,0,0,0,0,0,0,3,
403840778,482076918,163086353,10,3,0,0,15,0,66,400,0,0,0,0,0,0,0,0,0,0,0,0,0,3,
404049320,482077000,163085733,10,3,0,0,15,0,66,400,0,0,0,0,0,0,0,0,0,0,0,0,0,3,
404261164,482077086,163085113,10,3,0,0,15,0,66,400,0,0,0,0,0,0,0,0,0,0,0,0,0,3,
404474558,482077172,163084502,10,3,0,0,15,0,66,400,0,0,0,0,0,0,0,0,0,0,0,0,0,3,
404689768,482077260,163083897,10,3,0,0,15,0,39,400,0,9,0,0,0,0,0,0,0,9,0,0,0,3,
404897193,482077347,163083293,10,3,0,0,15,0,39,400,0,17,0,0,0,0,0,0,0,17,0,0,0,3,
405113134,482077434,163082690,10,3,0,0,15,0,39,400,0,17,0,0,0,0,0,0,0,17,0,0,0,3,
405321836,482077521,163082097,10,3,0,0,15,0,39,400,0,15,0,0,0,0,0,0,0,15,0,0,0,3,
405529396,482077614,163081492,10,3,0,0,15,0,39,400,0,18,0,0,0,0,0,0,0,18,0,0,0,3,
405733795,482077706,163080895,10,3,0,0,15,0,39,400,0,17,0,0,0,0,0,0,0,17,0,0,0,3,
405942981,482077800,163080296,10,3,0,0,15,0,39,400,0,19,0,0,0,0,0,0,0,19,0,0,0,3,
406147137,482077897,163079693,10,3,0,0,15,0,39,400,0,17,0,0,0,0,0,0,0,17,0,0,0,3,
406350377,482077995,163079077,10,3,0,0,15,0,39,400,0,18,0,0,0,0,0,0,0,18,0,0,0,3,
406556374,482078089,163078454,10,3,0,0,15,0,39,400,0,15,0,0,0,0,0,0,0,15,0,0,0,3,
406760363,482078181,163077835,10,3,0,0,15,0,39,400,0,17,0,0,0,0,0,0,0,17,0,0,0,3,
406965576,482078271,163077218,10,3,0,0,15,0,39,400,0,19,0,0,0,0,0,0,0,19,0,0,0,3,
407172176,482078361,163076603,10,3,0,0,15,0,39,400,0,18,0,0,0,0,0,0,0,18,0,0,0,3,
407378545,482078449,163075995,10,3,0,0,15,0,39,400,0,18,0,0,0,0,0,0,0,18,0,0,0,3,
407581537,482078536,163075385,10,3,0,0,15,0,39,400,0,18,0,0,0,0,0,0,0,18,0,0,0,3,
407791166,482078620,163074775,10,3,0,0,15,0,39,400,0,13,0,0,0,0,0,0,0,13,0,0,0,3,
407997679,482078701,163074161,10,3,0,0,15,0,39,400,0,18,0,0,0,0,0,0,0,18,0,0,0,3,
408207129,482078780,163073555,10,3,0,0,15,0,39,400,0,17,0,0,0,0,0,0,0,17,0,0,0,3,
408412262,482078857,163072952,10,3,0,0,15,0,39,400,0,17,0,0,0,0,0,0,0,17,0,0,0,3,
408622191,482078936,163072343,10,3,0,0,15,0,39,400,0,18,0,0,0,0,0,0,0,18,0,0,0,3,
408824178,482079014,163071742,10,3,0,0,15,0,39,400,0,17,0,0,0,0,0,0,0,17,0,0,0,3,
409028903,482079091,163071137,10,3,0,0,15,0,39,400,0,19,0,0,0,0,0,0,0,19,0,0,0,3,
409234452,482079166,163070532,10,3,0,0,15,0,39,400,0,15,0,0,0,0,0,0,0,15,0,0,0,3,
409441563,482079239,163069927,10,3,0,0,15,0,39,400,0,17,0,0,0,0,0,0,0,17,0,0,0,3,
409648041,482079307,163069323,10,3,0,0,15,0,39,400,0,18,0,0,0,0,0,0,0,18,0,0,0,3,
409850369,482079376,163068719,10,3,0,0,15,0,39,400,0,17,0,0,0,0,0,0,0,17,0,0,0,3,
410055660,482079445,163068112,10,3,0,0,15,0,39,400,0,19,0,0,0,0,0,0,0,19,0,0,0,3,
410260807,482079514,163067511,10,3,0,0,15,0,39,400,0,17,0,0,0,0,0,0,0,17,0,0,0,3,
410464700,482079585,163066914,10,3,0,0,15,0,39,400,0,16,0,0,0,0,0,0,0,16,0,0,0,3,
410675305,482079656,163066318,10,3,0,0,15,0,39,400,0,17,0,0,0,0,0,0,0,17,0,0,0,3,
410883411,482079728,163065724,10,3,0,0,15,0,39,400,0,18,0,0,0,0,0,0,0,18,0,0,0,3,
411088050,482079801,163065135,10,3,0,0,15,0,39,400,0,17,0,0,0,0,0,0,0,17,0,0,0,3,
411290844,482079874,163064546,10,3,0,0,15,0,39,400,0,17,0,0,0,0,0,0,0,17,0,0,0,3,
411495235,482079948,163063954,10,3,0,0,15,0,39,400,0,17,0,0,0,0,0,0,0,17,0,0,0,3,
411702517,482080023,163063357,10,3,0,0,15,0,39,400,0,15,0,0,0,0,0,0,0,15,0,0,0,3,
411909586,482080099,163062760,10,3,0,0,15,0,39,400,0,18,0,0,0,0,0,0,0,18,0,0,0,3,
412120997,482080175,163062160,10,3,0,0,15,0,39,400,0,17,0,0,0,0,0,0,0,17,0,0,0,3,
412332254,482080253,163061560,10,3,0,0,15,0,39,400,0,16,0,0,0,0,0,0,0,16,0,0,0,3,
412548968,482080334,163060970,10,3,0,0,15,0,39,400,0,18,0,0,0,0,0,0,0,18,0,0,0,3,
412756515,482080417,163060363,10,3,0,0,15,0,39,400,0,18,0,0,0,0,0,0,0,18,0,0,0,3,
412964287,482080499,163059750,10,3,0,0,15,0,39,400,0,17,0,0,0,0,0,0,0,17,0,0,0,3,
413171598,482080579,163059155,10,3,0,0,15,0,39,400,0,16,0,0,0,0,0,0,0,16,0,0,0,3,
413382998,482080660,163058546,10,3,0,0,15,0,39,400,0,17,0,0,0,0,0,0,0,17,0,0,0,3,
413592731,482080742,163057927,10,3,0,0,15,0,39,400,0,19,0,0,0,0,0,0,0,19,0,0,0,3,
413802178,482080822,163057312,10,3,0,0,15,0,39,400,0,17,0,0,0,0,0,0,0,17,0,0,0,3,
414032716,482080901,163056701,10,3,0,0,15,0,39,400,0,19,0,0,0,0,0,0,0,19,0,0,0,3,
414243657,482080980,163056086,10,3,0,0,15,0,39,400,0,17,0,0,0,0,0,0,0,17,0,0,0,3,
414459828,482081059,163055462,10,3,0,0,15,0,39,400,0,19,0,0,0,0,0,0,0,19,0,0,0,3,
414666733,482081138,163054838,10,3,0,0,15,0,39,400,0,17,0,0,0,0,0,0,0,17,0,0,0,3,
414872447,482081218,163054209,10,3,0,0,15,0,39,400,0,17,0,0,0,0,0,0,0,17,0,0,0,3,
415078084,482081299,163053580,10,3,0,0,15,0,39,400,0,16,0,0,0,0,0,0,0,16,0,0,0,3,
415287201,482081381,163052954,10,3,0,0,15,0,39,400,0,17,0,0,0,0,0,0,0,17,0,0,0,3,
415491829,482081466,163052329,10,3,0,0,15,0,39,400,0,16,0,0,0,0,0,0,0,16,0,0,0,3,
415696233,482081552,163051711,10,3,0,0,15,0,39,400,0,17,0,0,0,0,0,0,0,17,0,0,0,3,
415904418,482081638,163051096,10,3,0,0,15,0,39,400,0,18,0,0,0,0,0,0,0,18,0,0,0,3,
416110086,482081726,163050486,10,3,0,0,15,0,39,400,0,18,0,0,0,0,0,0,0,18,0,0,0,3,
416321229,482081815,163049882,10,3,0,0,15,0,39,400,0,18,0,0,0,0,0,0,0,18,0,0,0,3,
416532700,482081907,163049275,10,3,0,0,15,0,39,400,0,17,0,0,0,0,0,0,0,17,0,0,0,3,
416733344,482081998,163048668,10,3,0,0,15,0,39,400,0,16,0,0,0,0,0,0,0,16,0,0,0,3,
416941807,482082089,163048060,10,3,0,0,15,0,39,400,0,15,0,0,0,0,0,0,0,15,0,0,0,3,
417150068,482082177,163047459,10,3,0,0,15,0,39,400,0,18,0,0,0,0,0,0,0,18,0,0,0,3,
417356597,482082264,163046855,10,3,0,0,15,0,39,400,0,17,0,0,0,0,0,0,0,17,0,0,0,3,
417570059,482082349,163046254,10,3,0,0,15,0,39,400,0,17,0,0,0,0,0,0,0,17,0,0,0,3,
417776784,482082432,163045640,10,3,0,0,15,0,39,400,0,15,0,0,0,0,0,0,0,15,0,0,0,3,
417983044,482082512,163045029,10,3,0,0,15,0,39,400,0,15,0,0,0,0,0,0,0,15,0,0,0,3,
418186249,482082586,163044440,10,3,0,0,15,0,39,400,0,18,0,0,0,0,0,0,0,18,0,0,0,3,
418393688,482082658,163043844,10,3,0,0,15,0,39,400,0,16,0,0,0,0,0,0,0,16,0,0,0,3,
418597407,482082731,163043234,10,3,0,0,15,0,39,400,0,17,0,0,0,0,0,0,0,17,0,0,0,3,
418801538,482082806,163042626,10,3,0,0,15,0,39,400,0,18,0,0,0,0,0,0,0,18,0,0,0,3,
419011015,482082881,163042023,10,3,0,0,15,0,39,400,0,17,0,0,0,0,0,0,0,17,0,0,0,3,
419211833,482082955,163041415,10,3,0,0,15,0,39,400,0,14,0,0,0,0,0,0,0,14,0,0,0,3,
419416005,482083027,163040806,10,3,0,0,15,0,39,400,0,18,0,0,0,0,0,0,0,18,0,0,0,3,
419622317,482083098,163040193,10,3,0,0,15,0,39,400,0,18,0,0,0,0,0,0,0,18,0,0,0,3,
419834370,482083169,163039586,10,3,0,0,15,0,39,400,0,15,0,0,0,0,0,0,0,15,0,0,0,3,
420054480,482083247,163038983,10,3,0,0,15,0,39,400,0,17,0,0,0,0,0,0,0,17,0,0,0,3,
420259826,482083328,163038376,10,3,0,0,15,0,39,400,0,16,0,0,0,0,0,0,0,16,0,0,0,3,
420465782,482083407,163037775,10,3,0,0,15,0,39,400,0,18,0,0,0,0,0,0,0,18,0,0,0,3,
420670469,482083484,163037175,10,3,0,0,15,0,39,400,0,18,0,0,0,0,0,0,0,18,0,0,0,3,
420875464,482083561,163036570,10,3,0,0,15,0,39,400,0,18,0,0,0,0,0,0,0,18,0,0,0,3,
421080852,482083640,163035965,10,3,0,0,15,0,39,400,0,18,0,0,0,0,0,0,0,18,0,0,0,3,
421288828,482083721,163035361,10,3,0,0,15,0,39,400,0,17,0,0,0,0,0,0,0,17,0,0,0,3,
421494138,482083805,163034752,10,3,0,0,15,0,39,400,0,16,0,0,0,0,0,0,0,16,0,0,0,3,
421701050,482083888,163034144,10,3,0,0,15,0,39,400,0,19,0,0,0,0,0,0,0,19,0,0,0,3,
421908523,482083970,163033542,10,3,0,0,15,0,39,400,0,18,0,0,0,0,0,0,0,18,0,0,0,3,
422114235,482084053,163032932,10,3,0,0,15,0,39,400,0,17,0,0,0,0,0,0,0,17,0,0,0,3,
422319213,482084137,163032320,10,3,0,0,15,0,39,400,0,17,0,0,0,0,0,0,0,17,0,0,0,3,
422526306,482084218,163031714,10,3,0,0,15,0,39,400,0,18,0,0,0,0,0,0,0,18,0,0,0,3,
422730067,482084298,163031110,10,3,0,0,15,0,39,400,0,14,0,0,0,0,0,0,0,14,0,0,0,3,
422934401,482084378,163030512,10,3,0,0,15,0,39,400,0,18,0,0,0,0,0,0,0,18,0,0,0,3,
423141299,482084456,163029917,10,3,0,0,15,0,39,400,0,18,0,0,0,0,0,0,0,18,0,0,0,3,
423346332,482084533,163029323,10,3,0,0,15,0,39,400,0,17,0,0,0,0,0,0,0,17,0,0,0,3,
423550378,482084613,163028720,10,3,0,0,15,0,39,400,0,18,0,0,0,0,0,0,0,18,0,0,0,3,
423757999,482084693,163028115,10,3,0,0,15,0,39,400,0,18,0,0,0,0,0,0,0,18,0,0,0,3,
423966428,482084772,163027508,10,3,0,0,15,0,39,400,0,13,0,0,0,0,0,0,0,13,0,0,0,3,
424175563,482084852,163026907,10,3,0,0,15,0,39,400,0,18,0,0,0,0,0,0,0,18,0,0,0,3,
424380665,482084931,163026304,10,3,0,0,15,0,39,400,0,19,0,0,0,0,0,0,0,19,0,0,0,3,
424586308,482085008,163025700,10,3,0,0,15,0,39,400,0,18,0,0,0,0,0,0,0,18,0,0,0,3,
424791077,482085084,163025101,10,3,0,0,15,0,39,400,0,18,0,0,0,0,0,0,0,18,0,0,0,3,
424997517,482085161,163024499,10,3,0,0,15,0,39,400,0,18,0,0,0,0,0,0,0,18,0,0,0,3,
425201309,482085239,163023894,10,3,0,0,15,0,39,400,0,16,0,0,0,0,0,0,0,16,0,0,0,3,
425405951,482085320,163023289,10,3,0,0,15,0,39,400,0,17,0,0,0,0,0,0,0,17,0,0,0,3,
425611807,482085401,163022686,10,3,0,0,15,0,39,400,0,18,0,0,0,0,0,0,0,18,0,0,0,3,
425816386,482085484,163022076,10,3,0,0,15,0,39,400,0,18,0,0,0,0,0,0,0,18,0,0,0,3,
426021592,482085568,163021470,10,3,0,0,15,0,39,400,0,18,0,0,0,0,0,0,0,18,0,0,0,3,
426230781,482085653,163020870,10,3,0,0,15,0,39,400,0,18,0,0,0,0,0,0,0,18,0,0,0,3,
426437397,482085739,163020271,10,3,0,0,15,0,39,400,0,18,0,0,0,0,0,0,0,18,0,0,0,3,
426644460,482085824,163019675,10,3,0,0,15,0,39,400,0,17,0,0,0,0,0,0,0,17,0,0,0,3,
426874533,482085907,163019083,10,3,0,0,15,0,39,400,0,13,0,0,0,0,0,0,0,13,0,0,0,3,
427081407,482085992,163018482,10,3,0,0,15,0,39,400,0,17,0,0,0,0,0,0,0,17,0,0,0,3,
427288278,482086076,163017880,10,3,0,0,15,0,39,400,0,17,0,0,0,0,0,0,0,17,0,0,0,3,
427494782,482086157,163017288,10,3,0,0,15,0,39,400,0,16,0,0,0,0,0,0,0,16,0,0,0,3,
427700693,482086236,163016690,10,3,0,0,15,0,39,400,0,18,0,0,0,0,0,0,0,18,0,0,0,3,
427907748,482086317,163016078,10,3,0,0,15,0,39,400,0,18,0,0,0,0,0,0,0,18,0,0,0,3,
428113502,482086397,163015470,10,3,0,0,15,0,39,400,0,17,0,0,0,0,0,0,0,17,0,0,0,3,
428318174,482086476,163014867,10,3,0,0,15,0,39,400,0,17,0,0,0,0,0,0,0,17,0,0,0,3,
428523352,482086556,163014263,10,3,0,0,15,0,39,400,0,16,0,0,0,0,0,0,0,16,0,0,0,3,
428732528,482086635,163013659,10,3,0,0,15,0,39,400,0,15,0,0,0,0,0,0,0,15,0,0,0,3,
428936878,482086714,163013058,10,3,0,0,15,0,39,400,0,18,0,0,0,0,0,0,0,18,0,0,0,3,
429144617,482086797,163012450,10,3,0,0,15,0,39,400,0,19,0,0,0,0,0,0,0,19,0,0,0,3,
429351167,482086882,163011850,10,3,0,0,15,0,39,400,0,18,0,0,0,0,0,0,0,18,0,0,0,3,
429555541,482086968,163011250,10,3,0,0,15,0,39,400,0,16,0,0,0,0,0,0,0,16,0,0,0,3,
429758744,482087053,163010653,10,3,0,0,15,0,39,400,0,16,0,0,0,0,0,0,0,16,0,0,0,3,
429962529,482087141,163010051,10,3,0,0,15,0,39,400,0,17,0,0,0,0,0,0,0,17,0,0,0,3,
430170038,482087228,163009456,10,3,0,0,15,0,39,400,0,18,0,0,0,0,0,0,0,18,0,0,0,3,
430373701,482087313,163008865,10,3,0,0,15,0,39,400,0,17,0,0,0,0,0,0,0,17,0,0,0,3,
430579018,482087398,163008280,10,3,0,0,15,0,39,400,0,16,0,0,0,0,0,0,0,16,0,0,0,3,
430785260,482087483,163007691,10,3,0,0,15,0,39,400,0,18,0,0,0,0,0,0,0,18,0,0,0,3,
430991281,482087572,163007101,10,3,0,0,15,0,39,400,0,17,0,0,0,0,0,0,0,17,0,0,0,3,
431198700,482087660,163006518,10,3,0,0,15,0,39,400,0,18,0,0,0,0,0,0,0,18,0,0,0,3,
431403781,482087746,163005934,10,3,0,0,15,0,39,400,0,18,0,0,0,0,0,0,0,18,0,0,0,3,
431622356,482087836,163005350,10,3,0,0,15,0,39,400,0,18,0,0,0,0,0,0,0,18,0,0,0,3,
431816695,482087925,163004768,10,3,0,0,15,0,39,400,0,18,0,0,0,0,0,0,0,18,0,0,0,3,
432023936,482088012,163004188,10,3,0,0,15,0,39,400,0,17,0,0,0,0,0,0,0,17,0,0,0,3,
432228556,482088101,163003604,10,3,0,0,15,0,39,400,0,16,0,0,0,0,0,0,0,16,0,0,0,3,
432435231,482088191,163003022,10,3,0,0,15,0,39,400,0,18,0,0,0,0,0,0,0,18,0,0,0,3,
432641685,482088282,163002443,10,3,0,0,15,0,39,400,0,18,0,0,0,0,0,0,0,18,0,0,0,3,
432847853,482088375,163001861,10,3,0,0,15,0,39,400,0,18,0,0,0,0,0,0,0,18,0,0,0,3,
433053508,482088473,163001277,10,3,0,0,15,0,39,400,0,18,0,0,0,0,0,0,0,18,0,0,0,3,
433276115,482088572,163000691,10,3,0,0,15,0,39,400,0,17,0,0,0,0,0,0,0,17,0,0,0,3,
433480535,482088670,163000104,10,3,0,0,15,0,39,400,0,17,0,0,0,0,0,0,0,17,0,0,0,3,
433688344,482088767,162999513,10,3,0,0,15,0,39,400,0,17,0,0,0,0,0,0,0,17,0,0,0,3,
433907797,482088866,162998920,10,3,0,0,15,0,39,400,0,16,0,0,0,0,0,0,0,16,0,0,0,3,
434114195,482088965,162998330,10,3,0,0,15,0,39,400,0,16,0,0,0,0,0,0,0,16,0,0,0,3,
434320141,482089064,162997736,10,3,0,0,15,0,39,400,0,17,0,0,0,0,0,0,0,17,0,0,0,3,
434526050,482089161,162997146,10,3,0,0,15,0,39,400,0,18,0,0,0,0,0,0,0,18,0,0,0,3,
434734665,482089255,162996546,10,3,0,0,15,0,39,400,0,18,0,0,0,0,0,0,0,18,0,0,0,3,
434940469,482089348,162995938,10,3,0,0,15,0,39,400,0,17,0,0,0,0,0,0,0,17,0,0,0,3,
435143621,482089440,162995328,10,3,0,0,15,0,39,400,0,17,0,0,0,0,0,0,0,17,0,0,0,3,
435348450,482089530,162994721,10,3,0,0,15,0,39,400,0,18,0,0,0,0,0,0,0,18,0,0,0,3,
435558510,482089620,162994110,10,3,0,0,15,0,39,400,0,18,0,0,0,0,0,0,0,18,0,0,0,3,
435763554,482089705,162993497,10,3,0,0,15,0,39,400,0,18,0,0,0,0,0,0,0,18,0,0,0,3,
435968804,482089788,162992877,10,3,0,0,15,0,39,400,0,16,0,0,0,0,0,0,0,16,0,0,0,3,
436173365,482089870,162992271,10,3,0,0,15,0,39,400,0,18,0,0,0,0,0,0,0,18,0,0,0,3,
436380368,482089952,162991660,10,3,0,0,15,0,39,400,0,18,0,0,0,0,0,0,0,18,0,0,0,3,
436584252,482090032,162991049,10,3,0,0,15,0,39,400,0,18,0,0,0,0,0,0,0,18,0,0,0,3,
436788130,482090113,162990432,10,3,0,0,15,0,39,400,0,15,0,0,0,0,0,0,0,15,0,0,0,3,
436992398,482090193,162989819,10,3,0,0,15,0,39,400,0,17,0,0,0,0,0,0,0,17,0,0,0,3,
437201463,482090270,162989203,10,3,0,0,15,0,39,400,0,17,0,0,0,0,0,0,0,17,0,0,0,3,
437406649,482090347,162988591,10,3,0,0,15,0,39,400,0,17,0,0,0,0,0,0,0,17,0,0,0,3,
437617224,482090425,162987976,10,3,0,0,15,0,39,400,0,17,0,0,0,0,0,0,0,17,0,0,0,3,
437821441,482090501,162987369,10,3,0,0,15,0,39,400,0,17,0,0,0,0,0,0,0,17,0,0,0,3,
438029059,482090580,162986770,10,3,0,0,15,0,39,400,0,14,0,0,0,0,0,0,0,14,0,0,0,3,
438234609,482090659,162986178,10,3,0,0,15,0,39,400,0,18,0,0,0,0,0,0,0,18,0,0,0,3,
438439267,482090739,162985580,10,3,0,0,15,0,39,400,0,18,0,0,0,0,0,0,0,18,0,0,0,3,
438646472,482090819,162984990,10,3,0,0,15,0,39,400,0,17,0,0,0,0,0,0,0,17,0,0,0,3,
438852289,482090902,162984401,10,3,0,0,15,0,39,400,0,18,0,0,0,0,0,0,0,18,0,0,0,3,
439057368,482090987,162983799,10,3,0,0,15,0,39,400,0,18,0,0,0,0,0,0,0,18,0,0,0,3,
439273340,482091073,162983194,10,3,0,0,15,0,39,400,0,15,0,0,0,0,0,0,0,15,0,0,0,3,
439480123,482091159,162982586,10,3,0,0,15,0,39,400,0,16,0,0,0,0,0,0,0,16,0,0,0,3,
439685963,482091245,162981981,10,3,0,0,15,0,39,400,0,18,0,0,0,0,0,0,0,18,0,0,0,3,
439889013,482091329,162981384,10,3,0,0,15,0,39,400,0,18,0,0,0,0,0,0,0,18,0,0,0,3,
440094198,482091413,162980792,10,3,0,0,15,0,39,400,0,18,0,0,0,0,0,0,0,18,0,0,0,3,
440300037,482091500,162980189,10,3,0,0,15,0,39,400,0,13,0,0,0,0,0,0,0,13,0,0,0,3,
440505831,482091587,162979588,10,3,0,0,15,0,39,400,0,17,0,0,0,0,0,0,0,17,0,0,0,3,
440712929,482091673,162978992,10,3,0,0,15,0,39,400,0,18,0,0,0,0,0,0,0,18,0,0,0,3,
440917053,482091758,162978396,10,3,0,0,15,0,39,400,0,17,0,0,0,0,0,0,0,17,0,0,0,3,
441126896,482091843,162977799,10,3,0,0,15,0,39,400,0,14,0,0,0,0,0,0,0,14,0,0,0,3,
441332751,482091927,162977206,10,3,0,0,15,0,39,400,0,13,0,0,0,0,0,0,0,13,0,0,0,3,
441549092,482092008,162976613,10,3,0,0,15,0,39,400,0,19,0,0,0,0,0,0,0,19,0,0,0,3,
441760965,482092088,162976024,10,3,0,0,15,0,39,400,0,18,0,0,0,0,0,0,0,18,0,0,0,3,
441972381,482092163,162975436,10,3,0,0,15,0,39,400,0,17,0,0,0,0,0,0,0,17,0,0,0,3,
442184108,482092235,162974857,10,3,0,0,15,0,39,400,0,18,0,0,0,0,0,0,0,18,0,0,0,3,
442388072,482092308,162974270,10,3,0,0,15,0,39,400,0,17,0,0,0,0,0,0,0,17,0,0,0,3,
442594016,482092380,162973686,10,3,0,0,15,0,39,400,0,15,0,0,0,0,0,0,0,15,0,0,0,3,
442805645,482092449,162973112,10,3,0,0,15,0,39,400,0,16,0,0,0,0,0,0,0,16,0,0,0,3,
443010748,482092522,162972515,10,3,0,0,15,0,39,400,0,18,0,0,0,0,0,0,0,18,0,0,0,3,
443217299,482092596,162971916,10,3,0,0,15,0,39,400,0,18,0,0,0,0,0,0,0,18,0,0,0,3,
443419636,482092668,162971324,10,3,0,0,15,0,39,400,0,17,0,0,0,0,0,0,0,17,0,0,0,3,
443625587,482092738,162970725,10,3,0,0,15,0,39,400,0,18,0,0,0,0,0,0,0,18,0,0,0,3,
443836515,482092807,162970121,10,3,0,0,15,0,39,400,0,18,0,0,0,0,0,0,0,18,0,0,0,3,
444042500,482092877,162969516,10,3,0,0,15,0,39,400,0,17,0,0,0,0,0,0,0,17,0,0,0,3,
444247282,482092945,162968910,10,3,0,0,15,0,39,400,0,18,0,0,0,0,0,0,0,18,0,0,0,3,
444453140,482093012,162968310,10,3,0,0,15,0,39,400,0,16,0,0,0,0,0,0,0,16,0,0,0,3,
444658403,482093078,162967712,10,3,0,0,15,0,39,400,0,16,0,0,0,0,0,0,0,16,0,0,0,3,
444862267,482093145,162967097,10,3,0,0,15,0,39,400,0,18,0,0,0,0,0,0,0,18,0,0,0,3,
445075113,482093214,162966485,10,3,0,0,15,0,39,400,0,18,0,0,0,0,0,0,0,18,0,0,0,3,
445280042,482093283,162965877,10,3,0,0,15,0,39,400,0,18,0,0,0,0,0,0,0,18,0,0,0,3,
445489284,482093354,162965264,10,3,0,0,15,0,39,400,0,16,0,0,0,0,0,0,0,16,0,0,0,3,
445691248,482093419,162964658,10,3,0,0,15,0,39,400,0,17,0,0,0,0,0,0,0,17,0,0,0,3,
445899980,482093485,162964056,10,3,0,0,15,0,39,400,0,16,0,0,0,0,0,0,0,16,0,0,0,3,
446106622,482093551,162963447,10,3,0,0,15,0,39,400,0,18,0,0,0,0,0,0,0,18,0,0,0,3,
446311722,482093617,162962828,10,3,0,0,15,0,39,400,0,17,0,0,0,0,0,0,0,17,0,0,0,3,
446517465,482093685,162962208,10,3,0,0,15,0,39,400,0,16,0,0,0,0,0,0,0,16,0,0,0,3,
446722978,482093754,162961595,10,3,0,0,15,0,39,400,0,18,0,0,0,0,0,0,0,18,0,0,0,3,
446929793,482093825,162960983,10,3,0,0,15,0,39,400,0,18,0,0,0,0,0,0,0,18,0,0,0,3,
447135108,482093897,162960364,10,3,0,0,15,0,39,400,0,18,0,0,0,0,0,0,0,18,0,0,0,3,
447338853,482093969,162959742,10,3,0,0,15,0,39,400,0,17,0,0,0,0,0,0,0,17,0,0,0,3,
447547436,482094040,162959125,10,3,0,0,15,0,39,400,0,18,0,0,0,0,0,0,0,18,0,0,0,3,
447752196,482094113,162958511,10,3,0,0,15,0,39,400,0,17,0,0,0,0,0,0,0,17,0,0,0,3,
447957096,482094188,162957898,10,3,0,0,15,0,39,400,0,18,0,0,0,0,0,0,0,18,0,0,0,3,
448171356,482094267,162957289,10,3,0,0,15,0,39,400,0,16,0,0,0,0,0,0,0,16,0,0,0,3,
448404706,482094348,162956675,10,3,0,0,15,0,39,400,0,16,0,0,0,0,0,0,0,16,0,0,0,3,
448610593,482094431,162956063,10,3,0,0,15,0,39,400,0,17,0,0,0,0,0,0,0,17,0,0,0,3,
448816365,482094515,162955450,10,3,0,0,15,0,39,400,0,16,0,0,0,0,0,0,0,16,0,0,0,3,
449020894,482094596,162954861,10,3,0,0,15,0,39,400,0,16,0,0,0,0,0,0,0,16,0,0,0,3,
449226852,482094675,162954272,10,3,0,0,15,0,39,400,0,18,0,0,0,0,0,0,0,18,0,0,0,3,
449431552,482094759,162953664,10,3,0,0,15,0,39,400,0,18,0,0,0,0,0,0,0,18,0,0,0,3,
449635398,482094847,162953050,10,3,0,0,15,0,39,400,0,18,0,0,0,0,0,0,0,18,0,0,0,3,
449840968,482094937,162952436,10,3,0,0,15,0,39,400,0,18,0,0,0,0,0,0,0,18,0,0,0,3,
450045386,482095025,162951822,10,3,0,0,15,0,39,400,0,16,0,0,0,0,0,0,0,16,0,0,0,3,
450251639,482095112,162951214,10,3,0,0,15,0,39,400,0,17,0,0,0,0,0,0,0,17,0,0,0,3,
450457396,482095200,162950609,10,3,0,0,15,0,39,400,0,18,0,0,0,0,0,0,0,18,0,0,0,3,
450669149,482095289,162949999,10,3,0,0,15,0,39,400,0,16,0,0,0,0,0,0,0,16,0,0,0,3,
450876025,482095376,162949389,10,3,0,0,15,0,39,400,0,17,0,0,0,0,0,0,0,17,0,0,0,3,
451090797,482095463,162948782,10,3,0,0,15,0,39,400,0,19,0,0,0,0,0,0,0,19,0,0,0,3,
451306719,482095548,162948184,10,3,0,0,15,0,39,400,0,18,0,0,0,0,0,0,0,18,0,0,0,3,
451511222,482095632,162947592,10,3,0,0,15,0,39,400,0,17,0,0,0,0,0,0,0,17,0,0,0,3,
451729477,482095717,162947002,10,3,0,0,15,0,39,400,0,19,0,0,0,0,0,0,0,19,0,0,0,3,
451942239,482095803,162946415,10,3,0,0,15,0,39,400,0,15,0,0,0,0,0,0,0,15,0,0,0,3,
452148637,482095888,162945812,10,3,0,0,15,0,39,400,0,17,0,0,0,0,0,0,0,17,0,0,0,3,
452357920,482095973,162945210,10,3,0,0,15,0,39,400,0,17,0,0,0,0,0,0,0,17,0,0,0,3,
452562124,482096059,162944609,10,3,0,0,15,0,39,400,0,18,0,0,0,0,0,0,0,18,0,0,0,3,
452766705,482096145,162943999,10,3,0,0,15,0,39,400,0,18,0,0,0,0,0,0,0,18,0,0,0,3,
452974796,482096228,162943381,10,3,0,0,15,0,39,400,0,17,0,0,0,0,0,0,0,17,0,0,0,3,
453184616,482096308,162942766,10,3,0,0,15,0,39,400,0,18,0,0,0,0,0,0,0,18,0,0,0,3,
453397225,482096391,162942151,10,3,0,0,15,0,39,400,0,16,0,0,0,0,0,0,0,16,0,0,0,3,
453601706,482096473,162941535,10,3,0,0,15,0,39,400,0,17,0,0,0,0,0,0,0,17,0,0,0,3,
453813499,482096554,162940927,10,3,0,0,15,0,39,400,0,18,0,0,0,0,0,0,0,18,0,0,0,3,
454022707,482096638,162940313,10,3,0,0,15,0,39,400,0,17,0,0,0,0,0,0,0,17,0,0,0,3,
454228600,482096725,162939700,10,3,0,0,15,0,39,400,0,18,0,0,0,0,0,0,0,18,0,0,0,3,
454441459,482096808,162939099,10,3,0,0,15,0,39,400,0,18,0,0,0,0,0,0,0,18,0,0,0,3,
454648525,482096892,162938495,10,3,0,0,15,0,39,400,0,18,0,0,0,0,0,0,0,18,0,0,0,3,
454857383,482096980,162937887,10,3,0,0,15,0,39,400,0,17,0,0,0,0,0,0,0,17,0,0,0,3,
455062479,482097068,162937287,10,3,0,0,15,0,39,400,0,18,0,0,0,0,0,0,0,18,0,0,0,3,
455268568,482097159,162936671,10,3,0,0,15,0,39,400,0,18,0,0,0,0,0,0,0,18,0,0,0,3,
455479085,482097251,162936057,10,3,0,0,15,0,39,400,0,17,0,0,0,0,0,0,0,17,0,0,0,3,
455699890,482097342,162935451,10,3,0,0,15,0,39,400,0,19,0,0,0,0,0,0,0,19,0,0,0,3,
455938563,482097432,162934848,10,3,0,0,15,0,39,400,0,19,0,0,0,0,0,0,0,19,0,0,0,3,
456143111,482097519,162934245,10,3,0,0,15,0,39,400,0,18,0,0,0,0,0,0,0,18,0,0,0,3,
456350121,482097606,162933652,10,3,0,0,15,0,39,400,0,17,0,0,0,0,0,0,0,17,0,0,0,3,
456555296,482097693,162933060,10,3,0,0,15,0,39,400,0,18,0,0,0,0,0,0,0,18,0,0,0,3,
456761704,482097781,162932447,10,3,0,0,15,0,39,400,0,17,0,0,0,0,0,0,0,17,0,0,0,3,
456971248,482097871,162931825,10,3,0,0,15,0,39,400,0,18,0,0,0,0,0,0,0,18,0,0,0,3,
457174211,482097963,162931198,10,3,0,0,15,0,39,400,0,17,0,0,0,0,0,0,0,17,0,0,0,3,
457381650,482098055,162930579,10,3,0,0,15,0,39,400,0,17,0,0,0,0,0,0,0,17,0,0,0,3,
457586327,482098145,162929963,10,3,0,0,15,0,39,400,0,15,0,0,0,0,0,0,0,15,0,0,0,3,
457791847,482098233,162929347,10,3,0,0,15,0,39,400,0,17,0,0,0,0,0,0,0,17,0,0,0,3,
458000169,482098318,162928737,10,3,0,0,15,0,39,400,0,19,0,0,0,0,0,0,0,19,0,0,0,3,
458204437,482098404,162928121,10,3,0,0,15,0,39,400,0,18,0,0,0,0,0,0,0,18,0,0,0,3,
458410720,482098490,162927504,10,3,0,0,15,0,39,400,0,17,0,0,0,0,0,0,0,17,0,0,0,3,
458614584,482098571,162926894,10,3,0,0,15,0,39,400,0,18,0,0,0,0,0,0,0,18,0,0,0,3,
458818614,482098653,162926287,10,3,0,0,15,0,39,400,0,16,0,0,0,0,0,0,0,16,0,0,0,3,
459023285,482098736,162925678,10,3,0,0,15,0,39,400,0,18,0,0,0,0,0,0,0,18,0,0,0,3,
459267660,482098821,162925068,10,3,0,0,15,0,39,400,0,19,0,0,0,0,0,0,0,19,0,0,0,3,
459494369,482098903,162924457,10,3,0,0,15,0,39,400,0,16,0,0,0,0,0,0,0,16,0,0,0,3,
459701727,482098983,162923844,10,3,0,0,15,0,39,400,0,17,0,0,0,0,0,0,0,17,0,0,0,3,
459905505,482099062,162923223,10,3,0,0,15,0,39,400,0,18,0,0,0,0,0,0,0,18,0,0,0,3,
460110049,482099138,162922624,10,3,0,0,15,0,39,400,0,16,0,0,0,0,0,0,0,16,0,0,0,3,
460319585,482099213,162922012,10,3,0,0,15,0,39,400,0,18,0,0,0,0,0,0,0,18,0,0,0,3,
460523425,482099292,162921394,10,3,0,0,15,0,39,400,0,18,0,0,0,0,0,0,0,18,0,0,0,3,
460727802,482099375,162920773,10,3,0,0,15,0,39,400,0,18,0,0,0,0,0,0,0,18,0,0,0,3,
460935087,482099459,162920157,10,3,0,0,15,0,39,400,0,18,0,0,0,0,0,0,0,18,0,0,0,3,
461141941,482099543,162919543,10,3,0,0,15,0,39,400,0,18,0,0,0,0,0,0,0,18,0,0,0,3,
461347114,482099628,162918924,10,3,0,0,15,0,39,400,0,17,0,0,0,0,0,0,0,17,0,0,0,3,
461553977,482099714,162918304,10,3,0,0,15,0,39,400,0,17,0,0,0,0,0,0,0,17,0,0,0,3,
461765138,482099803,162917690,10,3,0,0,15,0,39,400,0,16,0,0,0,0,0,0,0,16,0,0,0,3,
461971760,482099892,162917077,10,3,0,0,15,0,39,400,0,17,0,0,0,0,0,0,0,17,0,0,0,3,
462177923,482099983,162916464,10,3,0,0,15,0,39,400,0,17,0,0,0,0,0,0,0,17,0,0,0,3,
462383289,482100075,162915849,10,3,0,0,15,0,39,400,0,18,0,0,0,0,0,0,0,18,0,0,0,3,
462593187,482100166,162915237,10,3,0,0,15,0,39,400,0,18,0,0,0,0,0,0,0,18,0,0,0,3,
462799236,482100264,162914625,10,3,0,0,15,0,39,400,0,18,0,0,0,0,0,0,0,18,0,0,0,3,
463008004,482100364,162914014,10,3,0,0,15,0,39,400,0,17,0,0,0,0,0,0,0,17,0,0,0,3,
463212984,482100466,162913405,10,3,0,0,15,0,39,400,0,16,0,0,0,0,0,0,0,16,0,0,0,3,
463433268,482100569,162912797,10,3,0,0,15,0,39,400,0,18,0,0,0,0,0,0,0,18,0,0,0,3,
463639831,482100670,162912190,10,3,0,0,15,0,39,400,0,18,0,0,0,0,0,0,0,18,0,0,0,3,
463847016,482100772,162911581,10,3,0,0,15,0,39,400,0,17,0,0,0,0,0,0,0,17,0,0,0,3,
464052222,482100872,162910979,10,3,0,0,15,0,39,400,0,16,0,0,0,0,0,0,0,16,0,0,0,3,
464267271,482100974,162910369,10,3,0,0,15,0,39,400,0,18,0,0,0,0,0,0,0,18,0,0,0,3,
464473287,482101076,162909752,10,3,0,0,15,0,39,400,0,18,0,0,0,0,0,0,0,18,0,0,0,3,
464679409,482101174,162909138,10,3,0,0,15,0,39,400,0,17,0,0,0,0,0,0,0,17,0,0,0,3,
464889307,482101271,162908533,10,3,0,0,15,0,39,400,0,18,0,0,0,0,0,0,0,18,0,0,0,3,
465095404,482101367,162907932,10,3,0,0,15,0,39,400,0,18,0,0,0,0,0,0,0,18,0,0,0,3,
465301738,482101465,162907320,10,3,0,0,15,0,39,400,0,18,0,0,0,0,0,0,0,18,0,0,0,3,
465508044,482101560,162906698,10,3,0,0,15,0,39,400,0,19,0,0,0,0,0,0,0,19,0,0,0,3,
465712280,482101653,162906072,10,3,0,0,15,0,39,400,0,17,0,0,0,0,0,0,0,17,0,0,0,3,
465917995,482101743,162905446,10,3,0,0,15,0,39,400,0,17,0,0,0,0,0,0,0,17,0,0,0,3,
466125010,482101831,162904822,10,3,0,0,15,0,39,400,0,18,0,0,0,0,0,0,0,18,0,0,0,3,
466327724,482101918,162904194,10,3,0,0,15,0,39,400,0,16,0,0,0,0,0,0,0,16,0,0,0,3,
466534354,482102001,162903573,10,3,0,0,15,0,39,400,0,18,0,0,0,0,0,0,0,18,0,0,0,3,
466739915,482102083,162902960,10,3,0,0,15,0,39,400,0,15,0,0,0,0,0,0,0,15,0,0,0,3,
466964021,482102165,162902344,10,3,0,0,15,0,39,400,0,16,0,0,0,0,0,0,0,16,0,0,0,3,
467173697,482102245,162901732,10,3,0,0,15,0,39,400,0,16,0,0,0,0,0,0,0,16,0,0,0,3,
467378972,482102323,162901121,10,3,0,0,15,0,39,400,0,17,0,0,0,0,0,0,0,17,0,0,0,3,
467594025,482102398,162900520,10,3,0,0,15,0,39,400,0,18,0,0,0,0,0,0,0,18,0,0,0,3,
467798528,482102470,162899922,10,3,0,0,15,0,39,400,0,18,0,0,0,0,0,0,0,18,0,0,0,3,
468003516,482102546,162899312,10,3,0,0,15,0,39,400,0,17,0,0,0,0,0,0,0,17,0,0,0,3,
468209202,482102622,162898701,10,3,0,0,15,0,39,400,0,17,0,0,0,0,0,0,0,17,0,0,0,3,
468420539,482102700,162898088,10,3,0,0,15,0,39,400,0,18,0,0,0,0,0,0,0,18,0,0,0,3,
468628533,482102778,162897472,10,3,0,0,15,0,39,400,0,18,0,0,0,0,0,0,0,18,0,0,0,3,
468837728,482102856,162896853,10,3,0,0,15,0,39,400,0,18,0,0,0,0,0,0,0,18,0,0,0,3,
469045282,482102936,162896235,10,3,0,0,15,0,39,400,0,17,0,0,0,0,0,0,0,17,0,0,0,3,
469249188,482103018,162895620,10,3,0,0,15,0,39,400,0,18,0,0,0,0,0,0,0,18,0,0,0,3,
469455744,482103097,162895005,10,3,0,0,15,0,39,400,0,15,0,0,0,0,0,0,0,15,0,0,0,3,
469662203,482103177,162894385,10,3,0,0,15,0,39,400,0,17,0,0,0,0,0,0,0,17,0,0,0,3,
469868981,482103259,162893769,10,3,0,0,15,0,39,400,0,18,0,0,0,0,0,0,0,18,0,0,0,3,
470072196,482103342,162893151,10,3,0,0,15,0,39,400,0,18,0,0,0,0,0,0,0,18,0,0,0,3,
470276268,482103430,162892536,10,3,0,0,15,0,39,400,0,17,0,0,0,0,0,0,0,17,0,0,0,3,
470481527,482103519,162891925,10,3,0,0,15,0,39,400,0,14,0,0,0,0,0,0,0,14,0,0,0,3,
470687813,482103607,162891321,10,3,0,0,15,0,39,400,0,17,0,0,0,0,0,0,0,17,0,0,0,3,
470890951,482103696,162890713,10,3,0,0,15,0,39,400,0,17,0,0,0,0,0,0,0,17,0,0,0,3,
471097278,482103788,162890110,10,3,0,0,15,0,39,400,0,18,0,0,0,0,0,0,0,18,0,0,0,3,
471302510,482103882,162889511,10,3,0,0,15,0,39,400,0,18,0,0,0,0,0,0,0,18,0,0,0,3,
471508332,482103976,162888912,10,3,0,0,15,0,39,400,0,17,0,0,0,0,0,0,0,17,0,0,0,3,
471715582,482104072,162888309,10,3,0,0,15,0,39,400,0,18,0,0,0,0,0,0,0,18,0,0,0,3,
471924274,482104166,162887711,10,3,0,0,15,0,39,400,0,16,0,0,0,0,0,0,0,16,0,0,0,3,
472130691,482104261,162887110,10,3,0,0,15,0,39,400,0,18,0,0,0,0,0,0,0,18,0,0,0,3,
472337351,482104357,162886503,10,3,0,0,15,0,39,400,0,15,0,0,0,0,0,0,0,15,0,0,0,3,
472541415,482104453,162885900,10,3,0,0,15,0,39,400,0,18,0,0,0,0,0,0,0,18,0,0,0,3,
472750831,482104548,162885305,10,3,0,0,15,0,39,400,0,17,0,0,0,0,0,0,0,17,0,0,0,3,
472956980,482104644,162884708,10,3,0,0,15,0,39,400,0,15,0,0,0,0,0,0,0,15,0,0,0,3,
473161631,482104739,162884103,10,3,0,0,15,0,39,400,0,18,0,0,0,0,0,0,0,18,0,0,0,3,
473375414,482104833,162883498,10,3,0,0,15,0,39,400,0,19,0,0,0,0,0,0,0,19,0,0,0,3,
473579539,482104926,162882891,10,3,0,0,15,0,39,400,0,15,0,0,0,0,0,0,0,15,0,0,0,3,
473788751,482105020,162882278,10,3,0,0,15,0,39,400,0,16,0,0,0,0,0,0,0,16,0,0,0,3,
473997029,482105114,162881662,10,3,0,0,15,0,39,400,0,16,0,0,0,0,0,0,0,16,0,0,0,3,
474210559,-1929372672,100672512,0,0,0,-75,1,88,0,60,7,0,0,3,0,185,0,59,0,7,0,0,0,56,
474419692,482105298,162880436,10,3,0,0,15,0,39,400,0,16,0,0,0,0,0,0,0,16,0,0,0,3,
474626700,482105387,162879823,10,3,0,0,15,0,39,400,0,14,0,0,0,0,0,0,0,14,0,0,0,3,
474832404,482105473,162879208,10,3,0,0,15,0,39,400,0,16,0,0,0,0,0,0,0,16,0,0,0,3,
475038689,482105558,162878589,10,3,0,0,15,0,39,400,0,18,0,0,0,0,0,0,0,18,0,0,0,3,
475245009,482105641,162877967,10,3,0,0,15,0,39,400,0,16,0,0,0,0,0,0,0,16,0,0,0,3,
475451183,482105721,162877347,10,3,0,0,15,0,39,400,0,17,0,0,0,0,0,0,0,17,0,0,0,3,
475656624,482105798,162876734,10,3,0,0,15,0,39,400,0,18,0,0,0,0,0,0,0,18,0,0,0,3,
475862469,482105873,162876126,10,3,0,0,15,0,39,400,0,17,0,0,0,0,0,0,0,17,0,0,0,3,
476068661,482105946,162875515,10,3,0,0,15,0,39,400,0,17,0,0,0,0,0,0,0,17,0,0,0,3,
476276022,482106018,162874910,10,3,0,0,15,0,39,400,0,18,0,0,0,0,0,0,0,18,0,0,0,3,
476479357,482106089,162874309,10,3,0,0,15,0,39,400,0,18,0,0,0,0,0,0,0,18,0,0,0,3,
476685028,482106160,162873701,10,3,0,0,15,0,39,400,0,18,0,0,0,0,0,0,0,18,0,0,0,3,
476902572,482106230,162873096,10,3,0,0,15,0,39,400,0,18,0,0,0,0,0,0,0,18,0,0,0,3,
477114894,482106299,162872489,10,3,0,0,15,0,39,400,0,17,0,0,0,0,0,0,0,17,0,0,0,3,
477326712,482106370,162871885,10,3,0,0,15,0,39,400,0,18,0,0,0,0,0,0,0,18,0,0,0,3,
477542498,482106443,162871281,10,3,0,0,15,0,39,400,0,18,0,0,0,0,0,0,0,18,0,0,0,3,
477747269,482106518,162870680,10,3,0,0,15,0,39,400,0,16,0,0,0,0,0,0,0,16,0,0,0,3,
477967418,482106594,162870086,10,3,0,0,15,0,39,400,0,18,0,0,0,0,0,0,0,18,0,0,0,3,
478170447,482106671,162869480,10,3,0,0,15,0,39,400,0,18,0,0,0,0,0,0,0,18,0,0,0,3,
478377958,482106749,162868874,10,3,0,0,15,0,39,400,0,18,0,0,0,0,0,0,0,18,0,0,0,3,
478582756,482106830,162868263,10,3,0,0,15,0,39,400,0,17,0,0,0,0,0,0,0,17,0,0,0,3,
478788414,482106914,162867646,10,3,0,0,15,0,39,400,0,17,0,0,0,0,0,0,0,17,0,0,0,3,
478994048,482107000,162867022,10,3,0,0,15,0,39,400,0,18,0,0,0,0,0,0,0,18,0,0,0,3,
479200034,482107089,162866397,10,3,0,0,15,0,39,400,0,17,0,0,0,0,0,0,0,17,0,0,0,3,
479404735,482107179,162865777,10,3,0,0,15,0,39,400,0,18,0,0,0,0,0,0,0,18,0,0,0,3,
479609349,482107269,162865160,10,3,0,0,15,0,39,400,0,18,0,0,0,0,0,0,0,18,0,0,0,3,
479814618,482107363,162864545,10,3,0,0,15,0,39,400,0,16,0,0,0,0,0,0,0,16,0,0,0,3,
480019284,482107457,162863933,10,3,0,0,15,0,39,400,0,19,0,0,0,0,0,0,0,19,0,0,0,3,
480225986,482107550,162863322,10,3,0,0,15,0,39,400,0,16,0,0,0,0,0,0,0,16,0,0,0,3,
480433170,482107646,162862709,10,3,0,0,15,0,39,400,0,16,0,0,0,0,0,0,0,16,0,0,0,3,
480636947,482107741,162862093,10,3,0,0,15,0,39,400,0,17,0,0,0,0,0,0,0,17,0,0,0,3,
480841751,482107832,162861480,10,3,0,0,15,0,39,400,0,17,0,0,0,0,0,0,0,17,0,0,0,3,
481049216,482107920,162860872,10,3,0,0,15,0,39,400,0,18,0,0,0,0,0,0,0,18,0,0,0,3,
481255851,482108007,162860261,10,3,0,0,15,0,39,400,0,18,0,0,0,0,0,0,0,18,0,0,0,3,
481468900,482108094,162859649,10,3,0,0,15,0,39,400,0,17,0,0,0,0,0,0,0,17,0,0,0,3,
481677027,482108180,162859035,10,3,0,0,15,0,39,400,0,15,0,0,0,0,0,0,0,15,0,0,0,3,
481883681,482108266,162858423,10,3,0,0,15,0,39,400,0,17,0,0,0,0,0,0,0,17,0,0,0,3,
482090349,482108351,162857827,10,3,0,0,15,0,39,400,0,19,0,0,0,0,0,0,0,19,0,0,0,3,
482296113,482108434,162857222,10,3,0,0,15,0,39,400,0,17,0,0,0,0,0,0,0,17,0,0,0,3,
482501203,482108518,162856622,10,3,0,0,15,0,39,400,0,17,0,0,0,0,0,0,0,17,0,0,0,3,
482707652,482108598,162856023,10,3,0,0,15,0,39,400,0,19,0,0,0,0,0,0,0,19,0,0,0,3,
482915540,482108675,162855422,10,3,0,0,15,0,39,400,0,18,0,0,0,0,0,0,0,18,0,0,0,3,
483118655,482108749,162854811,10,3,0,0,15,0,39,400,0,17,0,0,0,0,0,0,0,17,0,0,0,3,
483326335,482108822,162854196,10,3,0,0,15,0,39,400,0,19,0,0,0,0,0,0,0,19,0,0,0,3,
483529390,482108894,162853584,10,3,0,0,15,0,39,400,0,17,0,0,0,0,0,0,0,17,0,0,0,3,
483734401,482108964,162852974,10,3,0,0,15,0,39,400,0,18,0,0,0,0,0,0,0,18,0,0,0,3,
483941411,482109030,162852360,10,3,0,0,15,0,39,400,0,17,0,0,0,0,0,0,0,17,0,0,0,3,
484146772,482109098,162851751,10,3,0,0,15,0,39,400,0,17,0,0,0,0,0,0,0,17,0,0,0,3,
484352598,482109167,162851144,10,3,0,0,15,0,39,400,0,15,0,0,0,0,0,0,0,15,0,0,0,3,
484557343,482109238,162850538,10,3,0,0,15,0,39,400,0,18,0,0,0,0,0,0,0,18,0,0,0,3,
484763006,482109310,162849927,10,3,0,0,15,0,39,400,0,18,0,0,0,0,0,0,0,18,0,0,0,3,
484971800,482109382,162849317,10,3,0,0,15,0,39,400,0,16,0,0,0,0,0,0,0,16,0,0,0,3,
485184854,482109454,162848708,10,3,0,0,15,0,39,400,0,16,0,0,0,0,0,0,0,16,0,0,0,3,
485392141,482109526,162848097,10,3,0,0,15,0,39,400,0,17,0,0,0,0,0,0,0,17,0,0,0,3,
485593203,482109598,162847491,10,3,0,0,15,0,39,400,0,18,0,0,0,0,0,0,0,18,0,0,0,3,
485801674,482109672,162846899,10,3,0,0,15,0,39,400,0,18,0,0,0,0,0,0,0,18,0,0,0,3,
486006819,482109749,162846306,10,3,0,0,15,0,39,400,0,17,0,0,0,0,0,0,0,17,0,0,0,3,
486211784,482109830,162845702,10,3,0,0,15,0,39,400,0,18,0,0,0,0,0,0,0,18,0,0,0,3,
486420480,482109912,162845099,10,3,0,0,15,0,39,400,0,17,0,0,0,0,0,0,0,17,0,0,0,3,
486628569,482109993,162844494,10,3,0,0,15,0,39,400,0,19,0,0,0,0,0,0,0,19,0,0,0,3,
486832304,482110075,162843887,10,3,0,0,15,0,39,400,0,17,0,0,0,0,0,0,0,17,0,0,0,3,
487040744,482110158,162843284,10,3,0,0,15,0,39,400,0,18,0,0,0,0,0,0,0,18,0,0,0,3,
487247619,482110244,162842681,10,3,0,0,15,0,39,400,0,18,0,0,0,0,0,0,0,18,0,0,0,3,
487455746,482110331,162842079,10,3,0,0,15,0,39,400,0,18,0,0,0,0,0,0,0,18,0,0,0,3,
487659388,482110418,162841481,10,3,0,0,15,0,39,400,0,17,0,0,0,0,0,0,0,17,0,0,0,3,
487864604,482110505,162840879,10,3,0,0,15,0,39,400,0,17,0,0,0,0,0,0,0,17,0,0,0,3,
488070953,482110593,162840283,10,3,0,0,15,0,39,400,0,18,0,0,0,0,0,0,0,18,0,0,0,3,
488275623,482110682,162839686,10,3,0,0,15,0,39,400,0,17,0,0,0,0,0,0,0,17,0,0,0,3,
488481384,482110771,162839082,10,3,0,0,15,0,39,400,0,18,0,0,0,0,0,0,0,18,0,0,0,3,
488687162,482110861,162838474,10,3,0,0,15,0,39,400,0,17,0,0,0,0,0,0,0,17,0,0,0,3,
488908668,482110952,162837871,10,3,0,0,15,0,39,400,0,18,0,0,0,0,0,0,0,18,0,0,0,3,
489120678,482111041,162837270,10,3,0,0,15,0,39,400,0,18,0,0,0,0,0,0,0,18,0,0,0,3,
489324532,482111128,162836659,10,3,0,0,15,0,39,400,0,14,0,0,0,0,0,0,0,14,0,0,0,3,
489529336,482111217,162836050,10,3,0,0,15,0,66,400,0,8,0,0,0,0,0,0,0,8,0,0,0,3,
489736500,482111305,162835459,10,3,0,0,15,0,66,400,0,0,0,0,0,0,0,0,0,0,0,0,0,3,
489943740,482111398,162834849,10,3,0,0,15,0,66,400,0,0,0,0,0,0,0,0,0,0,0,0,0,3,
490157773,482111496,162834232,10,3,0,0,15,0,66,400,0,0,0,0,0,0,0,0,0,0,0,0,0,3,
490369703,482111594,162833622,10,3,0,0,15,0,66,400,0,0,0,0,0,0,0,0,0,0,0,0,0,3,
490580555,482111693,162833013,10,3,0,0,15,0,66,400,0,0,0,0,0,0,0,0,0,0,0,0,0,3,
490789517,482111794,162832409,10,3,0,0,15,0,66,400,0,0,0,0,0,0,0,0,0,0,0,0,0,3,
491003771,482111893,162831810,10,3,0,0,15,0,66,400,0,0,0,0,0,0,0,0,0,0,0,0,0,3,
491213864,482111991,162831213,10,3,0,0,15,0,66,400,0,0,0,0,0,0,0,0,0,0,0,0,0,3,
491419648,482112089,162830612,10,3,0,0,15,0,66,400,0,0,0,0,0,0,0,0,0,0,0,0,0,3,
491625459,482112183,162830009,10,3,0,0,15,0,66,400,0,0,0,0,0,0,0,0,0,0,0,0,0,3,
491830915,482112276,162829408,10,3,0,0,15,0,66,400,0,0,0,0,0,0,0,0,0,0,0,0,0,3,
492053124,482112364,162828816,10,3,0,0,15,0,66,400,0,0,0,0,0,0,0,0,0,0,0,0,0,3,
492257761,482112450,162828221,10,3,0,0,15,0,66,400,0,0,0,0,0,0,0,0,0,0,0,0,0,3,
492463622,482112536,162827620,10,3,0,0,15,0,66,400,0,0,0,0,0,0,0,0,0,0,0,0,0,3,
492692458,482112618,162827026,10,3,0,0,15,0,66,400,0,0,0,0,0,0,0,0,0,0,0,0,0,3,
492936326,482112701,162826427,10,3,0,0,15,0,66,400,0,0,0,0,0,0,0,0,0,0,0,0,0,3,
493144355,482112785,162825817,10,3,0,0,15,0,66,400,0,0,0,0,0,0,0,0,0,0,0,0,0,3,
493358238,482112870,162825198,10,3,0,0,15,0,66,400,0,0,0,0,0,0,0,0,0,0,0,0,0,3,
493585399,482112953,162824593,10,3,0,0,15,0,66,400,0,0,0,0,0,0,0,0,0,0,0,0,0,3,
493792922,482113037,162823969,10,3,0,0,15,0,66,400,0,0,0,0,0,0,0,0,0,0,0,0,0,3,
494018531,482113122,162823337,10,3,0,0,15,0,66,400,0,0,0,0,0,0,0,0,0,0,0,0,0,3,
494228082,482113205,162822709,10,3,0,0,15,0,66,400,0,0,0,0,0,0,0,0,0,0,0,0,0,3,
494434592,482113288,162822080,10,3,0,0,15,0,66,400,0,0,0,0,0,0,0,0,0,0,0,0,0,3,
494648734,482113369,162821455,10,3,0,0,15,0,66,400,0,0,0,0,0,0,0,0,0,0,0,0,0,3,
494866209,482113450,162820832,10,3,0,0,15,0,66,400,0,0,0,0,0,0,0,0,0,0,0,0,0,3,
495088402,482113528,162820202,10,3,0,0,15,0,66,400,0,0,0,0,0,0,0,0,0,0,0,0,0,3,
495308633,482113608,162819579,10,3,0,0,15,0,66,400,0,0,0,0,0,0,0,0,0,0,0,0,0,3,
495531536,482113690,162818955,10,3,0,0,15,0,66,400,0,0,0,0,0,0,0,0,0,0,0,0,0,3,
495743351,482113772,162818327,10,3,0,0,15,0,66,400,0,0,0,0,0,0,0,0,0,0,0,0,0,3,
495951748,482113858,162817702,10,3,0,0,15,0,66,400,0,0,0,0,0,0,0,0,0,0,0,0,0,3,
496172520,482113946,162817071,10,3,0,0,15,0,66,400,0,0,0,0,0,0,0,0,0,0,0,0,0,3,
496390831,482114033,162816450,10,3,0,0,15,0,66,400,0,0,0,0,0,0,0,0,0,0,0,0,0,3,
496600376,482114124,162815819,10,3,0,0,15,0,66,400,0,0,0,0,0,0,0,0,0,0,0,0,0,3,
496810443,482114213,162815205,10,3,0,0,15,0,66,400,0,0,0,0,0,0,0,0,0,0,0,0,0,3,
497015412,482114305,162814581,10,3,0,0,15,0,66,400,0,0,0,0,0,0,0,0,0,0,0,0,0,3,
497225160,482114398,162813956,10,3,0,0,15,0,66,400,0,0,0,0,0,0,0,0,0,0,0,0,0,3,
