Wall Time, R_N_tot_ge_63, R_N_tot_le_66, R_N_b_eq_0, R_N_b_ge_1, R_N_b_ge_2, R_N_b_ge_3, Hd_x_ge_0, Hd_x_lt_0, Hd_y_ge_0, Hd_y_lt_0, FG_x_N_ge_0, FG_x_N_lt_0, FG_y_N_ge_0, FG_y_N_lt_0, abs_p_gt_theta, abs_q_gt_theta, abs_r_gt_theta, abs_R_FG_x_gt_theta, abs_R_FG_y_gt_theta, abs_R_FG_z_gt_theta, R_N_tot_eq_64
1346770224,0,1,1,0,0,0,1,0,1,0,0,1,0,1,0,0,0,0,0,0,0
1346770225,1,1,1,0,0,0,1,0,1,0,0,1,0,1,0,0,0,0,0,0,1
1346770226,1,1,1,0,0,0,1,0,1,0,0,1,0,1,0,0,0,0,0,0,1
1346770227,1,1,1,0,0,0,1,0,1,0,0,1,0,1,0,0,0,0,0,0,1
1346770228,1,1,1,0,0,0,1,0,1,0,0,1,0,1,0,0,0,0,0,0,1
1346770229,1,1,1,0,0,0,1,0,1,0,0,1,0,1,0,0,0,0,0,0,1
1346770230,1,1,1,0,0,0,1,0,1,0,0,1,0,1,0,0,0,0,0,0,1
1346770231,1,1,1,0,0,0,1,0,1,0,0,1,0,1,0,0,0,0,0,0,1
1346770232,1,1,1,0,0,0,1,0,1,0,0,1,0,1,0,0,0,0,0,0,1
1346770233,1,1,1,0,0,0,1,0,1,0,0,1,0,1,0,0,0,0,0,0,1
1346770234,1,1,1,0,0,0,1,0,1,0,0,1,0,1,0,0,0,0,0,0,1
1346770235,1,1,1,0,0,0,1,0,1,0,0,1,0,1,0,0,0,0,0,0,1
1346770236,1,1,1,0,0,0,1,0,1,0,0,1,0,1,0,0,0,0,0,0,1
1346770237,1,1,1,0,0,0,1,0,1,0,0,1,0,1,0,0,0,0,0,0,1
1346770238,1,1,1,0,0,0,1,0,1,0,0,1,0,1,0,0,0,0,0,0,1
1346770239,1,1,1,0,0,0,1,0,1,0,0,1,0,1,0,0,0,0,0,0,1
1346770240,1,1,1,0,0,0,1,0,1,0,0,1,0,1,0,0,0,0,0,0,1
1346770241,1,1,1,0,0,0,1,0,1,0,0,1,0,1,0,0,0,0,0,0,1
1346770242,1,1,1,0,0,0,1,0,1,0,0,1,0,1,0,0,0,0,0,0,1
1346770243,1,1,1,0,0,0,1,0,1,0,0,1,0,1,0,0,0,0,0,0,1
1346770244,1,1,1,0,0,0,1,0,1,0,0,1,0,1,0,0,0,0,0,0,1
1346770245,1,1,1,0,0,0,1,0,1,0,0,1,0,1,0,0,0,0,0,0,1
1346770246,1,1,1,0,0,0,1,0,1,0,0,1,0,1,0,0,0,0,0,0,1
1346770247,1,1,1,0,0,0,1,0,1,0,0,1,0,1,0,0,0,0,0,0,1
1346770248,1,1,1,0,0,0,1,0,1,0,0,1,0,1,0,0,0,0,0,0,1
1346770249,1,1,1,0,0,0,1,0,1,0,0,1,0,1,0,0,0,0,0,0,1
1346770250,1,1,1,0,0,0,1,0,1,0,0,1,0,1,0,0,0,0,0,0,1
1346770251,1,1,1,0,0,0,1,0,1,0,0,1,0,1,0,0,0,0,0,0,1
1346770252,1,1,1,0,0,0,1,0,1,0,0,1,0,1,0,0,0,0,0,0,1
1346770253,1,1,1,0,0,0,1,0,1,0,0,1,0,1,0,0,0,0,0,0,1
1346770254,1,1,1,0,0,0,1,0,1,0,0,1,0,1,0,0,0,0,0,0,1
1346770255,1,1,1,0,0,0,1,0,1,0,0,1,0,1,0,0,0,0,0,0,1
1346770256,1,1,1,0,0,0,1,0,1,0,0,1,0,1,0,0,0,0,0,0,1
1346770257,1,1,1,0,0,0,1,0,1,0,0,1,0,1,0,0,0,0,0,0,1
1346770258,1,1,1,0,0,0,1,0,1,0,0,1,0,1,0,0,0,0,0,0,1
1346770259,1,1,1,0,0,0,1,0,1,0,0,1,0,1,0,0,0,0,0,0,1
1346770260,1,1,1,0,0,0,0,1,1,0,0,1,0,1,0,0,0,0,0,0,1
1346770261,1,1,1,0,0,0,0,1,1,0,0,1,0,1,0,0,0,0,0,0,1
1346770262,1,1,1,0,0,0,0,1,1,0,0,1,0,1,0,0,0,0,0,0,1
1346770263,1,1,1,0,0,0,0,1,1,0,0,1,0,1,0,0,0,0,0,0,1
1346770264,1,1,1,0,0,0,0,1,1,0,0,1,0,1,0,0,0,0,0,0,1
1346770265,1,1,1,0,0,0,0,1,1,0,0,1,0,1,0,0,0,0,0,0,1
1346770266,1,1,1,0,0,0,0,1,1,0,0,1,0,1,0,0,0,0,0,0,1
1346770267,1,1,1,0,0,0,0,1,1,0,0,1,0,1,0,0,0,0,0,0,1
1346770268,1,1,1,0,0,0,0,1,1,0,0,1,0,1,0,0,0,0,0,0,1
1346770269,1,1,1,0,0,0,0,1,1,0,0,1,0,1,0,0,0,0,0,0,1
1346770270,1,1,1,0,0,0,0,1,1,0,0,1,0,1,0,0,0,0,0,0,1
1346770271,1,1,1,0,0,0,0,1,1,0,0,1,0,1,0,0,0,0,0,0,1
1346770272,1,1,1,0,0,0,0,1,1,0,0,1,0,1,0,0,0,0,0,0,1
1346770273,1,1,1,0,0,0,0,1,1,0,0,1,0,1,0,0,0,0,0,0,1
1346770274,1,1,1,0,0,0,0,1,1,0,0,1,0,1,0,0,0,0,0,0,1
1346770275,1,1,1,0,0,0,0,1,1,0,0,1,0,1,0,0,0,0,0,0,1
1346770276,1,1,1,0,0,0,0,1,1,0,0,1,0,1,0,0,0,0,0,0,1
1346770277,1,1,0,1,1,0,0,1,1,0,0,1,0,1,0,0,0,0,0,0,1
1346770278,1,1,1,0,0,0,0,1,1,0,0,1,0,1,0,0,0,0,0,0,1
1346770279,1,1,1,0,0,0,0,1,1,0,0,1,0,1,0,0,0,0,0,0,1
1346770280,1,1,1,0,0,0,0,1,1,0,0,1,0,1,0,0,0,0,0,0,1
1346770281,1,1,1,0,0,0,0,1,1,0,0,1,0,1,0,0,0,0,0,0,1
1346770282,1,1,1,0,0,0,0,1,1,0,0,1,0,1,0,0,0,0,0,0,1
1346770283,1,1,1,0,0,0,0,1,1,0,0,1,0,1,0,0,0,0,0,0,1
1346770284,1,1,1,0,0,0,0,1,1,0,0,1,0,1,0,0,0,0,0,0,1
1346770285,1,1,1,0,0,0,0,1,1,0,0,1,0,1,0,0,0,0,0,0,1
1346770286,1,1,1,0,0,0,0,1,1,0,0,1,0,1,0,0,0,0,0,0,1
1346770287,1,1,1,0,0,0,0,1,1,0,0,1,0,1,0,0,0,0,0,0,1
1346770288,1,1,1,0,0,0,0,1,1,0,0,1,0,1,0,0,0,0,0,0,1
1346770289,1,1,1,0,0,0,0,1,1,0,0,1,0,1,0,0,0,0,0,0,1
1346770290,1,1,0,1,0,0,0,1,1,0,0,1,0,1,0,0,0,0,0,0,1
1346770291,1,1,1,0,0,0,0,1,1,0,0,1,0,1,0,0,0,0,0,0,1
1346770292,1,1,1,0,0,0,0,1,1,0,0,1,0,1,0,0,0,0,0,0,1
1346770293,1,1,1,0,0,0,0,1,1,0,0,1,0,1,0,0,0,0,0,0,1
1346770294,1,1,1,0,0,0,0,1,1,0,0,1,0,1,0,0,0,0,0,0,1
1346770295,1,1,1,0,0,0,0,1,1,0,0,1,0,1,0,0,0,0,0,0,1
1346770296,1,1,1,0,0,0,0,1,1,0,0,1,0,1,0,0,0,0,0,0,1
1346770297,1,1,1,0,0,0,0,1,1,0,0,1,0,1,0,0,0,0,0,0,1
1346770298,1,1,1,0,0,0,0,1,1,0,0,1,0,1,0,0,0,0,0,0,1
1346770299,1,1,1,0,0,0,0,1,1,0,0,1,0,1,0,0,0,0,0,0,1
1346770300,1,1,1,0,0,0,0,1,1,0,0,1,0,1,0,0,0,0,0,0,1
1346770301,1,1,1,0,0,0,0,1,1,0,0,1,0,1,0,0,0,0,0,0,1
1346770302,1,1,1,0,0,0,0,1,1,0,0,1,0,1,0,0,0,0,0,0,1
1346770303,1,1,1,0,0,0,0,1,1,0,0,1,0,1,0,0,0,0,0,0,1
1346770304,1,1,1,0,0,0,0,1,1,0,0,1,0,1,0,0,0,0,0,0,1
1346770305,1,1,1,0,0,0,0,1,1,0,0,1,0,1,0,0,0,0,0,0,1
1346770306,1,1,1,0,0,0,0,1,1,0,0,1,0,1,0,0,0,0,0,0,1
1346770307,1,1,1,0,0,0,0,1,1,0,0,1,0,1,0,0,0,0,0,0,1
1346770308,1,1,1,0,0,0,0,1,1,0,0,1,0,1,0,0,0,0,0,0,1
1346770309,1,1,1,0,0,0,0,1,1,0,0,1,0,1,0,0,0,0,0,0,1
1346770310,1,1,1,0,0,0,0,1,1,0,0,1,0,1,0,0,0,0,0,0,1
1346770311,1,1,1,0,0,0,0,1,1,0,0,1,0,1,0,0,0,0,0,0,1
1346770312,1,1,1,0,0,0,0,1,1,0,0,1,0,1,0,0,0,0,0,0,1
1346770313,1,1,1,0,0,0,0,1,1,0,0,1,0,1,0,0,0,0,0,0,1
1346770314,1,1,1,0,0,0,0,1,1,0,0,1,0,1,0,0,0,0,0,0,1
1346770315,1,1,1,0,0,0,0,1,1,0,0,1,0,1,0,0,0,0,0,0,1
1346770316,1,1,1,0,0,0,0,1,1,0,0,1,0,1,0,0,0,0,0,0,1
1346770317,1,1,1,0,0,0,0,1,1,0,0,1,0,1,0,0,0,0,0,0,1
1346770318,1,1,1,0,0,0,0,1,1,0,0,1,0,1,0,0,0,0,0,0,1
1346770319,1,1,1,0,0,0,0,1,1,0,0,1,0,1,0,0,0,0,0,0,1
1346770320,1,1,1,0,0,0,0,1,1,0,0,1,0,1,0,0,0,0,0,0,1
1346770321,1,1,1,0,0,0,0,1,1,0,0,1,0,1,0,0,0,0,0,0,1
1346770322,1,1,1,0,0,0,0,1,1,0,0,1,0,1,0,0,0,0,0,0,1
1346770323,1,1,1,0,0,0,0,1,1,0,0,1,0,1,0,0,0,0,0,0,1
1346770324,1,1,1,0,0,0,0,1,1,0,0,1,0,1,0,0,0,0,0,0,1
1346770325,1,1,1,0,0,0,0,1,1,0,0,1,0,1,0,0,0,0,0,0,1
1346770326,1,1,1,0,0,0,0,1,1,0,0,1,0,1,0,0,0,0,0,0,1
1346770327,1,1,1,0,0,0,0,1,1,0,0,1,0,1,0,0,0,0,0,0,1
1346770328,1,1,1,0,0,0,0,1,1,0,0,1,0,1,0,0,0,0,0,0,1
1346770329,1,1,1,0,0,0,0,1,1,0,0,1,0,1,0,0,0,0,0,0,1
1346770330,1,1,1,0,0,0,0,1,1,0,0,1,0,1,0,0,0,0,0,0,1
1346770331,1,1,1,0,0,0,0,1,1,0,0,1,0,1,0,0,0,0,0,0,1
1346770332,1,1,1,0,0,0,0,1,1,0,0,1,0,1,0,0,0,0,0,0,1
1346770333,1,1,1,0,0,0,0,1,1,0,0,1,0,1,0,0,0,0,0,0,1
1346770334,1,1,1,0,0,0,0,1,1,0,0,1,0,1,0,0,0,0,0,0,1
1346770335,1,1,1,0,0,0,0,1,1,0,0,1,0,1,0,0,0,0,0,0,1
1346770336,1,1,1,0,0,0,0,1,1,0,0,1,0,1,0,0,0,0,0,0,1
1346770337,1,1,1,0,0,0,0,1,1,0,0,1,0,1,0,0,0,0,0,0,1
1346770338,1,1,1,0,0,0,0,1,1,0,0,1,0,1,0,0,0,0,0,0,1
1346770339,1,1,1,0,0,0,0,1,1,0,0,1,0,1,0,0,0,0,0,0,1
1346770340,1,1,1,0,0,0,0,1,1,0,0,1,0,1,0,0,0,0,0,0,1
1346770341,1,1,1,0,0,0,0,1,1,0,0,1,0,1,0,0,0,0,0,0,1
1346770342,1,1,1,0,0,0,0,1,1,0,0,1,0,1,0,0,0,0,0,0,1
1346770343,1,1,1,0,0,0,0,1,1,0,0,1,0,1,0,0,0,0,0,0,1
1346770344,1,1,1,0,0,0,0,1,1,0,0,1,0,1,0,0,0,0,0,0,1
1346770345,1,1,1,0,0,0,0,1,1,0,0,1,0,1,0,0,0,0,0,0,1
1346770346,1,1,1,0,0,0,0,1,1,0,0,1,0,1,0,0,0,0,0,0,1
1346770347,1,1,1,0,0,0,0,1,1,0,0,1,0,1,0,0,0,0,0,0,1
1346770348,1,1,1,0,0,0,0,1,1,0,0,1,0,1,0,0,0,0,0,0,1
1346770349,1,1,1,0,0,0,0,1,1,0,0,1,0,1,0,0,0,0,0,0,1
1346770350,1,1,1,0,0,0,0,1,1,0,0,1,0,1,0,0,0,0,0,0,1
1346770351,1,1,1,0,0,0,0,1,1,0,0,1,0,1,0,0,0,0,0,0,1
1346770352,1,1,1,0,0,0,0,1,1,0,0,1,0,1,0,0,0,0,0,0,1
1346770353,1,1,1,0,0,0,0,1,1,0,0,1,0,1,0,0,0,0,0,0,1
1346770354,1,1,1,0,0,0,0,1,1,0,0,1,0,1,0,0,0,0,0,0,1
1346770355,1,1,1,0,0,0,0,1,1,0,0,1,0,1,0,0,0,0,0,0,1
1346770356,1,1,1,0,0,0,0,1,1,0,0,1,0,1,0,0,0,0,0,0,1
1346770357,1,1,1,0,0,0,0,1,1,0,0,1,0,1,0,0,0,0,0,0,1
1346770358,1,1,1,0,0,0,0,1,1,0,0,1,0,1,0,0,0,0,0,0,1
1346770359,1,1,1,0,0,0,0,1,1,0,0,1,0,1,0,0,0,0,0,0,1
1346770360,1,1,1,0,0,0,0,1,1,0,0,1,0,1,0,0,0,0,0,0,1
1346770361,1,1,1,0,0,0,0,1,1,0,0,1,0,1,0,0,0,0,0,0,1
1346770362,1,1,1,0,0,0,0,1,1,0,0,1,0,1,0,0,0,0,0,0,1
1346770363,1,1,1,0,0,0,0,1,1,0,0,1,0,1,0,0,0,0,0,0,1
1346770364,1,1,1,0,0,0,0,1,1,0,0,1,0,1,0,0,0,0,0,0,1
1346770365,1,1,1,0,0,0,0,1,1,0,0,1,0,1,0,0,0,0,0,0,1
1346770366,1,1,1,0,0,0,0,1,1,0,0,1,0,1,0,0,0,0,0,0,1
1346770367,1,1,1,0,0,0,0,1,1,0,0,1,0,1,0,0,0,0,0,0,1
1346770368,1,1,1,0,0,0,0,1,1,0,0,1,0,1,0,0,0,0,0,0,1
1346770369,1,1,1,0,0,0,0,1,1,0,0,1,0,1,0,0,0,0,0,0,1
1346770370,1,1,1,0,0,0,0,1,1,0,0,1,0,1,0,0,0,0,0,0,1
1346770371,1,1,1,0,0,0,0,1,1,0,0,1,0,1,0,0,0,0,0,0,1
1346770372,1,1,1,0,0,0,0,1,1,0,0,1,0,1,0,0,0,0,0,0,1
1346770373,1,1,1,0,0,0,0,1,1,0,0,1,0,1,0,0,0,0,0,0,1
1346770374,1,1,1,0,0,0,0,1,1,0,0,1,0,1,0,0,0,0,0,0,1
1346770375,1,1,1,0,0,0,0,1,1,0,0,1,0,1,0,0,0,0,0,0,1
1346770376,1,1,1,0,0,0,0,1,1,0,0,1,0,1,0,0,0,0,0,0,1
1346770377,1,1,1,0,0,0,0,1,1,0,0,1,0,1,0,0,0,0,0,0,1
1346770378,1,1,1,0,0,0,0,1,1,0,0,1,0,1,0,0,0,0,0,0,1
1346770379,1,1,1,0,0,0,0,1,1,0,0,1,0,1,0,0,0,0,0,0,1
1346770380,1,1,1,0,0,0,0,1,1,0,0,1,0,1,0,0,0,0,0,0,1
1346770381,1,1,1,0,0,0,0,1,1,0,0,1,0,1,0,0,0,0,0,0,1
1346770382,1,1,1,0,0,0,0,1,1,0,0,1,0,1,0,0,0,0,0,0,1
1346770383,1,1,1,0,0,0,0,1,1,0,0,1,0,1,0,0,0,0,0,0,1
1346770384,1,1,1,0,0,0,0,1,1,0,0,1,0,1,0,0,0,0,0,0,1
1346770385,1,1,1,0,0,0,0,1,1,0,0,1,0,1,0,0,0,0,0,0,1
1346770386,1,1,1,0,0,0,0,1,1,0,0,1,0,1,0,0,0,0,0,0,1
1346770387,1,1,1,0,0,0,0,1,1,0,0,1,0,1,0,0,0,0,0,0,1
1346770388,1,1,1,0,0,0,0,1,1,0,0,1,0,1,0,0,0,0,0,0,1
1346770389,1,1,1,0,0,0,0,1,1,0,0,1,0,1,0,0,0,0,0,0,1
1346770390,1,1,1,0,0,0,0,1,1,0,0,1,0,1,0,0,0,0,0,0,1
1346770391,1,1,1,0,0,0,0,1,1,0,0,1,0,1,0,0,0,0,0,0,1
1346770392,1,1,1,0,0,0,0,1,1,0,0,1,0,1,0,0,0,0,0,0,1
1346770393,1,1,1,0,0,0,0,1,1,0,0,1,0,1,0,0,0,0,0,0,1
1346770394,1,1,1,0,0,0,0,1,1,0,0,1,0,1,0,0,0,0,0,0,1
1346770395,1,1,1,0,0,0,0,1,1,0,0,1,0,1,0,0,0,0,0,0,1
1346770396,1,1,1,0,0,0,0,1,1,0,0,1,0,1,0,0,0,0,0,0,1
1346770397,1,1,1,0,0,0,0,1,1,0,0,1,0,1,0,0,0,0,0,0,1
1346770398,1,1,1,0,0,0,0,1,1,0,0,1,0,1,0,0,0,0,0,0,1
1346770399,1,1,1,0,0,0,0,1,1,0,0,1,0,1,0,0,0,0,0,0,1
1346770400,1,1,1,0,0,0,0,1,1,0,0,1,0,1,0,0,0,0,0,0,1
1346770401,1,1,1,0,0,0,0,1,1,0,0,1,0,1,0,0,0,0,0,0,1
1346770402,1,1,1,0,0,0,0,1,1,0,0,1,0,1,0,0,0,0,0,0,1
1346770403,1,1,1,0,0,0,0,1,1,0,0,1,0,1,0,0,0,0,0,0,1
1346770404,1,1,1,0,0,0,0,1,1,0,0,1,0,1,0,0,0,0,0,0,1
1346770405,1,1,1,0,0,0,0,1,1,0,0,1,0,1,0,0,0,0,0,0,1
1346770406,1,1,1,0,0,0,0,1,1,0,0,1,0,1,0,0,0,0,0,0,1
1346770407,1,1,1,0,0,0,0,1,1,0,0,1,0,1,0,0,0,0,0,0,1
1346770408,1,1,1,0,0,0,0,1,1,0,0,1,0,1,0,0,0,0,0,0,1
1346770409,1,1,1,0,0,0,0,1,1,0,0,1,0,1,0,0,0,0,0,0,1
1346770410,1,1,1,0,0,0,0,1,1,0,0,1,0,1,0,0,0,0,0,0,1
1346770411,1,1,1,0,0,0,0,1,1,0,0,1,0,1,0,0,0,0,0,0,1
1346770412,1,1,1,0,0,0,0,1,1,0,0,1,0,1,0,0,0,0,0,0,1
1346770413,1,1,1,0,0,0,0,1,1,0,0,1,0,1,0,0,0,0,0,0,1
1346770414,1,1,1,0,0,0,0,1,1,0,0,1,0,1,0,0,0,0,0,0,1
1346770415,1,1,1,0,0,0,0,1,1,0,0,1,0,1,0,0,0,0,0,0,1
1346770416,1,1,1,0,0,0,0,1,1,0,0,1,0,1,0,0,0,0,0,0,1
1346770417,1,1,1,0,0,0,0,1,1,0,0,1,0,1,0,0,0,0,0,0,1
1346770418,1,1,1,0,0,0,0,1,1,0,0,1,0,1,0,0,0,0,0,0,1
1346770419,1,1,1,0,0,0,0,1,1,0,0,1,0,1,0,0,0,0,0,0,1
1346770420,1,1,1,0,0,0,0,1,1,0,0,1,0,1,0,0,0,0,0,0,1
1346770421,1,1,1,0,0,0,0,1,1,0,0,1,0,1,0,0,0,0,0,0,1
1346770422,1,1,1,0,0,0,0,1,1,0,0,1,0,1,0,0,0,0,0,0,1
1346770423,1,1,1,0,0,0,0,1,1,0,0,1,0,1,0,0,0,0,0,0,1
1346770424,1,1,1,0,0,0,0,1,1,0,0,1,0,1,0,0,0,0,0,0,1
1346770425,1,1,1,0,0,0,0,1,1,0,0,1,0,1,0,0,0,0,0,0,1
1346770426,1,1,1,0,0,0,0,1,1,0,0,1,0,1,0,0,0,0,0,0,1
1346770427,1,1,1,0,0,0,0,1,1,0,0,1,0,1,0,0,0,0,0,0,1
1346770428,1,1,1,0,0,0,0,1,1,0,0,1,0,1,0,0,0,0,0,0,1
1346770429,1,1,1,0,0,0,0,1,1,0,0,1,0,1,0,0,0,0,0,0,1
1346770430,1,1,1,0,0,0,0,1,1,0,0,1,0,1,0,0,0,0,0,0,1
1346770431,1,1,1,0,0,0,0,1,1,0,0,1,0,1,0,0,0,0,0,0,1
1346770432,1,1,1,0,0,0,0,1,1,0,0,1,0,1,0,0,0,0,0,0,1
1346770433,1,1,1,0,0,0,0,1,1,0,0,1,0,1,0,0,0,0,0,0,1
1346770434,1,1,1,0,0,0,0,1,1,0,0,1,0,1,0,0,0,0,0,0,1
1346770435,1,1,1,0,0,0,0,1,1,0,0,1,0,1,0,0,0,0,0,0,1
1346770436,1,1,1,0,0,0,0,1,1,0,0,1,0,1,0,0,0,0,0,0,1
1346770437,1,1,1,0,0,0,0,1,1,0,0,1,0,1,0,0,0,0,0,0,1
1346770438,1,1,1,0,0,0,0,1,1,0,0,1,0,1,0,0,0,0,0,0,1
1346770439,1,1,1,0,0,0,0,1,1,0,0,1,0,1,0,0,0,0,0,0,1
1346770440,1,1,1,0,0,0,0,1,1,0,0,1,0,1,0,0,0,0,0,0,1
1346770441,1,1,1,0,0,0,0,1,1,0,0,1,0,1,0,0,0,0,0,0,1
1346770442,1,1,1,0,0,0,0,1,1,0,0,1,0,1,0,0,0,0,0,0,1
1346770443,1,1,1,0,0,0,0,1,1,0,0,1,0,1,0,0,0,0,0,0,1
1346770444,1,1,1,0,0,0,0,1,1,0,0,1,0,1,0,0,0,0,0,0,1
1346770445,1,1,1,0,0,0,0,1,1,0,0,1,0,1,0,0,0,0,0,0,1
1346770446,1,1,1,0,0,0,0,1,1,0,0,1,0,1,0,0,0,0,0,0,1
1346770447,1,1,1,0,0,0,0,1,1,0,0,1,0,1,0,0,0,0,0,0,1
1346770448,1,1,1,0,0,0,0,1,1,0,0,1,0,1,0,0,0,0,0,0,1
1346770449,1,1,1,0,0,0,0,1,1,0,0,1,0,1,0,0,0,0,0,0,1
1346770450,1,1,1,0,0,0,0,1,1,0,0,1,0,1,0,0,0,0,0,0,1
1346770451,1,1,1,0,0,0,0,1,1,0,0,1,0,1,0,0,0,0,0,0,1
1346770452,1,1,1,0,0,0,0,1,1,0,0,1,0,1,0,0,0,0,0,0,1
1346770453,1,1,1,0,0,0,0,1,1,0,0,1,0,1,0,0,0,0,0,0,1
1346770454,1,1,1,0,0,0,0,1,1,0,0,1,0,1,0,0,0,0,0,0,1
1346770455,1,1,1,0,0,0,0,1,1,0,0,1,0,1,0,0,0,0,0,0,1
1346770456,1,1,1,0,0,0,0,1,1,0,0,1,0,1,0,0,0,0,0,0,1
1346770457,1,1,1,0,0,0,0,1,1,0,0,1,0,1,0,0,0,0,0,0,1
1346770458,1,1,1,0,0,0,0,1,1,0,0,1,0,1,0,0,0,0,0,0,1
1346770459,1,1,1,0,0,0,0,1,1,0,0,1,0,1,0,0,0,0,0,0,1
1346770460,1,1,1,0,0,0,0,1,1,0,0,1,0,1,0,0,0,0,0,0,1
1346770461,1,1,1,0,0,0,0,1,1,0,0,1,0,1,0,0,0,0,0,0,1
1346770462,1,1,1,0,0,0,0,1,1,0,0,1,0,1,0,0,0,0,0,0,1
1346770463,1,1,1,0,0,0,0,1,1,0,0,1,0,1,0,0,0,0,0,0,1
1346770464,1,1,1,0,0,0,0,1,1,0,0,1,0,1,0,0,0,0,0,0,1
1346770465,1,1,1,0,0,0,0,1,1,0,0,1,0,1,0,0,0,0,0,0,1
1346770466,1,1,1,0,0,0,0,1,1,0,0,1,0,1,0,0,0,0,0,0,1
1346770467,1,1,1,0,0,0,0,1,1,0,0,1,0,1,0,0,0,0,0,0,1
1346770468,1,1,1,0,0,0,0,1,1,0,0,1,0,1,0,0,0,0,0,0,1
1346770469,1,1,1,0,0,0,0,1,1,0,0,1,0,1,0,0,0,0,0,0,1
1346770470,1,1,1,0,0,0,0,1,1,0,0,1,0,1,0,0,0,0,0,0,1
1346770471,1,1,1,0,0,0,0,1,1,0,0,1,0,1,0,0,0,0,0,0,1
1346770472,1,1,1,0,0,0,0,1,1,0,0,1,0,1,0,0,0,0,0,0,1
1346770473,1,1,1,0,0,0,0,1,1,0,0,1,0,1,0,0,0,0,0,0,1
1346770474,1,1,1,0,0,0,0,1,1,0,0,1,0,1,0,0,0,0,0,0,1
1346770475,1,1,1,0,0,0,0,1,1,0,0,1,0,1,0,0,0,0,0,0,1
1346770476,1,1,1,0,0,0,0,1,1,0,0,1,0,1,0,0,0,0,0,0,1
1346770477,1,1,1,0,0,0,0,1,1,0,0,1,0,1,0,0,0,0,0,0,1
1346770478,1,1,1,0,0,0,0,1,1,0,0,1,0,1,0,0,0,0,0,0,1
1346770479,1,1,1,0,0,0,0,1,1,0,0,1,0,1,0,0,0,0,0,0,1
1346770480,1,1,1,0,0,0,0,1,1,0,0,1,0,1,0,0,0,0,0,0,1
1346770481,1,1,1,0,0,0,0,1,1,0,0,1,0,1,0,0,0,0,0,0,1
1346770482,1,1,1,0,0,0,0,1,1,0,0,1,0,1,0,0,0,0,0,0,1
1346770483,1,1,1,0,0,0,0,1,1,0,0,1,0,1,0,0,0,0,0,0,1
1346770484,1,1,1,0,0,0,0,1,1,0,0,1,0,1,0,0,0,0,0,0,1
1346770485,1,1,1,0,0,0,0,1,1,0,0,1,0,1,0,0,0,0,0,0,1
1346770486,1,1,1,0,0,0,0,1,1,0,0,1,0,1,0,0,0,0,0,0,1
1346770487,1,1,1,0,0,0,0,1,1,0,0,1,0,1,0,0,0,0,0,0,1
1346770488,1,1,1,0,0,0,0,1,1,0,0,1,0,1,0,0,0,0,0,0,1
1346770489,1,1,1,0,0,0,0,1,1,0,0,1,0,1,0,0,0,0,0,0,1
1346770490,1,1,1,0,0,0,0,1,1,0,0,1,0,1,0,0,0,0,0,0,1
1346770491,1,1,1,0,0,0,0,1,1,0,0,1,0,1,0,0,0,0,0,0,1
1346770492,1,1,1,0,0,0,0,1,1,0,0,1,0,1,0,0,0,0,0,0,1
1346770493,1,1,1,0,0,0,0,1,1,0,0,1,0,1,0,0,0,0,0,0,1
1346770494,1,1,1,0,0,0,0,1,1,0,0,1,0,1,0,0,0,0,0,0,1
1346770495,1,1,1,0,0,0,0,1,1,0,0,1,0,1,0,0,0,0,0,0,1
1346770496,1,1,1,0,0,0,0,1,1,0,0,1,0,1,0,0,0,0,0,0,1
1346770497,1,1,1,0,0,0,0,1,1,0,0,1,0,1,0,0,0,0,0,0,1
1346770498,1,1,1,0,0,0,0,1,1,0,0,1,0,1,0,0,0,0,0,0,1
1346770499,1,1,1,0,0,0,0,1,1,0,0,1,0,1,0,0,0,0,0,0,1
1346770500,1,1,1,0,0,0,0,1,1,0,0,1,0,1,0,0,0,0,0,0,1
1346770501,1,1,1,0,0,0,0,1,1,0,0,1,0,1,0,0,0,0,0,0,1
1346770502,1,1,1,0,0,0,0,1,1,0,0,1,0,1,0,0,0,0,0,0,1
1346770503,1,1,1,0,0,0,0,1,1,0,0,1,0,1,0,0,0,0,0,0,1
1346770504,1,1,1,0,0,0,0,1,1,0,0,1,0,1,0,0,0,0,0,0,1
1346770505,1,1,1,0,0,0,0,1,1,0,0,1,0,1,0,0,0,0,0,0,1
1346770506,1,1,1,0,0,0,0,1,1,0,0,1,0,1,0,0,0,0,0,0,1
1346770507,1,1,1,0,0,0,0,1,1,0,0,1,0,1,0,0,0,0,0,0,1
1346770508,1,1,1,0,0,0,0,1,1,0,0,1,0,1,0,0,0,0,0,0,1
1346770509,1,1,1,0,0,0,0,1,1,0,0,1,0,1,0,0,0,0,0,0,1
1346770510,1,1,1,0,0,0,0,1,1,0,0,1,0,1,0,0,0,0,0,0,1
1346770511,1,1,1,0,0,0,0,1,1,0,0,1,0,1,0,0,0,0,0,0,1
1346770512,1,1,1,0,0,0,0,1,1,0,0,1,0,1,0,0,0,0,0,0,1
1346770513,1,1,1,0,0,0,0,1,1,0,0,1,0,1,0,0,0,0,0,0,1
1346770514,1,1,1,0,0,0,0,1,1,0,0,1,0,1,0,0,0,0,0,0,1
1346770515,1,1,1,0,0,0,0,1,1,0,0,1,0,1,0,0,0,0,0,0,1
1346770516,1,1,1,0,0,0,0,1,1,0,0,1,0,1,0,0,0,0,0,0,1
1346770517,1,1,1,0,0,0,0,1,1,0,0,1,0,1,0,0,0,0,0,0,1
1346770518,1,1,1,0,0,0,0,1,1,0,0,1,0,1,0,0,0,0,0,0,1
1346770519,1,1,1,0,0,0,0,1,1,0,0,1,0,1,0,0,0,0,0,0,1
1346770520,1,1,1,0,0,0,0,1,1,0,0,1,0,1,0,0,0,0,0,0,1
1346770521,1,1,1,0,0,0,0,1,1,0,0,1,0,1,0,0,0,0,0,0,1
1346770522,1,1,1,0,0,0,0,1,1,0,0,1,0,1,0,0,0,0,0,0,1
1346770523,1,1,1,0,0,0,0,1,1,0,0,1,0,1,0,0,0,0,0,0,1
1346770524,1,1,1,0,0,0,0,1,1,0,0,1,0,1,0,0,0,0,0,0,1
1346770525,1,1,1,0,0,0,0,1,1,0,0,1,0,1,0,0,0,0,0,0,1
1346770526,1,1,1,0,0,0,0,1,1,0,0,1,0,1,0,0,0,0,0,0,1
1346770527,1,1,1,0,0,0,0,1,1,0,0,1,0,1,0,0,0,0,0,0,1
1346770528,1,1,1,0,0,0,0,1,1,0,0,1,0,1,0,0,0,0,0,0,1
1346770529,1,1,1,0,0,0,0,1,1,0,0,1,0,1,0,0,0,0,0,0,1
1346770530,1,1,1,0,0,0,0,1,1,0,0,1,0,1,0,0,0,0,0,0,1
1346770531,1,1,1,0,0,0,0,1,1,0,0,1,0,1,0,0,0,0,0,0,1
1346770532,1,1,1,0,0,0,0,1,1,0,0,1,0,1,0,0,0,0,0,0,1
1346770533,1,1,1,0,0,0,0,1,1,0,0,1,0,1,0,0,0,0,0,0,1
1346770534,1,1,1,0,0,0,0,1,1,0,0,1,0,1,0,0,0,0,0,0,1
1346770535,1,1,1,0,0,0,0,1,1,0,0,1,0,1,0,0,0,0,0,0,1
1346770536,1,1,1,0,0,0,0,1,1,0,0,1,0,1,0,0,0,0,0,0,1
1346770537,1,1,1,0,0,0,0,1,1,0,0,1,0,1,0,0,0,0,0,0,1
1346770538,1,1,1,0,0,0,0,1,1,0,0,1,0,1,0,0,0,0,0,0,1
1346770539,1,1,1,0,0,0,0,1,1,0,0,1,0,1,0,0,0,0,0,0,1
1346770540,1,1,1,0,0,0,0,1,1,0,0,1,0,1,0,0,0,0,0,0,1
1346770541,1,1,1,0,0,0,0,1,1,0,0,1,0,1,0,0,0,0,0,0,1
1346770542,1,1,1,0,0,0,0,1,1,0,0,1,0,1,0,0,0,0,0,0,1
1346770543,1,1,1,0,0,0,0,1,1,0,0,1,0,1,0,0,0,0,0,0,1
1346770544,1,1,1,0,0,0,0,1,1,0,0,1,0,1,0,0,0,0,0,0,1
1346770545,1,1,1,0,0,0,0,1,1,0,0,1,0,1,0,0,0,0,0,0,1
1346770546,1,1,1,0,0,0,0,1,1,0,0,1,0,1,0,0,0,0,0,0,1
1346770547,1,1,1,0,0,0,0,1,1,0,0,1,0,1,0,0,0,0,0,0,1
1346770548,1,1,1,0,0,0,0,1,1,0,0,1,0,1,0,0,0,0,0,0,1
1346770549,1,1,1,0,0,0,0,1,1,0,0,1,0,1,0,0,0,0,0,0,1
1346770550,1,1,1,0,0,0,0,1,1,0,0,1,0,1,0,0,0,0,0,0,1
1346770551,1,1,1,0,0,0,0,1,1,0,0,1,0,1,0,0,0,0,0,0,1
1346770552,1,1,1,0,0,0,0,1,1,0,0,1,0,1,0,0,0,0,0,0,1
1346770553,1,1,1,0,0,0,0,1,1,0,0,1,0,1,0,0,0,0,0,0,1
1346770554,1,1,1,0,0,0,0,1,1,0,0,1,0,1,0,0,0,0,0,0,1
1346770555,1,1,1,0,0,0,0,1,1,0,0,1,0,1,0,0,0,0,0,0,1
1346770556,1,1,1,0,0,0,0,1,1,0,0,1,0,1,0,0,0,0,0,0,1
1346770557,1,1,1,0,0,0,0,1,1,0,0,1,0,1,0,0,1,0,0,0,1
1346770558,1,1,1,0,0,0,0,1,1,0,0,1,0,1,0,0,1,0,0,0,1
1346770559,1,1,1,0,0,0,0,1,1,0,0,1,0,1,0,0,1,0,0,0,1
1346770560,1,1,1,0,0,0,0,1,1,0,0,1,0,1,0,0,1,0,0,0,1
1346770561,1,1,1,0,0,0,0,1,1,0,0,1,0,1,0,0,1,0,0,0,1
1346770562,1,1,1,0,0,0,0,1,1,0,0,1,0,1,0,0,0,0,0,0,1
1346770563,1,1,1,0,0,0,0,1,1,0,0,1,0,1,0,0,0,0,0,0,1
1346770564,1,1,1,0,0,0,0,1,1,0,0,1,0,1,1,1,0,0,0,0,1
1346770565,1,1,1,0,0,0,0,1,1,0,0,1,0,1,0,0,0,1,0,0,1
1346770566,1,1,1,0,0,0,0,1,1,0,0,1,0,1,0,1,1,1,0,0,1
1346770567,1,1,1,0,0,0,0,1,1,0,0,1,0,1,1,0,0,1,1,0,1
1346770568,1,1,1,0,0,0,0,1,1,0,0,1,0,1,0,0,0,1,1,0,1
1346770569,1,1,1,0,0,0,0,1,1,0,0,1,0,1,0,0,0,1,1,0,1
1346770570,1,1,1,0,0,0,0,1,1,0,0,1,0,1,0,0,0,1,1,0,1
1346770571,1,1,1,0,0,0,0,1,1,0,0,1,0,1,0,0,0,0,0,0,1
1346770572,1,1,1,0,0,0,0,1,1,0,0,1,0,1,0,0,0,1,1,0,1
1346770573,1,1,1,0,0,0,0,1,1,0,0,1,0,1,0,1,0,1,0,0,1
1346770574,1,1,1,0,0,0,0,1,1,0,0,1,0,1,1,0,0,1,1,0,1
1346770575,1,1,1,0,0,0,0,1,1,0,0,1,0,1,1,0,1,0,0,0,1
1346770576,1,1,1,0,0,0,0,1,1,0,0,1,0,1,1,0,0,1,0,0,1
1346770577,1,1,1,0,0,0,0,1,1,0,0,1,0,1,0,0,0,0,0,0,1
1346770578,1,1,1,0,0,0,0,1,1,0,0,1,0,1,1,0,0,0,1,0,1
1346770579,1,1,1,0,0,0,0,1,1,0,0,1,0,1,0,0,0,0,1,0,1
1346770580,1,1,1,0,0,0,0,1,1,0,0,1,0,1,1,0,0,1,0,0,1
1346770581,1,1,1,0,0,0,0,1,1,0,0,1,0,1,0,0,0,0,0,0,1
1346770582,1,1,1,0,0,0,0,1,1,0,0,1,0,1,0,0,0,1,1,1,1
1346770583,1,1,1,0,0,0,0,1,1,0,0,1,0,1,0,0,0,1,0,0,1
1346770584,1,1,1,0,0,0,0,1,1,0,0,1,0,1,1,0,0,0,0,0,1
1346770585,1,1,1,0,0,0,0,1,1,0,0,1,0,1,0,0,0,1,0,0,1
1346770586,1,1,1,0,0,0,0,1,1,0,0,1,0,1,0,0,0,1,0,0,1
1346770587,1,1,1,0,0,0,0,1,1,0,0,1,0,1,0,0,0,1,0,0,1
1346770588,1,1,1,0,0,0,0,1,1,0,0,1,0,1,0,0,0,0,0,0,1
1346770589,1,1,1,0,0,0,0,1,1,0,0,1,0,1,0,1,0,0,0,0,1
1346770590,1,1,1,0,0,0,0,1,1,0,0,1,0,1,0,0,0,0,0,0,1
1346770591,1,1,1,0,0,0,0,1,1,0,0,1,0,1,0,0,0,1,0,0,1
1346770592,1,1,1,0,0,0,0,1,1,0,0,1,0,1,0,1,0,1,0,0,1
1346770593,1,1,1,0,0,0,0,1,1,0,0,1,0,1,0,0,0,0,0,0,1
1346770594,1,1,1,0,0,0,0,1,1,0,0,1,0,1,0,0,0,1,0,0,1
1346770595,1,1,1,0,0,0,0,1,1,0,0,1,0,1,0,0,0,0,0,0,1
1346770596,1,1,1,0,0,0,0,1,1,0,0,1,0,1,0,0,0,0,0,0,1
1346770597,1,1,1,0,0,0,0,1,1,0,0,1,0,1,0,0,0,0,0,0,1
1346770598,1,1,1,0,0,0,0,1,1,0,0,1,0,1,0,0,0,0,0,0,1
1346770599,1,1,1,0,0,0,0,1,1,0,0,1,0,1,0,0,0,0,0,0,1
1346770600,1,1,1,0,0,0,0,1,1,0,0,1,0,1,1,0,0,0,0,0,1
1346770601,1,1,1,0,0,0,0,1,1,0,0,1,0,1,0,0,0,0,0,0,1
1346770602,1,1,1,0,0,0,0,1,1,0,0,1,0,1,1,0,0,0,0,0,1
1346770603,1,1,1,0,0,0,0,1,1,0,0,1,0,1,0,0,0,0,1,0,1
1346770604,1,1,1,0,0,0,0,1,1,0,0,1,0,1,0,0,0,1,0,0,1
1346770605,1,1,1,0,0,0,0,1,1,0,0,1,0,1,0,0,0,0,0,0,1
1346770606,1,1,1,0,0,0,0,1,1,0,0,1,0,1,0,0,0,1,1,0,1
1346770607,1,1,1,0,0,0,0,1,1,0,0,1,0,1,0,0,1,0,0,0,1
1346770608,1,1,1,0,0,0,0,1,1,0,0,1,0,1,1,0,1,0,0,0,1
1346770609,1,1,1,0,0,0,0,1,1,0,0,1,0,1,0,0,1,0,0,0,1
1346770610,1,1,1,0,0,0,0,1,1,0,0,1,0,1,1,1,1,1,0,0,1
1346770611,1,1,1,0,0,0,0,1,1,0,0,1,0,1,1,0,1,0,0,0,1
1346770612,1,1,1,0,0,0,1,0,1,0,0,1,0,1,0,0,1,0,0,0,1
1346770613,1,1,1,0,0,0,1,0,1,0,0,1,0,1,0,0,1,1,0,0,1
1346770614,1,1,1,0,0,0,1,0,1,0,0,1,0,1,1,1,1,1,1,0,1
1346770615,1,1,1,0,0,0,1,0,1,0,0,1,0,1,0,0,1,1,0,0,1
1346770616,1,1,1,0,0,0,1,0,1,0,0,1,0,1,0,0,1,1,1,0,1
1346770617,1,1,1,0,0,0,1,0,1,0,0,1,0,1,0,0,1,1,0,0,1
1346770618,1,1,1,0,0,0,1,0,1,0,1,0,0,1,0,0,0,1,0,1,1
1346770619,1,1,1,0,0,0,1,0,1,0,1,0,0,1,0,0,0,1,1,0,1
1346770620,1,1,1,0,0,0,1,0,1,0,1,0,0,1,1,0,0,1,1,1,1
1346770621,1,1,1,0,0,0,1,0,1,0,1,0,0,1,1,0,1,1,1,0,1
1346770622,1,1,1,0,0,0,1,0,1,0,1,0,0,1,0,0,0,1,1,0,1
1346770623,1,1,1,0,0,0,1,0,1,0,1,0,0,1,0,0,0,0,1,0,1
1346770624,1,1,1,0,0,0,1,0,1,0,1,0,0,1,0,0,0,1,1,0,1
1346770625,1,1,0,1,0,0,1,0,1,0,1,0,0,1,0,0,1,0,1,0,1
1346770626,1,1,1,0,0,0,1,0,1,0,1,0,0,1,1,0,0,0,1,0,1
1346770627,1,1,1,0,0,0,1,0,1,0,1,0,0,1,0,0,0,0,0,0,1
1346770628,1,1,1,0,0,0,1,0,1,0,1,0,0,1,0,0,0,1,0,1,1
1346770629,1,1,1,0,0,0,1,0,1,0,1,0,0,1,0,0,0,1,0,1,1
1346770630,1,1,1,0,0,0,1,0,1,0,1,0,0,1,0,0,0,0,0,0,1
1346770631,1,1,1,0,0,0,1,0,1,0,1,0,0,1,0,0,0,0,0,0,1
1346770632,1,1,1,0,0,0,1,0,1,0,1,0,0,1,1,0,0,1,1,1,1
1346770633,1,1,1,0,0,0,1,0,1,0,1,0,0,1,0,1,0,0,1,0,1
1346770634,1,1,1,0,0,0,1,0,1,0,1,0,0,1,0,0,0,0,0,0,1
1346770635,1,1,1,0,0,0,1,0,1,0,1,0,0,1,0,0,0,0,0,0,1
1346770636,1,1,1,0,0,0,1,0,1,0,1,0,0,1,0,0,0,0,0,0,1
1346770637,1,1,1,0,0,0,1,0,1,0,1,0,0,1,0,0,0,0,0,0,1
1346770638,1,1,1,0,0,0,1,0,1,0,1,0,0,1,0,0,1,0,0,0,1
1346770639,1,1,1,0,0,0,1,0,1,0,1,0,0,1,0,0,1,0,0,0,1
1346770640,1,1,1,0,0,0,1,0,1,0,1,0,0,1,0,1,0,1,0,0,1
1346770641,1,1,1,0,0,0,1,0,1,0,1,0,0,1,0,0,1,0,0,0,1
1346770642,1,1,1,0,0,0,1,0,1,0,1,0,0,1,0,0,0,0,1,0,1
1346770643,1,1,1,0,0,0,1,0,1,0,1,0,0,1,1,0,0,1,0,0,1
1346770644,1,1,1,0,0,0,1,0,1,0,1,0,0,1,1,0,0,0,0,0,1
1346770645,1,1,1,0,0,0,1,0,1,0,1,0,0,1,0,0,0,1,1,0,1
1346770646,1,1,1,0,0,0,1,0,1,0,1,0,0,1,0,0,0,1,1,1,1
1346770647,1,1,1,0,0,0,1,0,1,0,1,0,0,1,0,0,0,1,1,1,1
1346770648,1,1,1,0,0,0,1,0,1,0,1,0,0,1,0,0,0,0,1,0,1
1346770649,1,1,1,0,0,0,1,0,1,0,1,0,0,1,0,0,0,0,1,0,1
1346770650,1,1,1,0,0,0,1,0,1,0,1,0,0,1,0,0,0,0,1,0,1
1346770651,1,1,1,0,0,0,1,0,1,0,1,0,0,1,0,0,0,1,1,1,1
1346770652,1,1,1,0,0,0,1,0,1,0,1,0,0,1,0,0,0,1,0,0,1
1346770653,1,1,1,0,0,0,1,0,1,0,1,0,0,1,0,0,0,1,0,1,1
1346770654,1,1,1,0,0,0,1,0,1,0,1,0,0,1,0,0,0,0,0,0,1
1346770655,1,1,1,0,0,0,1,0,1,0,1,0,0,1,0,0,0,0,0,0,1
1346770656,1,1,0,1,0,0,1,0,1,0,1,0,0,1,0,0,0,0,0,0,1
1346770657,1,1,1,0,0,0,1,0,1,0,1,0,0,1,0,0,0,0,0,0,1
1346770658,1,1,1,0,0,0,1,0,1,0,1,0,0,1,0,0,0,0,0,0,1
1346770659,1,1,1,0,0,0,1,0,1,0,1,0,0,1,0,0,0,0,0,0,1
1346770660,1,1,1,0,0,0,1,0,1,0,1,0,0,1,0,0,0,0,0,0,1
1346770661,1,1,1,0,0,0,1,0,1,0,1,0,0,1,0,0,0,0,0,0,1
1346770662,1,1,1,0,0,0,1,0,1,0,1,0,0,1,0,0,0,0,0,0,1
1346770663,1,1,1,0,0,0,1,0,1,0,1,0,0,1,0,0,0,0,0,0,1
1346770664,1,1,1,0,0,0,1,0,1,0,1,0,0,1,0,0,0,0,0,0,1
1346770665,1,1,1,0,0,0,1,0,1,0,1,0,0,1,0,0,0,0,0,0,1
1346770666,1,1,1,0,0,0,1,0,1,0,1,0,0,1,0,0,0,0,0,0,1
1346770667,1,1,1,0,0,0,1,0,1,0,1,0,0,1,0,0,0,0,0,0,1
1346770668,1,1,1,0,0,0,1,0,1,0,1,0,0,1,0,0,0,0,0,0,1
1346770669,1,1,1,0,0,0,1,0,1,0,1,0,0,1,0,0,0,0,0,0,1
1346770670,1,1,1,0,0,0,1,0,1,0,1,0,0,1,0,0,0,0,0,0,1
1346770671,1,1,1,0,0,0,1,0,1,0,1,0,0,1,0,0,0,0,0,0,1
1346770672,1,1,1,0,0,0,1,0,1,0,1,0,0,1,0,0,0,0,0,0,1
1346770673,1,1,1,0,0,0,1,0,1,0,1,0,0,1,0,0,0,0,0,0,1
1346770674,1,1,1,0,0,0,1,0,1,0,1,0,0,1,0,0,0,0,0,0,1
1346770675,1,1,1,0,0,0,1,0,1,0,1,0,0,1,0,0,0,0,0,0,1
1346770676,1,1,1,0,0,0,1,0,1,0,1,0,0,1,0,0,0,0,0,0,1
1346770677,1,1,1,0,0,0,1,0,1,0,1,0,0,1,0,0,0,0,0,0,1
1346770678,1,1,1,0,0,0,1,0,1,0,1,0,0,1,0,0,0,0,0,0,1
1346770679,1,1,1,0,0,0,1,0,1,0,1,0,0,1,0,0,0,0,0,0,1
1346770680,1,1,1,0,0,0,1,0,1,0,1,0,0,1,0,0,0,0,0,0,1
1346770681,1,1,1,0,0,0,1,0,1,0,1,0,0,1,0,0,0,0,0,0,1
1346770682,1,1,1,0,0,0,1,0,1,0,1,0,0,1,0,0,0,0,0,0,1
1346770683,1,1,1,0,0,0,1,0,1,0,1,0,0,1,0,0,0,0,0,0,1
1346770684,1,1,1,0,0,0,1,0,1,0,1,0,0,1,0,0,0,0,0,0,1
1346770685,1,1,1,0,0,0,1,0,1,0,1,0,0,1,0,0,0,0,0,0,1
1346770686,1,1,1,0,0,0,1,0,1,0,1,0,0,1,0,0,0,0,0,0,1
1346770687,1,1,1,0,0,0,1,0,1,0,1,0,0,1,0,0,0,0,0,0,1
1346770688,1,1,1,0,0,0,1,0,1,0,1,0,0,1,0,0,0,0,0,0,1
1346770689,1,1,1,0,0,0,1,0,1,0,1,0,0,1,0,0,0,0,0,0,1
1346770690,1,1,1,0,0,0,1,0,1,0,1,0,0,1,0,0,0,0,0,0,1
1346770691,1,1,1,0,0,0,1,0,1,0,1,0,0,1,0,0,0,0,0,0,1
1346770692,1,1,1,0,0,0,1,0,1,0,1,0,0,1,0,0,0,0,0,0,1
1346770693,1,1,1,0,0,0,1,0,1,0,1,0,0,1,0,0,0,0,0,0,1
1346770694,1,1,1,0,0,0,1,0,1,0,1,0,0,1,0,0,0,0,0,0,1
1346770695,1,1,1,0,0,0,1,0,1,0,1,0,0,1,0,0,0,0,0,0,1
1346770696,1,1,1,0,0,0,1,0,1,0,1,0,0,1,0,0,0,0,0,0,1
1346770697,1,1,1,0,0,0,1,0,1,0,1,0,0,1,0,0,0,0,0,0,1
1346770698,1,1,1,0,0,0,1,0,1,0,1,0,0,1,0,0,0,0,0,0,1
1346770699,1,1,1,0,0,0,1,0,1,0,1,0,0,1,0,0,0,0,0,0,1
1346770700,1,1,1,0,0,0,1,0,1,0,1,0,0,1,0,0,0,0,0,0,1
1346770701,1,1,1,0,0,0,1,0,1,0,1,0,0,1,0,0,0,0,0,0,1
1346770702,1,1,1,0,0,0,1,0,1,0,1,0,0,1,0,0,0,0,0,0,1
1346770703,1,1,1,0,0,0,1,0,1,0,1,0,0,1,0,0,0,0,0,0,1
1346770704,1,1,1,0,0,0,1,0,1,0,1,0,0,1,0,0,0,0,0,0,1
1346770705,1,1,1,0,0,0,1,0,1,0,1,0,0,1,0,0,0,0,0,0,1
1346770706,1,1,1,0,0,0,1,0,1,0,1,0,0,1,0,0,0,0,0,0,1
1346770707,1,1,1,0,0,0,1,0,1,0,1,0,0,1,0,0,0,0,0,0,1
1346770708,1,1,1,0,0,0,1,0,1,0,1,0,0,1,0,0,0,0,0,0,1
1346770709,1,1,1,0,0,0,1,0,1,0,1,0,0,1,0,0,0,0,0,0,1
1346770710,1,1,1,0,0,0,1,0,1,0,1,0,0,1,0,0,0,0,0,0,1
1346770711,1,1,1,0,0,0,1,0,1,0,1,0,0,1,0,0,0,0,0,0,1
1346770712,1,1,1,0,0,0,1,0,1,0,1,0,0,1,0,0,0,0,0,0,1
1346770713,1,1,1,0,0,0,1,0,1,0,1,0,0,1,0,0,0,0,0,0,1
1346770714,1,1,1,0,0,0,1,0,1,0,1,0,0,1,0,0,0,0,0,0,1
1346770715,1,1,1,0,0,0,1,0,1,0,1,0,0,1,0,0,0,0,0,0,1
1346770716,1,1,1,0,0,0,1,0,1,0,1,0,0,1,0,0,0,0,0,0,1
1346770717,1,1,1,0,0,0,1,0,1,0,1,0,0,1,0,0,0,0,0,0,1
1346770718,1,1,1,0,0,0,1,0,1,0,1,0,0,1,0,0,0,0,0,0,1
1346770719,1,1,1,0,0,0,1,0,1,0,1,0,0,1,0,0,0,0,0,0,1
1346770720,1,1,1,0,0,0,1,0,1,0,1,0,0,1,0,0,0,0,0,0,1
1346770721,1,1,1,0,0,0,1,0,1,0,1,0,0,1,0,0,0,0,0,0,1
1346770722,1,1,1,0,0,0,1,0,1,0,1,0,0,1,0,0,0,0,0,0,1
1346770723,1,1,1,0,0,0,1,0,1,0,1,0,0,1,0,0,0,0,0,0,1
1346770724,1,1,1,0,0,0,1,0,1,0,1,0,0,1,0,0,0,0,0,0,1
1346770725,1,1,1,0,0,0,1,0,1,0,1,0,0,1,0,0,0,0,0,0,1
1346770726,1,1,1,0,0,0,1,0,1,0,1,0,0,1,0,0,0,0,0,0,1
1346770727,1,1,1,0,0,0,1,0,1,0,1,0,0,1,0,0,0,0,0,0,1
1346770728,1,1,1,0,0,0,1,0,1,0,1,0,0,1,0,0,0,0,0,0,1
1346770729,1,1,1,0,0,0,1,0,1,0,1,0,0,1,0,0,0,0,0,0,1
1346770730,1,1,1,0,0,0,1,0,1,0,1,0,0,1,0,0,0,0,0,0,1
1346770731,1,1,1,0,0,0,1,0,1,0,1,0,0,1,0,0,0,0,0,0,1
1346770732,1,1,1,0,0,0,1,0,1,0,1,0,0,1,0,0,0,0,0,0,1
1346770733,1,1,1,0,0,0,1,0,1,0,1,0,0,1,0,0,0,0,0,0,1
1346770734,1,1,1,0,0,0,1,0,1,0,1,0,0,1,0,0,0,0,0,0,1
1346770735,1,1,1,0,0,0,1,0,1,0,1,0,0,1,0,0,0,0,0,0,1
1346770736,1,1,1,0,0,0,1,0,1,0,1,0,0,1,0,0,0,0,0,0,1
1346770737,1,1,1,0,0,0,1,0,1,0,1,0,0,1,0,0,0,0,0,0,1
1346770738,1,1,1,0,0,0,1,0,1,0,1,0,0,1,0,0,0,0,0,0,1
1346770739,1,1,1,0,0,0,1,0,1,0,1,0,0,1,0,0,0,0,0,0,1
1346770740,1,1,1,0,0,0,1,0,1,0,1,0,0,1,0,0,0,0,0,0,1
1346770741,1,1,1,0,0,0,1,0,1,0,1,0,0,1,0,0,0,0,0,0,1
1346770742,1,1,1,0,0,0,1,0,1,0,1,0,0,1,0,0,0,0,0,0,1
1346770743,1,1,1,0,0,0,1,0,1,0,1,0,0,1,0,0,0,0,0,0,1
1346770744,1,1,1,0,0,0,1,0,1,0,1,0,0,1,0,0,0,0,0,0,1
1346770745,1,1,1,0,0,0,1,0,1,0,1,0,0,1,0,0,0,0,0,0,1
1346770746,1,1,1,0,0,0,1,0,1,0,1,0,0,1,0,0,0,0,0,0,1
1346770747,1,1,1,0,0,0,1,0,1,0,1,0,0,1,0,0,0,0,0,0,1
1346770748,1,1,1,0,0,0,1,0,1,0,1,0,0,1,0,0,0,0,0,0,1
1346770749,1,1,1,0,0,0,1,0,1,0,1,0,0,1,0,0,0,0,0,0,1
1346770750,1,1,1,0,0,0,1,0,1,0,1,0,0,1,0,0,0,0,0,0,1
1346770751,1,1,1,0,0,0,1,0,1,0,1,0,0,1,0,0,0,0,0,0,1
1346770752,1,1,1,0,0,0,1,0,1,0,1,0,0,1,0,0,0,0,0,0,1
1346770753,1,1,1,0,0,0,1,0,1,0,1,0,0,1,0,0,0,0,0,0,1
1346770754,1,1,1,0,0,0,1,0,1,0,1,0,0,1,0,0,0,0,0,0,1
1346770755,1,1,1,0,0,0,1,0,1,0,1,0,0,1,0,0,0,0,0,0,1
1346770756,1,1,1,0,0,0,1,0,1,0,1,0,0,1,0,0,0,0,0,0,1
1346770757,1,1,1,0,0,0,1,0,1,0,1,0,0,1,0,0,0,0,0,0,1
1346770758,1,1,1,0,0,0,1,0,1,0,1,0,0,1,0,0,0,0,0,0,1
1346770759,1,1,1,0,0,0,1,0,1,0,1,0,0,1,0,0,0,0,0,0,1
1346770760,1,1,1,0,0,0,1,0,1,0,1,0,0,1,0,0,0,0,0,0,1
1346770761,1,1,1,0,0,0,1,0,1,0,1,0,0,1,0,0,0,0,0,0,1
1346770762,1,1,1,0,0,0,1,0,1,0,1,0,0,1,0,0,0,0,0,0,1
1346770763,1,1,1,0,0,0,1,0,1,0,1,0,0,1,0,0,0,0,0,0,1
1346770764,1,1,1,0,0,0,1,0,1,0,1,0,0,1,0,0,0,0,0,0,1
1346770765,1,1,1,0,0,0,1,0,1,0,1,0,0,1,0,0,0,0,0,0,1
1346770766,1,1,1,0,0,0,1,0,1,0,1,0,0,1,0,0,0,0,0,0,1
1346770767,1,1,1,0,0,0,1,0,1,0,1,0,0,1,0,0,0,0,0,0,1
1346770768,1,1,1,0,0,0,1,0,1,0,1,0,0,1,0,0,0,0,0,0,1
1346770769,1,1,1,0,0,0,1,0,1,0,1,0,0,1,0,0,0,0,0,0,1
1346770770,1,1,1,0,0,0,1,0,1,0,1,0,0,1,0,0,0,0,0,0,1
1346770771,1,1,1,0,0,0,1,0,1,0,1,0,0,1,0,0,0,0,0,0,1
1346770772,1,1,1,0,0,0,1,0,1,0,1,0,0,1,0,0,0,0,0,0,1
1346770773,1,1,1,0,0,0,1,0,1,0,1,0,0,1,0,0,0,0,0,0,1
1346770774,1,1,1,0,0,0,1,0,1,0,1,0,0,1,0,0,0,0,0,0,1
1346770775,1,1,1,0,0,0,1,0,1,0,1,0,0,1,0,0,0,0,0,0,1
1346770776,1,1,1,0,0,0,1,0,1,0,1,0,0,1,0,0,0,0,0,0,1
1346770777,1,1,1,0,0,0,1,0,1,0,1,0,0,1,0,0,0,0,0,0,1
1346770778,1,1,1,0,0,0,1,0,1,0,1,0,0,1,0,0,0,0,0,0,1
1346770779,1,1,1,0,0,0,1,0,1,0,1,0,0,1,1,0,0,0,0,0,1
1346770780,1,1,1,0,0,0,1,0,1,0,1,0,0,1,0,0,0,0,0,0,1
1346770781,1,1,1,0,0,0,1,0,1,0,1,0,0,1,1,0,0,0,0,0,1
1346770782,1,1,1,0,0,0,1,0,1,0,1,0,0,1,0,0,0,0,0,0,1
1346770783,1,1,1,0,0,0,1,0,1,0,1,0,0,1,0,0,0,0,0,0,1
1346770784,1,1,1,0,0,0,1,0,1,0,1,0,0,1,1,0,0,0,0,0,1
1346770785,1,1,1,0,0,0,1,0,1,0,1,0,0,1,1,0,0,0,0,0,1
1346770786,1,1,1,0,0,0,1,0,1,0,1,0,0,1,1,1,0,0,0,0,1
1346770787,1,1,1,0,0,0,1,0,1,0,1,0,0,1,1,0,0,0,0,0,1
1346770788,1,1,1,0,0,0,1,0,1,0,1,0,0,1,1,1,0,0,0,0,1
1346770789,1,1,1,0,0,0,1,0,1,0,1,0,0,1,1,0,0,0,0,0,1
1346770790,1,1,1,0,0,0,1,0,1,0,1,0,0,1,0,0,0,0,0,0,1
1346770791,1,1,1,0,0,0,1,0,1,0,1,0,0,1,1,1,0,0,0,0,1
1346770792,1,1,1,0,0,0,1,0,1,0,1,0,0,1,1,1,0,0,0,0,1
1346770793,1,1,1,0,0,0,1,0,1,0,1,0,0,1,1,0,1,0,0,0,1
1346770794,1,1,1,0,0,0,1,0,1,0,1,0,0,1,1,1,0,0,1,0,1
1346770795,1,1,1,0,0,0,1,0,1,0,1,0,0,1,1,0,1,0,1,0,1
1346770796,1,1,1,0,0,0,1,0,1,0,1,0,0,1,0,1,0,0,0,0,1
1346770797,1,1,1,0,0,0,1,0,1,0,1,0,0,1,0,0,0,0,0,0,1
1346770798,1,1,1,0,0,0,1,0,1,0,1,0,0,1,1,0,0,0,0,0,1
1346770799,1,1,1,0,0,0,1,0,1,0,1,0,0,1,0,1,0,0,0,0,1
1346770800,1,1,1,0,0,0,1,0,1,0,1,0,0,1,1,0,0,0,1,0,1
1346770801,1,1,1,0,0,0,1,0,1,0,1,0,0,1,0,1,0,0,1,0,1
1346770802,1,1,1,0,0,0,1,0,1,0,1,0,0,1,0,1,0,1,1,0,1
1346770803,1,1,1,0,0,0,1,0,1,0,1,0,0,1,0,1,1,1,0,1,1
1346770804,1,1,1,0,0,0,1,0,1,0,1,0,0,1,1,0,1,1,1,1,1
1346770805,1,1,1,0,0,0,1,0,1,0,1,0,0,1,0,0,1,1,1,0,1
1346770806,1,1,1,0,0,0,1,0,1,0,1,0,0,1,0,0,1,1,1,0,1
1346770807,1,1,1,0,0,0,1,0,1,0,1,0,0,1,1,0,1,1,1,1,1
1346770808,1,1,1,0,0,0,1,0,1,0,1,0,1,0,1,0,1,1,1,1,1
1346770809,1,1,1,0,0,0,0,1,1,0,1,0,1,0,1,1,1,1,1,1,1
1346770810,1,1,1,0,0,0,0,1,1,0,1,0,1,0,0,0,1,1,1,0,1
1346770811,1,1,1,0,0,0,0,1,1,0,1,0,1,0,1,0,1,1,1,0,1
1346770812,1,1,1,0,0,0,0,1,1,0,1,0,1,0,1,1,1,1,1,0,1
1346770813,1,1,1,0,0,0,0,1,1,0,1,0,1,0,1,0,1,1,0,0,1
1346770814,1,1,1,0,0,0,0,1,1,0,1,0,1,0,1,0,1,1,0,0,1
1346770815,1,1,1,0,0,0,0,1,1,0,0,1,1,0,0,0,1,1,1,0,1
1346770816,1,1,1,0,0,0,0,1,1,0,0,1,1,0,0,1,1,1,1,0,1
1346770817,1,1,1,0,0,0,0,1,1,0,0,1,1,0,0,1,1,1,1,0,1
1346770818,1,1,1,0,0,0,0,1,1,0,0,1,1,0,1,1,1,1,1,0,1
1346770819,1,1,1,0,0,0,0,1,1,0,0,1,1,0,0,0,1,1,1,0,1
1346770820,1,1,1,0,0,0,0,1,0,1,0,1,1,0,0,1,1,1,1,1,1
1346770821,1,1,1,0,0,0,0,1,0,1,0,1,1,0,1,1,1,1,1,1,1
1346770822,1,1,1,0,0,0,0,1,0,1,0,1,1,0,0,0,1,1,1,1,1
1346770823,1,1,1,0,0,0,0,1,0,1,0,1,1,0,1,1,1,1,1,1,1
1346770824,1,1,1,0,0,0,0,1,0,1,0,1,1,0,1,0,1,1,1,1,1
1346770825,1,1,1,0,0,0,0,1,0,1,0,1,1,0,1,0,1,1,0,0,1
1346770826,1,1,1,0,0,0,0,1,0,1,0,1,1,0,0,0,1,1,1,0,1
1346770827,1,1,1,0,0,0,0,1,0,1,0,1,1,0,0,0,1,1,1,1,1
1346770828,1,1,1,0,0,0,0,1,0,1,0,1,1,0,0,1,1,0,1,1,1
1346770829,1,1,1,0,0,0,0,1,0,1,0,1,1,0,0,0,0,0,1,1,1
1346770830,1,1,1,0,0,0,0,1,0,1,0,1,1,0,0,0,1,0,1,1,1
1346770831,1,1,1,0,0,0,0,1,0,1,0,1,1,0,0,1,0,0,1,0,1
1346770832,1,1,1,0,0,0,0,1,0,1,0,1,1,0,1,0,0,1,1,1,1
1346770833,1,1,1,0,0,0,0,1,0,1,0,1,1,0,0,0,0,1,1,1,1
1346770834,1,1,1,0,0,0,0,1,0,1,0,1,1,0,1,0,0,1,1,1,1
1346770835,1,1,1,0,0,0,0,1,0,1,0,1,1,0,1,1,0,1,1,1,1
1346770836,1,1,1,0,0,0,0,1,0,1,0,1,1,0,0,1,1,1,1,1,1
1346770837,1,1,1,0,0,0,0,1,0,1,0,1,1,0,0,0,1,1,0,1,1
1346770838,1,1,1,0,0,0,0,1,0,1,0,1,1,0,1,1,1,1,1,0,1
1346770839,1,1,1,0,0,0,0,1,0,1,0,1,1,0,1,0,0,0,1,1,1
1346770840,1,1,1,0,0,0,1,0,0,1,0,1,1,0,0,0,1,1,1,0,1
1346770841,1,1,1,0,0,0,1,0,0,1,0,1,1,0,1,1,0,1,0,1,1
1346770842,1,1,1,0,0,0,1,0,0,1,0,1,1,0,0,0,1,0,0,0,1
1346770843,1,1,1,0,0,0,1,0,0,1,0,1,1,0,1,1,1,1,1,1,1
1346770844,1,1,1,0,0,0,1,0,0,1,0,1,1,0,1,1,0,1,1,1,1
1346770845,1,1,1,0,0,0,1,0,0,1,0,1,1,0,1,0,1,1,1,1,1
1346770846,1,1,1,0,0,0,1,0,0,1,0,1,1,0,1,1,0,0,1,0,1
1346770847,1,1,1,0,0,0,1,0,0,1,0,1,1,0,0,0,0,0,1,1,1
1346770848,1,1,1,0,0,0,1,0,0,1,0,1,1,0,0,1,0,1,1,0,1
1346770849,1,1,1,0,0,0,1,0,0,1,0,1,1,0,1,1,1,1,1,1,1
1346770850,1,1,1,0,0,0,1,0,0,1,0,1,1,0,1,1,1,1,1,1,1
1346770851,1,1,1,0,0,0,1,0,0,1,0,1,1,0,0,1,1,1,1,1,1
1346770852,1,1,1,0,0,0,0,1,0,1,0,1,1,0,1,1,1,1,1,1,1
1346770853,1,1,1,0,0,0,0,1,0,1,0,1,1,0,1,0,1,1,1,1,1
1346770854,1,1,1,0,0,0,0,1,0,1,0,1,1,0,1,1,1,1,1,0,1
1346770855,1,1,1,0,0,0,0,1,0,1,0,1,1,0,1,1,1,1,0,0,1
1346770856,1,1,1,0,0,0,0,1,0,1,0,1,1,0,1,1,1,0,1,1,1
1346770857,1,1,1,0,0,0,0,1,0,1,0,1,1,0,1,0,1,1,1,1,1
1346770858,1,1,1,0,0,0,0,1,1,0,0,1,1,0,1,1,1,1,1,0,1
1346770859,1,1,1,0,0,0,0,1,1,0,0,1,1,0,1,1,1,1,1,1,1
1346770860,1,1,1,0,0,0,0,1,1,0,0,1,1,0,1,0,0,1,1,1,1
1346770861,1,1,1,0,0,0,0,1,1,0,0,1,0,1,1,1,1,1,1,1,1
1346770862,1,1,1,0,0,0,0,1,1,0,0,1,0,1,1,0,1,1,1,1,1
1346770863,1,1,1,0,0,0,0,1,1,0,0,1,0,1,1,1,1,0,1,1,1
1346770864,1,1,1,0,0,0,0,1,1,0,0,1,0,1,1,1,1,1,1,0,1
1346770865,1,1,1,0,0,0,1,0,1,0,0,1,0,1,1,0,1,1,1,1,1
1346770866,1,1,1,0,0,0,1,0,1,0,0,1,0,1,1,0,1,1,1,1,1
1346770867,1,1,1,0,0,0,1,0,1,0,0,1,0,1,0,1,1,1,1,1,1
1346770868,1,1,1,0,0,0,1,0,1,0,0,1,0,1,1,1,0,1,1,1,1
1346770869,1,1,1,0,0,0,1,0,1,0,0,1,0,1,0,1,0,0,1,1,1
1346770870,1,1,1,0,0,0,1,0,1,0,0,1,0,1,0,1,0,1,1,1,1
1346770871,1,1,1,0,0,0,1,0,1,0,0,1,0,1,0,0,1,1,1,1,1
1346770872,1,1,1,0,0,0,1,0,1,0,0,1,0,1,0,1,0,1,0,0,1
1346770873,1,1,1,0,0,0,1,0,1,0,0,1,0,1,0,0,1,1,1,1,1
1346770874,1,1,1,0,0,0,1,0,1,0,0,1,0,1,0,1,0,1,1,1,1
1346770875,1,1,1,0,0,0,1,0,1,0,1,0,0,1,0,1,0,1,1,1,1
1346770876,1,1,1,0,0,0,1,0,1,0,1,0,0,1,0,1,0,1,1,1,1
1346770877,1,1,1,0,0,0,1,0,1,0,1,0,0,1,1,1,1,1,1,1,1
1346770878,1,1,0,1,0,0,1,0,1,0,1,0,0,1,1,0,1,1,1,1,1
1346770879,1,1,1,0,0,0,1,0,1,0,1,0,0,1,1,1,1,1,1,1,1
1346770880,1,1,1,0,0,0,1,0,1,0,1,0,0,1,0,1,0,1,1,1,1
1346770881,1,1,1,0,0,0,1,0,1,0,1,0,0,1,0,1,0,1,1,1,1
1346770882,1,1,1,0,0,0,1,0,1,0,1,0,0,1,0,0,0,1,1,1,1
1346770883,1,1,1,0,0,0,1,0,1,0,1,0,0,1,0,0,1,1,1,1,1
1346770884,1,1,1,0,0,0,1,0,1,0,1,0,0,1,0,0,0,1,1,1,1
1346770885,1,1,1,0,0,0,1,0,1,0,1,0,1,0,0,0,0,1,1,1,1
1346770886,1,1,1,0,0,0,1,0,1,0,0,1,1,0,0,0,1,1,1,1,1
1346770887,1,1,1,0,0,0,1,0,1,0,0,1,1,0,0,0,0,1,1,0,1
1346770888,1,1,1,0,0,0,1,0,1,0,0,1,0,1,0,0,1,1,1,1,1
1346770889,1,1,1,0,0,0,1,0,1,0,0,1,0,1,0,0,1,1,1,1,1
1346770890,1,1,1,0,0,0,1,0,1,0,0,1,0,1,0,0,0,1,1,1,1
1346770891,1,1,1,0,0,0,1,0,1,0,0,1,0,1,0,0,0,1,0,0,1
1346770892,1,1,1,0,0,0,1,0,1,0,0,1,0,1,1,0,1,1,0,0,1
1346770893,1,1,1,0,0,0,1,0,1,0,0,1,0,1,0,0,1,1,1,0,1
1346770894,1,1,0,1,0,0,1,0,1,0,0,1,0,1,0,0,1,1,1,0,1
1346770895,1,1,1,0,0,0,1,0,1,0,0,1,0,1,0,0,1,1,1,1,1
1346770896,1,1,1,0,0,0,1,0,1,0,0,1,0,1,0,0,1,1,1,1,1
1346770897,1,1,1,0,0,0,1,0,1,0,1,0,0,1,0,0,1,1,1,1,1
1346770898,1,1,1,0,0,0,1,0,1,0,1,0,0,1,1,0,1,1,0,0,1
1346770899,1,1,1,0,0,0,1,0,1,0,1,0,0,1,0,0,1,0,0,0,1
1346770900,1,1,1,0,0,0,1,0,1,0,1,0,0,1,0,1,1,0,1,1,1
1346770901,1,1,1,0,0,0,1,0,1,0,1,0,0,1,0,1,1,0,0,0,1
1346770902,1,1,1,0,0,0,1,0,1,0,1,0,0,1,0,0,1,1,1,1,1
1346770903,1,1,1,0,0,0,1,0,1,0,1,0,0,1,0,0,1,1,1,0,1
1346770904,1,1,1,0,0,0,1,0,1,0,1,0,0,1,0,0,1,1,1,0,1
1346770905,1,1,1,0,0,0,1,0,0,1,1,0,0,1,0,0,1,0,1,0,1
1346770906,1,1,1,0,0,0,1,0,0,1,1,0,0,1,0,0,1,0,1,0,1
1346770907,1,1,1,0,0,0,1,0,0,1,1,0,0,1,1,1,1,0,1,0,1
1346770908,1,1,1,0,0,0,1,0,0,1,1,0,0,1,0,0,1,0,1,1,1
1346770909,1,1,1,0,0,0,1,0,0,1,1,0,0,1,0,0,1,0,1,1,1
1346770910,1,1,1,0,0,0,1,0,0,1,1,0,0,1,0,0,1,0,1,1,1
1346770911,1,1,1,0,0,0,1,0,0,1,1,0,0,1,0,0,1,0,1,0,1
1346770912,1,1,1,0,0,0,1,0,0,1,1,0,0,1,0,1,1,1,0,0,1
1346770913,1,1,1,0,0,0,1,0,0,1,1,0,0,1,1,0,1,0,1,0,1
1346770914,1,1,1,0,0,0,1,0,0,1,1,0,0,1,1,0,1,1,1,0,1
1346770915,1,1,1,0,0,0,1,0,0,1,1,0,1,0,1,1,1,1,1,1,1
1346770916,1,1,1,0,0,0,1,0,0,1,1,0,1,0,0,1,1,1,1,0,1
1346770917,1,1,1,0,0,0,1,0,0,1,1,0,1,0,0,0,1,1,1,0,1
1346770918,1,1,1,0,0,0,1,0,0,1,1,0,1,0,0,0,1,1,1,0,1
1346770919,1,1,1,0,0,0,1,0,0,1,1,0,1,0,0,0,1,1,0,0,1
1346770920,1,1,1,0,0,0,1,0,0,1,1,0,1,0,0,1,1,0,1,0,1
1346770921,1,1,1,0,0,0,1,0,0,1,1,0,1,0,1,1,1,1,1,0,1
1346770922,1,1,1,0,0,0,1,0,0,1,0,1,1,0,1,0,1,1,1,0,1
1346770923,1,1,1,0,0,0,0,1,0,1,0,1,1,0,1,1,1,1,1,0,1
1346770924,1,1,1,0,0,0,0,1,0,1,0,1,1,0,1,1,1,1,1,1,1
1346770925,1,1,0,1,0,0,0,1,0,1,0,1,1,0,0,1,1,1,1,1,1
1346770926,1,1,1,0,0,0,0,1,0,1,0,1,1,0,0,0,1,0,1,0,1
1346770927,1,1,1,0,0,0,0,1,0,1,0,1,1,0,0,0,1,1,1,0,1
1346770928,1,1,1,0,0,0,0,1,0,1,0,1,1,0,0,0,1,0,1,1,1
1346770929,1,1,1,0,0,0,0,1,0,1,0,1,1,0,1,1,1,1,1,0,1
1346770930,1,1,1,0,0,0,0,1,0,1,0,1,1,0,1,0,1,1,1,1,1
1346770931,1,1,1,0,0,0,0,1,0,1,0,1,1,0,1,1,1,1,0,1,1
1346770932,1,1,1,0,0,0,0,1,0,1,0,1,1,0,1,1,1,1,1,1,1
1346770933,1,1,1,0,0,0,0,1,0,1,0,1,1,0,1,1,1,1,1,1,1
1346770934,1,1,1,0,0,0,0,1,0,1,0,1,1,0,0,1,1,0,1,0,1
1346770935,1,1,1,0,0,0,0,1,0,1,0,1,1,0,1,0,1,1,1,1,1
1346770936,1,1,1,0,0,0,0,1,0,1,0,1,1,0,0,1,1,1,1,1,1
1346770937,1,1,1,0,0,0,0,1,1,0,0,1,0,1,1,1,1,1,1,1,1
1346770938,1,1,1,0,0,0,0,1,1,0,0,1,0,1,1,0,1,1,1,1,1
1346770939,1,1,1,0,0,0,0,1,1,0,0,1,0,1,1,0,1,1,1,1,1
1346770940,1,1,1,0,0,0,0,1,1,0,0,1,0,1,1,1,1,1,0,1,1
1346770941,1,1,1,0,0,0,0,1,1,0,0,1,0,1,0,1,1,1,1,1,1
1346770942,1,1,1,0,0,0,0,1,1,0,0,1,0,1,0,0,1,1,1,0,1
1346770943,1,1,1,0,0,0,0,1,1,0,0,1,0,1,0,0,1,1,0,1,1
1346770944,1,1,1,0,0,0,0,1,1,0,0,1,0,1,1,0,1,1,1,1,1
1346770945,1,1,1,0,0,0,0,1,1,0,0,1,0,1,1,0,1,1,1,1,1
1346770946,1,1,1,0,0,0,0,1,1,0,0,1,0,1,1,0,1,1,1,1,1
1346770947,1,1,1,0,0,0,0,1,1,0,0,1,0,1,0,1,1,1,1,1,1
1346770948,1,1,1,0,0,0,0,1,1,0,0,1,0,1,0,0,1,1,1,0,1
1346770949,1,1,1,0,0,0,1,0,1,0,0,1,0,1,0,0,1,1,0,1,1
1346770950,1,1,1,0,0,0,1,0,1,0,0,1,0,1,0,0,1,1,1,0,1
1346770951,1,1,1,0,0,0,1,0,1,0,0,1,0,1,1,0,1,1,1,1,1
1346770952,1,1,1,0,0,0,1,0,1,0,0,1,0,1,1,0,1,1,1,1,1
1346770953,1,1,1,0,0,0,1,0,1,0,0,1,0,1,1,0,1,1,0,0,1
1346770954,1,1,1,0,0,0,1,0,1,0,0,1,0,1,1,0,1,1,1,1,1
1346770955,1,1,1,0,0,0,1,0,1,0,0,1,0,1,0,1,1,1,1,1,1
1346770956,1,1,1,0,0,0,1,0,1,0,0,1,0,1,0,0,1,1,1,1,1
1346770957,1,1,1,0,0,0,1,0,1,0,0,1,0,1,0,0,1,1,1,1,1
1346770958,1,1,1,0,0,0,1,0,1,0,1,0,0,1,0,0,1,1,0,0,1
1346770959,1,1,1,0,0,0,1,0,1,0,1,0,0,1,1,0,1,1,0,0,1
1346770960,1,1,1,0,0,0,1,0,1,0,1,0,0,1,0,0,1,1,1,0,1
1346770961,1,1,1,0,0,0,1,0,1,0,1,0,0,1,0,1,1,1,1,1,1
1346770962,1,1,1,0,0,0,1,0,1,0,1,0,0,1,0,1,1,1,1,1,1
1346770963,1,1,1,0,0,0,1,0,1,0,1,0,0,1,0,0,1,1,1,1,1
1346770964,1,1,1,0,0,0,1,0,1,0,1,0,0,1,0,0,1,1,1,1,1
1346770965,1,1,1,0,0,0,1,0,0,1,1,0,0,1,0,0,1,1,1,0,1
1346770966,1,1,1,0,0,0,1,0,0,1,1,0,0,1,0,0,1,1,0,0,1
1346770967,1,1,1,0,0,0,1,0,0,1,1,0,0,1,0,0,1,0,0,0,1
1346770968,1,1,1,0,0,0,1,0,0,1,1,0,0,1,0,0,1,0,1,1,1
1346770969,1,1,1,0,0,0,1,0,0,1,1,0,0,1,0,0,1,0,1,1,1
1346770970,1,1,1,0,0,0,1,0,0,1,1,0,0,1,0,0,1,1,1,1,1
1346770971,1,1,1,0,0,0,1,0,0,1,1,0,0,1,0,0,1,0,1,1,1
1346770972,1,1,1,0,0,0,1,0,0,1,1,0,0,1,1,0,1,0,1,0,1
1346770973,1,1,1,0,0,0,1,0,0,1,1,0,0,1,0,0,1,0,1,0,1
1346770974,1,1,0,1,0,0,1,0,0,1,1,0,0,1,0,0,1,1,1,1,1
1346770975,1,1,1,0,0,0,1,0,0,1,1,0,1,0,0,0,1,1,1,1,1
1346770976,1,1,1,0,0,0,1,0,0,1,1,0,1,0,0,0,1,1,1,0,1
1346770977,1,1,1,0,0,0,1,0,0,1,1,0,1,0,0,0,1,0,1,0,1
1346770978,1,1,1,0,0,0,1,0,0,1,1,0,1,0,0,0,1,1,0,0,1
1346770979,1,1,1,0,0,0,1,0,0,1,1,0,1,0,0,0,1,1,1,0,1
1346770980,1,1,1,0,0,0,1,0,0,1,1,0,1,0,0,0,1,1,0,0,1
1346770981,1,1,1,0,0,0,1,0,0,1,1,0,1,0,0,0,1,1,1,0,1
1346770982,1,1,1,0,0,0,0,1,0,1,0,1,1,0,0,0,1,1,1,0,1
1346770983,1,1,1,0,0,0,0,1,0,1,0,1,1,0,0,0,1,1,1,0,1
1346770984,1,1,1,0,0,0,0,1,0,1,0,1,1,0,0,0,1,1,0,0,1
1346770985,1,1,1,0,0,0,0,1,0,1,0,1,1,0,1,0,1,1,0,0,1
1346770986,1,1,1,0,0,0,0,1,0,1,0,1,1,0,1,0,1,1,1,0,1
1346770987,1,1,1,0,0,0,0,1,0,1,0,1,1,0,1,0,1,1,1,0,1
1346770988,1,1,1,0,0,0,0,1,0,1,0,1,1,0,0,0,1,1,0,0,1
1346770989,1,1,1,0,0,0,0,1,0,1,0,1,1,0,0,0,1,1,0,0,1
1346770990,1,1,1,0,0,0,0,1,0,1,0,1,1,0,0,0,1,1,0,0,1
1346770991,1,1,1,0,0,0,0,1,0,1,0,1,1,0,1,0,1,1,1,0,1
1346770992,1,1,1,0,0,0,0,1,0,1,0,1,1,0,0,0,1,1,1,0,1
1346770993,1,1,1,0,0,0,0,1,0,1,0,1,1,0,1,0,1,1,1,1,1
1346770994,1,1,1,0,0,0,0,1,0,1,0,1,1,0,1,0,1,1,1,1,1
1346770995,1,1,1,0,0,0,0,1,1,0,0,1,0,1,0,0,1,1,1,1,1
1346770996,1,1,1,0,0,0,0,1,1,0,0,1,0,1,0,0,1,1,1,1,1
1346770997,1,1,1,0,0,0,0,1,1,0,0,1,0,1,0,0,1,1,1,1,1
1346770998,1,1,1,0,0,0,0,1,1,0,0,1,0,1,0,0,1,0,1,1,1
1346770999,1,1,1,0,0,0,0,1,1,0,0,1,0,1,1,0,1,0,1,1,1
1346771000,1,1,1,0,0,0,0,1,1,0,0,1,0,1,1,0,1,1,1,1,1
1346771001,1,1,1,0,0,0,0,1,1,0,0,1,0,1,0,1,1,0,1,1,1
1346771002,1,1,1,0,0,0,0,1,1,0,0,1,0,1,0,0,1,0,1,1,1
1346771003,1,1,1,0,0,0,0,1,1,0,0,1,0,1,0,0,1,1,1,1,1
1346771004,1,1,1,0,0,0,0,1,1,0,0,1,0,1,0,0,1,1,1,0,1
1346771005,1,1,1,0,0,0,0,1,1,0,0,1,0,1,1,0,1,1,1,1,1
1346771006,1,1,1,0,0,0,0,1,1,0,0,1,0,1,1,0,1,1,1,1,1
1346771007,1,1,1,0,0,0,0,1,1,0,0,1,0,1,1,1,1,1,1,1,1
1346771008,1,1,1,0,0,0,1,0,1,0,0,1,0,1,0,1,1,1,1,0,1
1346771009,1,1,1,0,0,0,1,0,1,0,0,1,0,1,0,0,1,1,0,1,1
1346771010,1,1,1,0,0,0,1,0,1,0,0,1,0,1,0,0,1,1,0,1,1
1346771011,1,1,1,0,0,0,1,0,1,0,0,1,0,1,0,0,1,1,1,0,1
1346771012,1,1,1,0,0,0,1,0,1,0,0,1,0,1,1,0,1,1,1,1,1
1346771013,1,1,1,0,0,0,1,0,1,0,0,1,0,1,0,0,1,1,1,1,1
1346771014,1,1,1,0,0,0,1,0,1,0,0,1,0,1,0,1,1,1,0,0,1
1346771015,1,1,1,0,0,0,1,0,1,0,0,1,0,1,0,1,1,1,1,1,1
1346771016,1,1,1,0,0,0,1,0,1,0,0,1,0,1,0,0,1,1,1,1,1
1346771017,1,1,1,0,0,0,1,0,1,0,0,1,0,1,0,0,1,1,1,1,1
1346771018,1,1,1,0,0,0,1,0,1,0,1,0,0,1,0,0,1,1,0,0,1
1346771019,1,1,1,0,0,0,1,0,1,0,1,0,0,1,1,0,1,1,0,1,1
1346771020,1,1,1,0,0,0,1,0,1,0,1,0,0,1,0,0,1,1,0,0,1
1346771021,1,1,1,0,0,0,1,0,1,0,1,0,0,1,0,1,1,1,1,1,1
1346771022,1,1,1,0,0,0,1,0,1,0,1,0,0,1,0,0,1,1,1,1,1
1346771023,1,1,1,0,0,0,1,0,1,0,1,0,0,1,0,0,1,1,1,1,1
1346771024,1,1,1,0,0,0,1,0,1,0,1,0,0,1,0,0,1,1,1,1,1
1346771025,1,1,1,0,0,0,1,0,0,1,1,0,0,1,0,0,1,1,1,0,1
1346771026,1,1,1,0,0,0,1,0,0,1,1,0,0,1,0,0,1,1,0,0,1
1346771027,1,1,1,0,0,0,1,0,0,1,1,0,0,1,0,0,1,0,0,0,1
1346771028,1,1,1,0,0,0,1,0,0,1,1,0,0,1,0,0,1,0,1,1,1
1346771029,1,1,1,0,0,0,1,0,0,1,1,0,0,1,0,0,1,0,1,1,1
1346771030,1,1,1,0,0,0,1,0,0,1,1,0,0,1,0,0,1,0,1,1,1
1346771031,1,1,1,0,0,0,1,0,0,1,1,0,0,1,0,0,1,0,1,0,1
1346771032,1,1,1,0,0,0,1,0,0,1,1,0,0,1,0,0,1,0,1,0,1
1346771033,1,1,1,0,0,0,1,0,0,1,1,0,0,1,0,0,1,1,1,1,1
1346771034,1,1,1,0,0,0,1,0,0,1,1,0,0,1,0,0,1,1,1,1,1
1346771035,1,1,1,0,0,0,1,0,0,1,1,0,1,0,0,0,1,1,1,1,1
1346771036,1,1,1,0,0,0,1,0,0,1,1,0,1,0,0,0,1,1,1,0,1
1346771037,1,1,1,0,0,0,1,0,0,1,1,0,1,0,0,0,1,0,1,0,1
1346771038,1,1,1,0,0,0,1,0,0,1,1,0,1,0,0,0,1,0,0,0,1
1346771039,1,1,1,0,0,0,1,0,0,1,1,0,1,0,0,0,1,1,1,0,1
1346771040,1,1,1,0,0,0,1,0,0,1,1,0,1,0,0,1,1,1,1,0,1
1346771041,1,1,1,0,0,0,1,0,0,1,1,0,1,0,0,0,1,1,1,0,1
1346771042,1,1,1,0,0,0,1,0,0,1,0,1,1,0,0,0,1,1,1,0,1
1346771043,1,1,1,0,0,0,0,1,0,1,0,1,1,0,0,0,1,1,1,0,1
1346771044,1,1,1,0,0,0,0,1,0,1,0,1,1,0,1,0,1,1,0,0,1
1346771045,1,1,1,0,0,0,0,1,0,1,0,1,1,0,0,0,1,1,1,0,1
1346771046,1,1,1,0,0,0,0,1,0,1,0,1,1,0,0,0,1,1,1,0,1
1346771047,1,1,1,0,0,0,0,1,0,1,0,1,1,0,0,0,1,1,0,0,1
1346771048,1,1,1,0,0,0,0,1,0,1,0,1,1,0,0,0,1,1,1,0,1
1346771049,1,1,1,0,0,0,0,1,0,1,0,1,1,0,0,0,1,1,1,0,1
1346771050,1,1,1,0,0,0,0,1,0,1,0,1,1,0,1,0,1,1,1,0,1
1346771051,1,1,1,0,0,0,0,1,0,1,0,1,1,0,1,0,1,1,1,0,1
1346771052,1,1,1,0,0,0,0,1,0,1,0,1,1,0,1,0,1,1,1,1,1
1346771053,1,1,1,0,0,0,0,1,0,1,0,1,1,0,1,1,1,1,1,1,1
1346771054,1,1,1,0,0,0,0,1,0,1,0,1,1,0,0,0,1,1,0,1,1
1346771055,1,1,1,0,0,0,0,1,0,1,0,1,1,0,0,0,1,1,1,1,1
1346771056,1,1,1,0,0,0,0,1,1,0,0,1,1,0,0,0,1,1,1,0,1
1346771057,1,1,1,0,0,0,0,1,1,0,0,1,0,1,0,0,1,1,1,1,1
1346771058,1,1,1,0,0,0,0,1,1,0,0,1,0,1,1,0,1,1,1,1,1
1346771059,1,1,1,0,0,0,0,1,1,0,0,1,0,1,0,1,1,1,1,1,1
1346771060,1,1,1,0,0,0,0,1,1,0,0,1,0,1,0,0,1,1,1,1,1
1346771061,1,1,1,0,0,0,0,1,1,0,0,1,0,1,0,0,1,0,1,1,1
1346771062,1,1,1,0,0,0,0,1,1,0,0,1,0,1,0,0,1,0,1,0,1
1346771063,1,1,1,0,0,0,0,1,1,0,0,1,0,1,1,1,1,1,1,1,1
1346771064,1,1,1,0,0,0,0,1,1,0,0,1,0,1,1,1,1,1,1,1,1
1346771065,1,1,1,0,0,0,0,1,1,0,0,1,0,1,0,0,1,1,1,1,1
1346771066,1,1,1,0,0,0,0,1,1,0,0,1,0,1,0,0,1,1,1,1,1
1346771067,1,1,1,0,0,0,0,1,1,0,0,1,0,1,0,0,1,1,0,1,1
1346771068,1,1,1,0,0,0,0,1,1,0,0,1,0,1,0,0,1,1,1,0,1
1346771069,1,1,1,0,0,0,1,0,1,0,0,1,0,1,1,0,1,1,1,1,1
1346771070,1,1,1,0,0,0,1,0,1,0,0,1,0,1,0,0,1,1,1,1,1
1346771071,1,1,1,0,0,0,1,0,1,0,0,1,0,1,0,1,1,1,0,1,1
1346771072,1,1,1,0,0,0,1,0,1,0,0,1,0,1,0,0,1,1,0,1,1
1346771073,1,1,1,0,0,0,1,0,1,0,0,1,0,1,0,0,1,1,0,1,1
1346771074,1,1,1,0,0,0,1,0,1,0,0,1,0,1,0,0,1,1,0,0,1
1346771075,1,1,1,0,0,0,1,0,1,0,0,1,0,1,0,0,1,1,0,0,1
1346771076,1,1,1,0,0,0,1,0,1,0,0,1,0,1,0,0,1,1,1,1,1
1346771077,1,1,1,0,0,0,1,0,1,0,0,1,0,1,0,0,1,1,1,1,1
1346771078,1,1,1,0,0,0,1,0,1,0,1,0,0,1,0,0,1,1,1,1,1
1346771079,1,1,1,0,0,0,1,0,1,0,1,0,0,1,0,0,1,1,1,1,1
1346771080,1,1,1,0,0,0,1,0,1,0,1,0,0,1,0,0,1,1,1,1,1
1346771081,1,1,1,0,0,0,1,0,1,0,1,0,0,1,0,0,1,1,1,0,1
1346771082,1,1,1,0,0,0,1,0,1,0,1,0,0,1,0,0,1,1,0,0,1
1346771083,1,1,1,0,0,0,1,0,1,0,1,0,0,1,0,0,1,1,1,0,1
1346771084,1,1,1,0,0,0,1,0,1,0,1,0,0,1,0,0,1,1,1,1,1
1346771085,1,1,1,0,0,0,1,0,1,0,1,0,0,1,0,0,1,1,1,1,1
1346771086,1,1,1,0,0,0,1,0,0,1,1,0,0,1,0,0,1,1,1,1,1
1346771087,1,1,1,0,0,0,1,0,0,1,1,0,0,1,0,0,1,1,1,0,1
1346771088,1,1,1,0,0,0,1,0,0,1,1,0,0,1,1,0,1,1,1,0,1
1346771089,1,1,1,0,0,0,1,0,0,1,1,0,0,1,0,0,1,0,1,0,1
1346771090,1,1,1,0,0,0,1,0,0,1,1,0,0,1,0,1,1,0,1,1,1
1346771091,1,1,1,0,0,0,1,0,0,1,1,0,0,1,0,1,1,1,1,1,1
1346771092,1,1,1,0,0,0,1,0,0,1,1,0,0,1,0,0,1,1,1,1,1
1346771093,1,1,1,0,0,0,1,0,0,1,1,0,0,1,0,0,1,0,1,0,1
1346771094,1,1,1,0,0,0,1,0,0,1,1,0,1,0,0,0,1,0,1,0,1
1346771095,1,1,1,0,0,0,1,0,0,1,1,0,1,0,0,0,1,0,0,0,1
1346771096,1,1,0,1,0,0,1,0,0,1,1,0,1,0,0,0,1,1,0,0,1
1346771097,1,1,1,0,0,0,1,0,0,1,1,0,1,0,0,0,1,1,1,1,1
1346771098,1,1,1,0,0,0,1,0,0,1,1,0,1,0,0,0,1,1,1,1,1
1346771099,1,1,1,0,0,0,1,0,0,1,1,0,1,0,0,0,1,1,1,0,1
1346771100,1,1,1,0,0,0,1,0,0,1,1,0,1,0,0,0,1,1,1,0,1
1346771101,1,1,1,0,0,0,1,0,0,1,1,0,1,0,1,0,1,1,1,0,1
1346771102,1,1,1,0,0,0,1,0,0,1,1,0,1,0,1,0,1,1,0,0,1
1346771103,1,1,1,0,0,0,0,1,0,1,1,0,1,0,0,0,1,1,0,0,1
1346771104,1,1,1,0,0,0,0,1,0,1,0,1,1,0,0,0,1,1,0,0,1
1346771105,1,1,1,0,0,0,0,1,0,1,0,1,1,0,0,0,1,1,1,0,1
1346771106,1,1,1,0,0,0,0,1,0,1,0,1,1,0,0,0,1,1,1,0,1
1346771107,1,1,1,0,0,0,0,1,0,1,0,1,1,0,0,0,1,1,0,0,1
1346771108,1,1,1,0,0,0,0,1,0,1,0,1,1,0,1,0,1,1,1,0,1
1346771109,1,1,1,0,0,0,0,1,0,1,0,1,1,0,1,0,1,1,1,0,1
1346771110,1,1,1,0,0,0,0,1,0,1,0,1,1,0,1,0,1,1,1,0,1
1346771111,1,1,1,0,0,0,0,1,0,1,0,1,1,0,1,1,1,1,0,1,1
1346771112,1,1,1,0,0,0,0,1,0,1,0,1,1,0,0,0,1,1,0,1,1
1346771113,1,1,1,0,0,0,0,1,0,1,0,1,1,0,0,0,1,1,0,0,1
1346771114,1,1,1,0,0,0,0,1,0,1,0,1,1,0,0,0,1,1,1,0,1
1346771115,1,1,1,0,0,0,0,1,0,1,0,1,1,0,1,1,1,1,1,0,1
1346771116,1,1,1,0,0,0,0,1,1,0,0,1,1,0,1,0,1,1,1,1,1
1346771117,1,1,1,0,0,0,0,1,1,0,0,1,0,1,0,0,1,1,1,1,1
1346771118,1,1,1,0,0,0,0,1,1,0,0,1,0,1,1,0,1,1,1,1,1
1346771119,1,1,1,0,0,0,0,1,1,0,0,1,0,1,0,0,1,1,1,1,1
1346771120,1,1,1,0,0,0,0,1,1,0,0,1,0,1,0,0,1,1,1,1,1
1346771121,1,1,1,0,0,0,0,1,1,0,0,1,0,1,1,0,1,0,1,1,1
1346771122,1,1,1,0,0,0,0,1,1,0,0,1,0,1,1,0,1,1,1,1,1
1346771123,1,1,1,0,0,0,0,1,1,0,0,1,0,1,1,0,1,0,1,1,1
1346771124,1,1,1,0,0,0,0,1,1,0,0,1,0,1,0,0,1,0,1,1,1
1346771125,1,1,1,0,0,0,0,1,1,0,0,1,0,1,0,0,1,1,1,1,1
1346771126,1,1,1,0,0,0,0,1,1,0,0,1,0,1,0,0,1,1,1,1,1
1346771127,1,1,1,0,0,0,0,1,1,0,0,1,0,1,0,0,1,1,1,0,1
1346771128,1,1,1,0,0,0,0,1,1,0,0,1,0,1,0,0,1,1,1,0,1
1346771129,1,1,1,0,0,0,1,0,1,0,0,1,0,1,1,0,1,1,1,0,1
1346771130,1,1,1,0,0,0,1,0,1,0,0,1,0,1,0,0,1,1,1,1,1
1346771131,1,1,1,0,0,0,1,0,1,0,0,1,0,1,0,1,1,1,1,0,1
1346771132,1,1,1,0,0,0,1,0,1,0,0,1,0,1,0,1,1,1,0,1,1
1346771133,1,1,1,0,0,0,1,0,1,0,0,1,0,1,0,0,1,1,1,1,1
1346771134,1,1,1,0,0,0,1,0,1,0,0,1,0,1,0,0,1,1,0,1,1
1346771135,1,1,1,0,0,0,1,0,1,0,0,1,0,1,0,0,1,1,0,0,1
1346771136,1,1,1,0,0,0,1,0,1,0,0,1,0,1,0,0,1,1,1,1,1
1346771137,1,1,1,0,0,0,1,0,1,0,0,1,0,1,0,1,1,1,1,0,1
1346771138,1,1,1,0,0,0,1,0,1,0,0,1,0,1,0,0,1,1,1,1,1
1346771139,1,1,1,0,0,0,1,0,1,0,1,0,0,1,0,0,1,1,1,1,1
1346771140,1,1,1,0,0,0,1,0,1,0,1,0,0,1,0,0,1,1,1,1,1
1346771141,1,1,1,0,0,0,1,0,1,0,1,0,0,1,0,0,1,1,1,0,1
1346771142,1,1,1,0,0,0,1,0,1,0,1,0,0,1,0,0,1,1,0,0,1
1346771143,1,1,1,0,0,0,1,0,1,0,1,0,0,1,0,0,1,1,0,0,1
1346771144,1,1,1,0,0,0,1,0,1,0,1,0,0,1,0,0,1,1,1,1,1
1346771145,1,1,1,0,0,0,1,0,1,0,1,0,0,1,0,0,1,1,1,1,1
1346771146,1,1,1,0,0,0,1,0,0,1,1,0,0,1,0,0,1,1,1,1,1
1346771147,1,1,1,0,0,0,1,0,0,1,1,0,0,1,0,0,1,1,1,0,1
1346771148,1,1,1,0,0,0,1,0,0,1,1,0,0,1,0,0,1,1,1,0,1
1346771149,1,1,1,0,0,0,1,0,0,1,1,0,0,1,0,0,1,0,1,0,1
1346771150,1,1,1,0,0,0,1,0,0,1,1,0,0,1,0,0,1,0,1,1,1
1346771151,1,1,1,0,0,0,1,0,0,1,1,0,0,1,0,0,1,0,1,1,1
1346771152,1,1,1,0,0,0,1,0,0,1,1,0,0,1,0,0,1,0,1,1,1
1346771153,1,1,1,0,0,0,1,0,0,1,1,0,0,1,0,0,1,1,1,0,1
1346771154,1,1,1,0,0,0,1,0,0,1,1,0,0,1,0,0,1,0,1,0,1
1346771155,1,1,1,0,0,0,1,0,0,1,1,0,0,1,0,0,1,0,1,0,1
1346771156,1,1,1,0,0,0,1,0,0,1,1,0,1,0,0,0,1,0,1,0,1
1346771157,1,1,1,0,0,0,1,0,0,1,1,0,1,0,0,0,1,1,1,0,1
1346771158,1,1,1,0,0,0,1,0,0,1,1,0,1,0,0,0,1,1,1,0,1
1346771159,1,1,1,0,0,0,1,0,0,1,1,0,1,0,0,0,1,1,1,0,1
1346771160,1,1,1,0,0,0,1,0,0,1,1,0,1,0,0,0,1,1,1,0,1
1346771161,1,1,1,0,0,0,1,0,0,1,1,0,1,0,0,0,1,1,1,0,1
1346771162,1,1,1,0,0,0,1,0,0,1,1,0,1,0,1,0,1,1,1,0,1
1346771163,1,1,1,0,0,0,0,1,0,1,1,0,1,0,1,0,1,1,0,0,1
1346771164,1,1,1,0,0,0,0,1,0,1,0,1,1,0,1,1,1,1,0,0,1
1346771165,1,1,1,0,0,0,0,1,0,1,0,1,1,0,0,0,1,1,1,0,1
1346771166,1,1,1,0,0,0,0,1,0,1,0,1,1,0,0,0,1,1,1,0,1
1346771167,1,1,1,0,0,0,0,1,0,1,0,1,1,0,0,0,1,1,0,0,1
1346771168,1,1,1,0,0,0,0,1,0,1,0,1,1,0,1,0,1,1,1,0,1
1346771169,1,1,1,0,0,0,0,1,0,1,0,1,1,0,1,0,1,1,1,0,1
1346771170,1,1,1,0,0,0,0,1,0,1,0,1,1,0,1,0,1,1,1,0,1
1346771171,1,1,1,0,0,0,0,1,0,1,0,1,1,0,0,0,1,1,1,1,1
1346771172,1,1,1,0,0,0,0,1,0,1,0,1,1,0,0,0,1,1,0,1,1
1346771173,1,1,1,0,0,0,0,1,0,1,0,1,1,0,0,0,1,1,1,1,1
1346771174,1,1,1,0,0,0,0,1,0,1,0,1,1,0,1,0,1,1,1,0,1
1346771175,1,1,1,0,0,0,0,1,0,1,0,1,1,0,1,0,1,1,1,0,1
1346771176,1,1,1,0,0,0,0,1,1,0,0,1,1,0,1,0,1,1,1,1,1
1346771177,1,1,1,0,0,0,0,1,1,0,0,1,0,1,1,0,1,1,1,1,1
1346771178,1,1,1,0,0,0,0,1,1,0,0,1,0,1,0,0,1,1,1,1,1
1346771179,1,1,1,0,0,0,0,1,1,0,0,1,0,1,0,0,1,1,1,1,1
1346771180,1,1,1,0,0,0,0,1,1,0,0,1,0,1,0,0,1,0,1,1,1
1346771181,1,1,1,0,0,0,0,1,1,0,0,1,0,1,1,1,1,0,1,1,1
1346771182,1,1,1,0,0,0,0,1,1,0,0,1,0,1,1,0,1,0,1,1,1
1346771183,1,1,1,0,0,0,0,1,1,0,0,1,0,1,0,0,1,0,1,1,1
1346771184,1,1,1,0,0,0,0,1,1,0,0,1,0,1,0,0,1,0,1,1,1
1346771185,1,1,1,0,0,0,0,1,1,0,0,1,0,1,0,0,1,1,1,0,1
1346771186,1,1,1,0,0,0,0,1,1,0,0,1,0,1,0,0,1,1,1,0,1
1346771187,1,1,1,0,0,0,0,1,1,0,0,1,0,1,1,0,1,1,1,1,1
1346771188,1,1,1,0,0,0,0,1,1,0,0,1,0,1,0,0,1,1,1,1,1
1346771189,1,1,1,0,0,0,1,0,1,0,0,1,0,1,0,1,1,1,1,0,1
1346771190,1,1,1,0,0,0,1,0,1,0,0,1,0,1,0,0,1,1,1,1,1
1346771191,1,1,1,0,0,0,1,0,1,0,0,1,0,1,0,0,1,1,1,0,1
1346771192,1,1,1,0,0,0,1,0,1,0,0,1,0,1,1,0,1,1,1,0,1
1346771193,1,1,1,0,0,0,1,0,1,0,0,1,0,1,1,0,1,1,1,0,1
1346771194,1,1,1,0,0,0,1,0,1,0,0,1,0,1,0,1,1,1,0,0,1
1346771195,1,1,1,0,0,0,1,0,1,0,0,1,0,1,0,1,1,1,1,1,1
1346771196,1,1,1,0,0,0,1,0,1,0,0,1,0,1,0,0,1,1,1,1,1
1346771197,1,1,1,0,0,0,1,0,1,0,0,1,0,1,0,0,1,1,1,1,1
1346771198,1,1,1,0,0,0,1,0,1,0,0,1,0,1,0,0,1,1,1,1,1
1346771199,1,1,1,0,0,0,1,0,1,0,1,0,0,1,0,0,1,1,0,1,1
1346771200,1,1,1,0,0,0,1,0,1,0,1,0,0,1,1,0,1,1,0,1,1
1346771201,1,1,1,0,0,0,1,0,1,0,1,0,0,1,0,0,1,1,1,1,1
1346771202,1,1,1,0,0,0,1,0,1,0,1,0,0,1,0,0,1,1,1,1,1
1346771203,1,1,1,0,0,0,1,0,1,0,1,0,0,1,0,0,1,1,1,1,1
1346771204,1,1,1,0,0,0,1,0,1,0,1,0,0,1,0,0,1,1,1,1,1
1346771205,1,1,1,0,0,0,1,0,1,0,1,0,0,1,0,0,1,1,1,0,1
1346771206,1,1,1,0,0,0,1,0,1,0,1,0,0,1,0,0,1,1,0,0,1
1346771207,1,1,1,0,0,0,1,0,0,1,1,0,0,1,0,0,1,0,1,0,1
1346771208,1,1,1,0,0,0,1,0,0,1,1,0,0,1,0,0,1,0,1,1,1
1346771209,1,1,1,0,0,0,1,0,0,1,1,0,0,1,0,0,1,0,1,1,1
1346771210,1,1,1,0,0,0,1,0,0,1,1,0,0,1,0,0,1,0,1,1,1
1346771211,1,1,1,0,0,0,1,0,0,1,1,0,0,1,0,0,1,0,1,1,1
1346771212,1,1,1,0,0,0,1,0,0,1,1,0,0,1,0,0,1,0,1,0,1
1346771213,1,1,1,0,0,0,1,0,0,1,1,0,0,1,1,0,1,0,0,0,1
1346771214,1,1,1,0,0,0,1,0,0,1,1,0,0,1,0,0,1,1,0,0,1
1346771215,1,1,1,0,0,0,1,0,0,1,1,0,0,1,0,0,1,1,1,1,1
1346771216,1,1,1,0,0,0,1,0,0,1,1,0,1,0,0,0,1,1,1,1,1
1346771217,1,1,1,0,0,0,1,0,0,1,1,0,1,0,0,0,1,0,1,0,1
1346771218,1,1,1,0,0,0,1,0,0,1,1,0,1,0,0,0,1,0,1,0,1
1346771219,1,1,1,0,0,0,1,0,0,1,1,0,1,0,0,0,1,1,0,0,1
1346771220,1,1,1,0,0,0,1,0,0,1,1,0,1,0,0,0,1,1,0,0,1
1346771221,1,1,1,0,0,0,1,0,0,1,1,0,1,0,0,0,1,1,1,0,1
1346771222,1,1,1,0,0,0,1,0,0,1,1,0,1,0,0,0,1,1,1,0,1
1346771223,1,1,1,0,0,0,1,0,0,1,1,0,1,0,0,0,1,1,1,0,1
1346771224,1,1,1,0,0,0,0,1,0,1,0,1,1,0,1,0,1,1,0,0,1
1346771225,1,1,1,0,0,0,0,1,0,1,0,1,1,0,1,0,1,1,0,0,1
1346771226,1,1,1,0,0,0,0,1,0,1,0,1,1,0,1,0,1,1,1,0,1
1346771227,1,1,1,0,0,0,0,1,0,1,0,1,1,0,0,0,1,1,0,0,1
1346771228,1,1,1,0,0,0,0,1,0,1,0,1,1,0,0,0,1,1,1,0,1
1346771229,1,1,0,1,0,0,0,1,0,1,0,1,1,0,0,0,1,1,1,0,1
1346771230,1,1,1,0,0,0,0,1,0,1,0,1,1,0,0,0,1,1,0,0,1
1346771231,1,1,1,0,0,0,0,1,0,1,0,1,1,0,1,0,1,1,1,0,1
1346771232,1,1,1,0,0,0,0,1,0,1,0,1,1,0,1,0,1,1,1,0,1
1346771233,1,1,1,0,0,0,0,1,0,1,0,1,1,0,1,0,1,1,1,1,1
1346771234,1,1,1,0,0,0,0,1,0,1,0,1,1,0,1,0,1,1,1,1,1
1346771235,1,1,1,0,0,0,0,1,0,1,0,1,1,0,0,1,1,1,1,1,1
1346771236,1,1,1,0,0,0,0,1,0,1,0,1,1,0,0,0,1,1,1,0,1
1346771237,1,1,1,0,0,0,0,1,1,0,0,1,1,0,0,0,1,1,1,0,1
1346771238,1,1,1,0,0,0,0,1,1,0,0,1,0,1,1,0,1,1,1,1,1
1346771239,1,1,1,0,0,0,0,1,1,0,0,1,0,1,1,0,1,1,1,1,1
1346771240,1,1,1,0,0,0,0,1,1,0,0,1,0,1,1,1,1,1,1,1,1
1346771241,1,1,1,0,0,0,0,1,1,0,0,1,0,1,0,1,1,1,1,1,1
1346771242,1,1,1,0,0,0,0,1,1,0,0,1,0,1,0,0,1,1,1,1,1
1346771243,1,1,1,0,0,0,0,1,1,0,0,1,0,1,0,0,1,0,0,0,1
1346771244,1,1,1,0,0,0,0,1,1,0,0,1,0,1,1,0,1,1,1,0,1
1346771245,1,1,1,0,0,0,0,1,1,0,0,1,0,1,1,0,1,1,1,1,1
1346771246,1,1,1,0,0,0,0,1,1,0,0,1,0,1,0,1,1,1,1,1,1
1346771247,1,1,1,0,0,0,0,1,1,0,0,1,0,1,0,0,1,1,1,1,1
1346771248,1,1,1,0,0,0,0,1,1,0,0,1,0,1,0,0,1,1,1,0,1
1346771249,1,1,1,0,0,0,0,1,1,0,0,1,0,1,1,0,1,1,0,1,1
1346771250,1,1,1,0,0,0,1,0,1,0,0,1,0,1,1,0,1,1,1,0,1
1346771251,1,1,1,0,0,0,1,0,1,0,0,1,0,1,1,0,1,1,1,1,1
1346771252,1,1,1,0,0,0,1,0,1,0,0,1,0,1,0,1,1,1,1,1,1
1346771253,1,1,1,0,0,0,1,0,1,0,0,1,0,1,0,1,1,1,0,1,1
1346771254,1,1,1,0,0,0,1,0,1,0,0,1,0,1,0,0,1,1,1,1,1
1346771255,1,1,1,0,0,0,1,0,1,0,0,1,0,1,0,0,1,1,1,1,1
1346771256,1,1,1,0,0,0,1,0,1,0,0,1,0,1,0,0,1,1,0,0,1
1346771257,1,1,1,0,0,0,1,0,1,0,0,1,0,1,1,0,1,1,1,1,1
1346771258,1,1,1,0,0,0,1,0,1,0,0,1,0,1,0,0,1,1,1,1,1
1346771259,1,1,1,0,0,0,1,0,1,0,1,0,0,1,0,1,1,1,1,1,1
1346771260,1,1,1,0,0,0,1,0,1,0,1,0,0,1,0,0,1,1,1,1,1
1346771261,1,1,1,0,0,0,1,0,1,0,1,0,0,1,0,0,1,1,1,1,1
1346771262,1,1,1,0,0,0,1,0,1,0,1,0,0,1,0,0,1,1,1,1,1
1346771263,1,1,1,0,0,0,1,0,1,0,1,0,0,1,0,0,1,1,0,0,1
1346771264,1,1,1,0,0,0,1,0,1,0,1,0,0,1,0,0,1,1,0,0,1
1346771265,1,1,1,0,0,0,1,0,1,0,1,0,0,1,0,0,1,1,1,0,1
1346771266,1,1,1,0,0,0,1,0,0,1,1,0,0,1,0,0,1,1,1,1,1
1346771267,1,1,1,0,0,0,1,0,0,1,1,0,0,1,0,0,1,1,1,1,1
1346771268,1,1,1,0,0,0,1,0,0,1,1,0,0,1,0,0,1,1,1,1,1
1346771269,1,1,1,0,0,0,1,0,0,1,1,0,0,1,0,0,1,1,1,0,1
1346771270,1,1,1,0,0,0,1,0,0,1,1,0,0,1,0,0,1,0,0,0,1
1346771271,1,1,1,0,0,0,1,0,0,1,1,0,0,1,0,0,1,0,0,0,1
1346771272,1,1,1,0,0,0,1,0,0,1,1,0,0,1,0,1,1,0,1,1,1
1346771273,1,1,1,0,0,0,1,0,0,1,1,0,0,1,0,0,1,1,1,1,1
1346771274,1,1,1,0,0,0,1,0,0,1,1,0,0,1,0,0,1,1,1,1,1
1346771275,1,1,1,0,0,0,1,0,0,1,1,0,1,0,0,0,1,0,1,0,1
1346771276,1,1,1,0,0,0,1,0,0,1,1,0,1,0,0,0,1,0,1,0,1
1346771277,1,1,1,0,0,0,1,0,0,1,1,0,1,0,0,0,1,0,0,0,1
1346771278,1,1,1,0,0,0,1,0,0,1,1,0,1,0,0,0,1,1,0,0,1
1346771279,1,1,1,0,0,0,1,0,0,1,1,0,1,0,0,0,1,1,1,0,1
1346771280,1,1,1,0,0,0,1,0,0,1,1,0,1,0,0,0,1,1,1,0,1
1346771281,1,1,1,0,0,0,1,0,0,1,1,0,1,0,0,0,1,1,1,0,1
1346771282,1,1,1,0,0,0,1,0,0,1,1,0,1,0,0,0,1,1,1,0,1
1346771283,1,1,1,0,0,0,1,0,0,1,1,0,1,0,0,0,1,1,0,0,1
1346771284,1,1,1,0,0,0,0,1,0,1,1,0,1,0,1,0,1,1,0,0,1
1346771285,1,1,1,0,0,0,0,1,0,1,0,1,1,0,1,0,1,1,1,0,1
1346771286,1,1,1,0,0,0,0,1,0,1,0,1,1,0,1,0,1,1,0,0,1
1346771287,1,1,1,0,0,0,0,1,0,1,0,1,1,0,0,0,1,1,1,0,1
1346771288,1,1,1,0,0,0,0,1,0,1,0,1,1,0,0,0,1,1,1,0,1
1346771289,1,1,1,0,0,0,0,1,0,1,0,1,1,0,0,0,1,1,1,0,1
1346771290,1,1,1,0,0,0,0,1,0,1,0,1,1,0,0,0,1,1,1,0,1
1346771291,1,1,1,0,0,0,0,1,0,1,0,1,1,0,1,0,1,1,1,0,1
1346771292,1,1,1,0,0,0,0,1,0,1,0,1,1,0,1,0,1,1,1,0,1
1346771293,1,1,1,0,0,0,0,1,0,1,0,1,1,0,0,0,1,1,1,1,1
1346771294,1,1,1,0,0,0,0,1,0,1,0,1,1,0,0,0,1,1,1,1,1
1346771295,1,1,1,0,0,0,0,1,0,1,0,1,1,0,0,0,1,1,0,1,1
1346771296,1,1,1,0,0,0,0,1,0,1,0,1,1,0,1,0,1,1,1,0,1
1346771297,1,1,1,0,0,0,0,1,1,0,0,1,1,0,1,0,1,1,1,0,1
1346771298,1,1,1,0,0,0,0,1,1,0,0,1,0,1,1,0,1,1,1,1,1
1346771299,1,1,1,0,0,0,0,1,1,0,0,1,0,1,1,0,1,1,1,1,1
1346771300,1,1,1,0,0,0,0,1,1,0,0,1,0,1,0,0,1,1,1,1,1
1346771301,1,1,1,0,0,0,0,1,1,0,0,1,0,1,0,0,1,1,1,1,1
1346771302,1,1,1,0,0,0,0,1,1,0,0,1,0,1,0,0,1,0,1,1,1
1346771303,1,1,1,0,0,0,0,1,1,0,0,1,0,1,0,0,1,1,1,0,1
1346771304,1,1,1,0,0,0,0,1,1,0,0,1,0,1,1,0,1,1,1,1,1
1346771305,1,1,1,0,0,0,0,1,1,0,0,1,0,1,0,1,1,1,1,1,1
1346771306,1,1,1,0,0,0,0,1,1,0,0,1,0,1,0,0,1,1,1,1,1
1346771307,1,1,1,0,0,0,0,1,1,0,0,1,0,1,0,0,1,1,1,1,1
1346771308,1,1,1,0,0,0,0,1,1,0,0,1,0,1,0,0,1,1,1,1,1
1346771309,1,1,1,0,0,0,0,1,1,0,0,1,0,1,0,0,1,1,1,0,1
1346771310,1,1,1,0,0,0,1,0,1,0,0,1,0,1,0,0,1,1,1,1,1
1346771311,1,1,1,0,0,0,1,0,1,0,0,1,0,1,1,0,1,1,1,1,1
1346771312,1,1,1,0,0,0,1,0,1,0,0,1,0,1,0,1,1,1,1,1,1
1346771313,1,1,1,0,0,0,1,0,1,0,0,1,0,1,0,1,1,1,0,1,1
1346771314,1,1,1,0,0,0,1,0,1,0,0,1,0,1,1,0,1,1,1,1,1
1346771315,1,1,1,0,0,0,1,0,1,0,0,1,0,1,0,0,1,1,1,1,1
1346771316,1,1,1,0,0,0,1,0,1,0,0,1,0,1,0,1,1,1,1,1,1
1346771317,1,1,1,0,0,0,1,0,1,0,0,1,0,1,0,1,1,1,0,0,1
1346771318,1,1,1,0,0,0,1,0,1,0,0,1,0,1,1,0,1,1,1,1,1
1346771319,1,1,1,0,0,0,1,0,1,0,0,1,0,1,1,0,1,1,0,0,1
1346771320,1,1,1,0,0,0,1,0,1,0,1,0,0,1,0,0,1,1,1,1,1
1346771321,1,1,1,0,0,0,1,0,1,0,1,0,0,1,0,0,1,1,1,1,1
1346771322,1,1,1,0,0,0,1,0,1,0,1,0,0,1,0,0,1,1,1,0,1
1346771323,1,1,1,0,0,0,1,0,1,0,1,0,0,1,0,0,1,1,0,1,1
1346771324,1,1,1,0,0,0,1,0,1,0,1,0,0,1,0,0,1,1,1,1,1
1346771325,1,1,1,0,0,0,1,0,1,0,1,0,0,1,1,0,1,1,0,1,1
1346771326,1,1,1,0,0,0,1,0,0,1,1,0,0,1,0,0,1,1,1,1,1
1346771327,1,1,1,0,0,0,1,0,0,1,1,0,0,1,0,0,1,0,1,1,1
1346771328,1,1,1,0,0,0,1,0,0,1,1,0,0,1,0,0,1,0,1,1,1
1346771329,1,1,1,0,0,0,1,0,0,1,1,0,0,1,1,1,1,1,1,1,1
1346771330,1,1,1,0,0,0,1,0,0,1,1,0,0,1,1,0,1,1,1,0,1
1346771331,1,1,1,0,0,0,1,0,0,1,1,0,0,1,1,1,1,0,1,0,1
1346771332,1,1,1,0,0,0,1,0,0,1,1,0,0,1,1,1,1,0,1,0,1
1346771333,1,1,1,0,0,0,1,0,0,1,1,0,0,1,0,0,1,0,1,0,1
1346771334,1,1,1,0,0,0,1,0,0,1,1,0,0,1,0,0,1,1,1,1,1
1346771335,1,1,1,0,0,0,1,0,0,1,1,0,0,1,0,0,1,1,1,1,1
1346771336,1,1,1,0,0,0,1,0,0,1,1,0,0,1,0,1,1,1,1,1,1
1346771337,1,1,1,0,0,0,1,0,0,1,1,0,0,1,0,1,1,1,0,1,1
1346771338,1,1,1,0,0,0,1,0,0,1,1,0,0,1,1,0,1,1,1,1,1
1346771339,1,1,1,0,0,0,1,0,0,1,1,0,1,0,1,1,1,1,1,1,1
1346771340,1,1,1,0,0,0,0,1,0,1,0,1,1,0,1,1,1,1,1,0,1
1346771341,1,1,1,0,0,0,0,1,0,1,0,1,1,0,1,1,1,1,1,0,1
1346771342,1,1,1,0,0,0,0,1,0,1,0,1,1,0,0,1,0,0,1,0,1
1346771343,1,1,1,0,0,0,0,1,0,1,0,1,1,0,0,0,1,1,1,0,1
1346771344,1,1,1,0,0,0,0,1,0,1,0,1,1,0,1,1,1,0,1,0,1
1346771345,1,1,0,1,0,0,0,1,0,1,0,1,1,0,1,0,1,1,1,0,1
1346771346,1,1,1,0,0,0,0,1,0,1,0,1,1,0,0,0,1,1,1,0,1
1346771347,1,1,1,0,0,0,0,1,0,1,0,1,1,0,0,1,1,1,1,0,1
1346771348,1,1,1,0,0,0,0,1,0,1,0,1,1,0,0,1,1,1,1,1,1
1346771349,1,1,1,0,0,0,0,1,0,1,0,1,1,0,0,0,1,1,1,1,1
1346771350,1,1,1,0,0,0,0,1,0,1,0,1,1,0,0,0,1,1,1,1,1
1346771351,1,1,1,0,0,0,0,1,0,1,0,1,1,0,0,0,1,1,0,0,1
1346771352,1,1,1,0,0,0,0,1,0,1,0,1,1,0,1,0,1,1,1,0,1
1346771353,1,1,1,0,0,0,0,1,0,1,0,1,1,0,1,0,1,1,1,1,1
1346771354,1,1,1,0,0,0,0,1,1,0,0,1,0,1,0,1,1,1,1,1,1
1346771355,1,1,1,0,0,0,0,1,1,0,0,1,0,1,0,0,1,1,1,1,1
1346771356,1,1,1,0,0,0,0,1,1,0,0,1,0,1,0,0,1,1,0,0,1
1346771357,1,1,1,0,0,0,0,1,1,0,0,1,0,1,0,0,1,1,1,0,1
1346771358,1,1,1,0,0,0,0,1,1,0,0,1,0,1,0,0,1,0,1,1,1
1346771359,1,1,1,0,0,0,0,1,1,0,0,1,0,1,0,0,1,0,1,1,1
1346771360,1,1,1,0,0,0,0,1,1,0,0,1,0,1,0,0,1,0,1,1,1
1346771361,1,1,1,0,0,0,0,1,1,0,0,1,0,1,0,0,1,0,1,1,1
1346771362,1,1,1,0,0,0,0,1,1,0,0,1,0,1,0,0,1,1,0,0,1
1346771363,1,1,1,0,0,0,0,1,1,0,0,1,0,1,0,1,1,1,1,0,1
1346771364,1,1,1,0,0,0,0,1,1,0,0,1,0,1,0,1,1,1,1,0,1
1346771365,1,1,1,0,0,0,0,1,1,0,0,1,0,1,0,0,1,1,1,1,1
1346771366,1,1,1,0,0,0,0,1,1,0,0,1,0,1,1,0,1,1,1,1,1
1346771367,1,1,1,0,0,0,0,1,1,0,0,1,0,1,1,0,1,1,1,0,1
1346771368,1,1,1,0,0,0,0,1,1,0,0,1,0,1,0,0,1,1,0,0,1
1346771369,1,1,1,0,0,0,1,0,1,0,0,1,0,1,1,1,1,1,1,0,1
1346771370,1,1,1,0,0,0,1,0,1,0,0,1,0,1,0,0,1,1,1,0,1
1346771371,1,1,1,0,0,0,1,0,1,0,0,1,0,1,0,0,1,1,1,1,1
1346771372,1,1,1,0,0,0,1,0,1,0,0,1,0,1,0,0,1,1,1,1,1
1346771373,1,1,1,0,0,0,1,0,1,0,0,1,0,1,0,1,1,1,1,1,1
1346771374,1,1,1,0,0,0,1,0,1,0,0,1,0,1,0,0,1,1,1,1,1
1346771375,1,1,1,0,0,0,1,0,1,0,0,1,0,1,0,0,1,1,1,1,1
1346771376,1,1,1,0,0,0,1,0,1,0,0,1,0,1,0,0,1,1,1,1,1
1346771377,1,1,1,0,0,0,1,0,1,0,0,1,0,1,0,0,1,1,1,1,1
1346771378,1,1,1,0,0,0,1,0,1,0,0,1,0,1,0,0,1,1,0,0,1
1346771379,1,1,1,0,0,0,1,0,1,0,1,0,0,1,1,0,1,1,1,1,1
1346771380,1,1,1,0,0,0,1,0,1,0,1,0,0,1,1,0,1,1,1,0,1
1346771381,1,1,1,0,0,0,1,0,1,0,1,0,0,1,1,0,1,1,1,1,1
1346771382,1,1,1,0,0,0,1,0,1,0,1,0,0,1,0,1,1,1,1,1,1
1346771383,1,1,1,0,0,0,1,0,0,1,1,0,0,1,1,0,1,1,1,0,1
1346771384,1,1,1,0,0,0,1,0,0,1,1,0,0,1,0,1,1,1,1,1,1
1346771385,1,1,1,0,0,0,1,0,0,1,1,0,0,1,0,0,1,1,1,0,1
1346771386,1,1,1,0,0,0,1,0,0,1,1,0,0,1,0,0,1,1,1,1,1
1346771387,1,1,1,0,0,0,1,0,0,1,1,0,0,1,0,1,1,0,1,1,1
1346771388,1,1,1,0,0,0,1,0,0,1,1,0,0,1,0,1,1,1,1,1,1
1346771389,1,1,1,0,0,0,1,0,0,1,1,0,0,1,1,0,1,1,0,1,1
1346771390,1,1,1,0,0,0,1,0,0,1,1,0,0,1,1,0,1,0,1,1,1
1346771391,1,1,1,0,0,0,1,0,0,1,1,0,0,1,0,0,1,1,1,1,1
1346771392,1,1,1,0,0,0,1,0,0,1,1,0,0,1,0,1,1,1,1,1,1
1346771393,1,1,1,0,0,0,1,0,0,1,1,0,1,0,0,1,0,1,1,0,1
1346771394,1,1,1,0,0,0,1,0,0,1,1,0,1,0,0,0,1,1,0,0,1
1346771395,1,1,1,0,0,0,1,0,0,1,1,0,1,0,0,1,1,1,1,0,1
1346771396,1,1,1,0,0,0,1,0,0,1,1,0,1,0,0,1,1,1,1,0,1
1346771397,1,1,1,0,0,0,1,0,0,1,1,0,1,0,0,0,1,1,0,0,1
1346771398,1,1,1,0,0,0,1,0,0,1,1,0,1,0,1,0,1,1,1,1,1
1346771399,1,1,1,0,0,0,1,0,0,1,0,1,1,0,1,0,1,1,1,0,1
1346771400,1,1,1,0,0,0,1,0,0,1,0,1,1,0,1,0,1,1,1,0,1
1346771401,1,1,0,1,0,0,1,0,0,1,0,1,1,0,1,1,1,1,1,0,1
1346771402,1,1,0,1,0,0,1,0,0,1,0,1,1,0,0,0,1,1,0,0,1
1346771403,1,1,1,0,0,0,1,0,0,1,0,1,1,0,1,1,1,1,1,0,1
1346771404,1,1,1,0,0,0,1,0,0,1,0,1,1,0,0,1,0,1,1,1,1
1346771405,1,1,1,0,0,0,1,0,0,1,0,1,1,0,0,0,1,1,1,1,1
1346771406,1,1,1,0,0,0,1,0,1,0,1,0,1,0,0,1,0,1,0,1,1
1346771407,1,1,1,0,0,0,1,0,1,0,1,0,1,0,0,0,0,1,1,1,1
1346771408,1,1,1,0,0,0,1,0,1,0,1,0,1,0,0,1,0,1,0,1,1
1346771409,1,1,1,0,0,0,1,0,1,0,1,0,1,0,0,0,0,1,1,1,1
1346771410,1,1,1,0,0,0,1,0,0,1,1,0,1,0,0,0,0,1,1,1,1
1346771411,1,1,1,0,0,0,1,0,1,0,1,0,1,0,0,0,0,1,1,1,1
1346771412,1,1,1,0,0,0,1,0,1,0,1,0,1,0,0,0,0,0,1,1,1
1346771413,1,1,1,0,0,0,1,0,1,0,1,0,1,0,0,0,0,1,1,1,1
1346771414,1,1,1,0,0,0,1,0,1,0,1,0,1,0,0,0,0,1,1,0,1
1346771415,1,1,1,0,0,0,1,0,1,0,1,0,1,0,0,0,0,0,1,0,1
1346771416,1,1,1,0,0,0,1,0,1,0,1,0,1,0,0,0,0,1,1,1,1
1346771417,1,1,1,0,0,0,1,0,1,0,1,0,1,0,0,0,0,0,0,0,1
1346771418,1,1,1,0,0,0,1,0,0,1,1,0,1,0,0,0,0,1,1,0,1
1346771419,1,1,1,0,0,0,1,0,0,1,1,0,1,0,0,0,0,0,0,0,1
1346771420,1,1,1,0,0,0,1,0,0,1,1,0,1,0,0,0,0,0,1,0,1
1346771421,1,1,1,0,0,0,1,0,1,0,1,0,1,0,0,0,0,1,0,0,1
1346771422,1,1,1,0,0,0,1,0,1,0,1,0,1,0,0,0,0,1,1,0,1
1346771423,1,1,1,0,0,0,1,0,0,1,1,0,1,0,0,0,0,0,0,0,1
1346771424,1,1,1,0,0,0,1,0,0,1,1,0,1,0,0,0,0,0,1,0,1
1346771425,1,1,1,0,0,0,1,0,0,1,1,0,1,0,0,0,0,0,1,0,1
1346771426,1,1,1,0,0,0,1,0,0,1,1,0,1,0,0,0,0,0,1,0,1
1346771427,1,1,1,0,0,0,1,0,0,1,1,0,1,0,0,0,0,0,1,0,1
1346771428,1,1,1,0,0,0,1,0,0,1,1,0,1,0,0,0,0,0,1,0,1
1346771429,1,1,1,0,0,0,1,0,0,1,1,0,1,0,0,0,0,0,1,0,1
1346771430,1,1,1,0,0,0,1,0,0,1,1,0,1,0,0,0,0,1,0,0,1
1346771431,1,1,1,0,0,0,1,0,0,1,1,0,1,0,0,0,0,0,1,0,1
1346771432,1,1,1,0,0,0,1,0,0,1,1,0,1,0,0,0,0,0,1,0,1
1346771433,1,1,1,0,0,0,1,0,1,0,1,0,1,0,0,1,0,0,1,0,1
1346771434,1,1,1,0,0,0,1,0,0,1,1,0,1,0,0,0,0,0,0,0,1
1346771435,1,1,1,0,0,0,1,0,0,1,1,0,1,0,0,0,0,0,0,0,1
1346771436,1,1,1,0,0,0,1,0,0,1,1,0,1,0,0,0,0,0,1,0,1
1346771437,1,1,1,0,0,0,1,0,0,1,1,0,1,0,0,0,0,0,0,0,1
1346771438,1,1,1,0,0,0,1,0,0,1,1,0,1,0,0,0,0,0,1,0,1
1346771439,1,1,1,0,0,0,1,0,0,1,1,0,1,0,0,0,0,0,1,0,1
1346771440,1,1,1,0,0,0,1,0,0,1,1,0,1,0,0,0,0,0,1,0,1
1346771441,1,1,1,0,0,0,1,0,0,1,1,0,1,0,0,0,0,1,1,0,1
1346771442,1,1,1,0,0,0,1,0,0,1,1,0,1,0,0,0,0,0,1,0,1
1346771443,1,1,1,0,0,0,1,0,0,1,1,0,1,0,0,0,0,0,1,0,1
1346771444,1,1,1,0,0,0,1,0,0,1,1,0,1,0,0,0,0,0,1,0,1
1346771445,1,1,1,0,0,0,1,0,0,1,1,0,1,0,0,0,0,1,0,0,1
1346771446,1,1,1,0,0,0,1,0,0,1,1,0,1,0,0,0,0,0,1,0,1
1346771447,1,1,1,0,0,0,1,0,0,1,1,0,1,0,0,0,0,0,1,0,1
1346771448,1,1,1,0,0,0,1,0,0,1,1,0,1,0,0,0,0,0,0,0,1
1346771449,1,1,1,0,0,0,1,0,0,1,1,0,1,0,0,0,0,0,1,0,1
1346771450,1,1,1,0,0,0,1,0,0,1,1,0,1,0,0,0,0,1,0,0,1
1346771451,1,1,1,0,0,0,1,0,0,1,1,0,1,0,0,0,0,0,1,0,1
1346771452,1,1,1,0,0,0,1,0,0,1,1,0,1,0,0,0,0,0,1,0,1
1346771453,1,1,1,0,0,0,1,0,0,1,1,0,1,0,0,0,0,0,0,0,1
1346771454,1,1,1,0,0,0,1,0,0,1,1,0,1,0,0,0,0,0,0,0,1
1346771455,1,1,1,0,0,0,1,0,0,1,1,0,1,0,0,0,0,0,1,0,1
1346771456,1,1,1,0,0,0,1,0,0,1,1,0,1,0,0,0,0,0,1,0,1
1346771457,1,1,1,0,0,0,1,0,0,1,1,0,1,0,0,0,0,0,1,0,1
1346771458,1,1,1,0,0,0,1,0,0,1,1,0,1,0,0,0,0,1,0,0,1
1346771459,1,1,1,0,0,0,1,0,0,1,1,0,1,0,0,0,0,1,1,0,1
1346771460,1,1,1,0,0,0,1,0,0,1,1,0,1,0,0,0,0,0,1,0,1
1346771461,1,1,1,0,0,0,1,0,0,1,1,0,1,0,0,0,0,0,0,0,1
1346771462,1,1,1,0,0,0,1,0,0,1,1,0,1,0,0,0,0,0,1,0,1
1346771463,1,1,1,0,0,0,1,0,0,1,1,0,1,0,0,0,0,1,1,0,1
1346771464,1,1,1,0,0,0,1,0,0,1,1,0,1,0,0,0,0,0,0,0,1
1346771465,1,1,1,0,0,0,1,0,0,1,1,0,1,0,0,0,0,1,1,0,1
1346771466,1,1,1,0,0,0,1,0,0,1,1,0,1,0,0,0,0,1,1,1,1
1346771467,1,1,1,0,0,0,1,0,0,1,1,0,1,0,0,0,0,1,1,1,1
1346771468,1,1,1,0,0,0,1,0,0,1,1,0,1,0,0,0,0,1,0,0,1
1346771469,1,1,1,0,0,0,1,0,0,1,1,0,1,0,0,0,0,0,0,0,1
1346771470,1,1,1,0,0,0,1,0,0,1,1,0,1,0,0,0,0,1,0,0,1
1346771471,1,1,1,0,0,0,1,0,0,1,1,0,1,0,0,0,0,1,0,1,1
1346771472,1,1,1,0,0,0,1,0,0,1,1,0,1,0,0,0,0,1,1,0,1
1346771473,1,1,1,0,0,0,1,0,0,1,1,0,1,0,0,0,0,0,0,0,1
1346771474,1,1,1,0,0,0,1,0,0,1,1,0,1,0,0,1,0,0,1,0,1
1346771475,1,1,1,0,0,0,1,0,0,1,1,0,1,0,1,0,1,0,1,0,1
1346771476,1,1,1,0,0,0,1,0,0,1,1,0,1,0,0,1,1,0,0,0,1
1346771477,1,1,1,0,0,0,1,0,0,1,1,0,1,0,0,1,0,1,1,0,1
1346771478,1,1,1,0,0,0,1,0,0,1,1,0,1,0,0,1,0,1,1,0,1
1346771479,1,1,1,0,0,0,1,0,0,1,1,0,1,0,0,0,0,0,0,0,1
1346771480,1,1,1,0,0,0,1,0,0,1,1,0,1,0,0,0,0,0,0,0,1
1346771481,1,1,1,0,0,0,1,0,0,1,1,0,1,0,0,0,0,1,0,0,1
1346771482,1,1,1,0,0,0,1,0,0,1,1,0,0,1,0,0,0,0,1,0,1
1346771483,1,1,1,0,0,0,1,0,0,1,1,0,0,1,0,0,0,1,1,0,1
1346771484,1,1,1,0,0,0,1,0,0,1,1,0,1,0,0,0,0,1,1,1,1
1346771485,1,1,1,0,0,0,1,0,0,1,1,0,1,0,0,0,0,1,1,0,1
1346771486,1,1,1,0,0,0,1,0,0,1,1,0,1,0,0,0,0,0,1,1,1
1346771487,1,1,1,0,0,0,1,0,0,1,1,0,1,0,0,0,0,0,1,1,1
1346771488,1,1,1,0,0,0,1,0,0,1,1,0,1,0,0,1,0,0,1,0,1
1346771489,1,1,1,0,0,0,1,0,0,1,1,0,1,0,0,1,1,0,1,0,1
1346771490,1,1,1,0,0,0,1,0,0,1,1,0,1,0,1,1,1,1,1,0,1
1346771491,1,1,1,0,0,0,1,0,0,1,1,0,1,0,1,0,1,1,1,0,1
1346771492,1,1,1,0,0,0,1,0,0,1,1,0,1,0,1,0,1,0,1,0,1
1346771493,1,1,1,0,0,0,1,0,0,1,1,0,1,0,0,1,1,0,1,0,1
1346771494,1,1,1,0,0,0,1,0,0,1,1,0,1,0,1,0,1,1,0,0,1
1346771495,1,1,1,0,0,0,1,0,0,1,1,0,1,0,1,0,1,1,0,0,1
1346771496,1,1,1,0,0,0,1,0,0,1,1,0,1,0,0,0,1,0,0,0,1
1346771497,1,1,1,0,0,0,1,0,0,1,1,0,1,0,1,0,1,1,1,1,1
1346771498,1,1,1,0,0,0,0,1,0,1,1,0,1,0,1,0,1,1,1,1,1
1346771499,1,1,1,0,0,0,0,1,0,1,1,0,0,1,1,0,1,1,1,0,1
1346771500,1,1,1,0,0,0,0,1,0,1,1,0,0,1,0,1,1,1,1,1,1
1346771501,1,1,1,0,0,0,0,1,0,1,0,1,1,0,0,1,1,1,1,0,1
1346771502,1,1,1,0,0,0,0,1,0,1,0,1,1,0,0,1,0,1,1,0,1
1346771503,1,1,1,0,0,0,0,1,0,1,0,1,1,0,0,1,0,1,0,0,1
1346771504,1,1,1,0,0,0,0,1,0,1,0,1,1,0,0,0,0,1,0,0,1
1346771505,1,1,1,0,0,0,0,1,0,1,0,1,1,0,0,0,0,1,0,1,1
1346771506,1,1,1,0,0,0,0,1,0,1,0,1,1,0,0,0,0,1,0,1,1
1346771507,1,1,1,0,0,0,0,1,0,1,0,1,1,0,0,0,0,1,0,1,1
1346771508,1,1,1,0,0,0,0,1,0,1,0,1,1,0,0,0,0,1,1,1,1
1346771509,1,1,1,0,0,0,0,1,0,1,0,1,1,0,0,0,0,1,1,1,1
1346771510,1,1,1,0,0,0,0,1,0,1,0,1,1,0,0,1,0,0,1,1,1
1346771511,1,1,1,0,0,0,0,1,0,1,0,1,1,0,0,0,0,0,1,1,1
1346771512,1,1,1,0,0,0,0,1,0,1,0,1,1,0,1,0,0,0,1,0,1
1346771513,1,1,1,0,0,0,0,1,0,1,0,1,1,0,0,1,0,0,0,0,1
1346771514,1,1,1,0,0,0,0,1,0,1,0,1,1,0,0,0,0,0,1,0,1
1346771515,1,1,1,0,0,0,0,1,0,1,0,1,1,0,0,0,0,0,1,0,1
1346771516,1,1,1,0,0,0,0,1,0,1,0,1,1,0,0,1,0,0,1,0,1
1346771517,1,1,1,0,0,0,0,1,0,1,0,1,1,0,0,0,0,0,1,0,1
1346771518,1,1,1,0,0,0,0,1,0,1,0,1,1,0,0,1,0,0,1,0,1
1346771519,1,1,1,0,0,0,0,1,0,1,0,1,1,0,0,1,1,1,1,0,1
1346771520,1,1,1,0,0,0,0,1,0,1,0,1,1,0,1,1,1,1,0,1,1
1346771521,1,1,1,0,0,0,0,1,0,1,0,1,1,0,0,0,1,1,1,1,1
1346771522,1,1,1,0,0,0,0,1,0,1,0,1,1,0,0,1,1,0,1,0,1
1346771523,1,1,1,0,0,0,0,1,0,1,0,1,1,0,0,1,1,1,0,0,1
1346771524,1,1,1,0,0,0,0,1,0,1,0,1,1,0,0,0,0,1,1,1,1
1346771525,1,1,1,0,0,0,0,1,0,1,0,1,1,0,0,0,0,0,1,1,1
1346771526,1,1,1,0,0,0,0,1,0,1,0,1,1,0,0,0,1,0,1,0,1
1346771527,1,1,1,0,0,0,0,1,0,1,0,1,1,0,0,0,0,1,1,1,1
1346771528,1,1,1,0,0,0,0,1,0,1,0,1,1,0,0,0,0,1,1,0,1
1346771529,1,1,1,0,0,0,0,1,0,1,0,1,0,1,0,0,0,1,1,1,1
1346771530,1,1,1,0,0,0,0,1,0,1,0,1,1,0,0,0,0,1,1,0,1
1346771531,1,1,1,0,0,0,0,1,0,1,0,1,1,0,0,0,0,1,1,0,1
1346771532,1,1,1,0,0,0,0,1,0,1,0,1,1,0,0,0,0,0,1,0,1
1346771533,1,1,1,0,0,0,0,1,0,1,0,1,1,0,0,0,0,1,0,0,1
1346771534,1,1,1,0,0,0,0,1,0,1,0,1,1,0,0,0,0,1,0,1,1
1346771535,1,1,1,0,0,0,0,1,0,1,0,1,1,0,0,0,0,1,1,0,1
1346771536,1,1,1,0,0,0,0,1,0,1,0,1,1,0,0,0,0,0,1,0,1
1346771537,1,1,1,0,0,0,0,1,0,1,0,1,1,0,0,0,0,0,0,0,1
1346771538,1,1,1,0,0,0,0,1,0,1,0,1,1,0,0,0,0,1,0,0,1
1346771539,1,1,1,0,0,0,0,1,0,1,0,1,1,0,0,0,0,1,0,0,1
1346771540,1,1,1,0,0,0,0,1,0,1,0,1,1,0,0,0,0,0,1,0,1
1346771541,1,1,1,0,0,0,0,1,0,1,0,1,1,0,0,0,0,0,0,0,1
1346771542,1,1,1,0,0,0,0,1,0,1,0,1,1,0,0,0,0,0,1,0,1
1346771543,1,1,1,0,0,0,0,1,0,1,0,1,1,0,0,1,0,1,1,0,1
1346771544,1,1,1,0,0,0,0,1,0,1,0,1,1,0,0,0,0,0,1,0,1
1346771545,1,1,1,0,0,0,0,1,0,1,0,1,1,0,0,0,0,1,1,0,1
1346771546,1,1,1,0,0,0,0,1,0,1,0,1,1,0,0,0,0,1,0,0,1
1346771547,1,1,1,0,0,0,0,1,0,1,0,1,1,0,0,0,0,0,0,0,1
1346771548,1,1,1,0,0,0,0,1,0,1,0,1,1,0,0,0,0,0,1,0,1
1346771549,1,1,1,0,0,0,0,1,0,1,0,1,1,0,0,0,0,1,1,1,1
1346771550,1,1,1,0,0,0,0,1,0,1,0,1,0,1,0,0,0,1,1,0,1
1346771551,1,1,1,0,0,0,0,1,0,1,0,1,0,1,0,1,0,0,0,0,1
1346771552,1,1,1,0,0,0,0,1,0,1,0,1,1,0,0,0,0,0,1,0,1
1346771553,1,1,1,0,0,0,0,1,0,1,0,1,1,0,0,0,0,0,0,0,1
1346771554,1,1,1,0,0,0,0,1,0,1,0,1,1,0,0,0,0,0,0,0,1
1346771555,1,1,1,0,0,0,0,1,0,1,0,1,1,0,0,0,0,0,0,0,1
1346771556,1,1,1,0,0,0,0,1,0,1,0,1,1,0,0,0,0,0,1,0,1
1346771557,1,1,1,0,0,0,0,1,0,1,0,1,1,0,0,0,0,1,1,0,1
1346771558,1,1,1,0,0,0,0,1,0,1,0,1,1,0,0,0,0,0,1,0,1
1346771559,1,1,1,0,0,0,0,1,0,1,0,1,1,0,0,0,0,0,0,0,1
1346771560,1,1,1,0,0,0,0,1,0,1,0,1,1,0,0,0,0,1,1,0,1
1346771561,1,1,1,0,0,0,0,1,0,1,0,1,1,0,0,0,0,1,1,0,1
1346771562,1,1,1,0,0,0,0,1,0,1,0,1,1,0,0,0,0,0,1,0,1
1346771563,1,1,1,0,0,0,0,1,0,1,0,1,1,0,0,0,0,0,1,0,1
1346771564,1,1,1,0,0,0,0,1,0,1,0,1,1,0,0,0,0,0,1,0,1
1346771565,1,1,1,0,0,0,0,1,0,1,0,1,1,0,0,0,0,1,1,0,1
1346771566,1,1,1,0,0,0,0,1,0,1,0,1,1,0,0,0,0,0,1,0,1
1346771567,1,1,1,0,0,0,0,1,0,1,0,1,1,0,0,0,0,0,0,0,1
1346771568,1,1,1,0,0,0,0,1,0,1,0,1,1,0,0,0,0,1,1,0,1
1346771569,1,1,1,0,0,0,0,1,0,1,0,1,1,0,0,0,0,1,1,0,1
1346771570,1,1,1,0,0,0,0,1,0,1,0,1,1,0,0,0,0,0,0,0,1
1346771571,1,1,1,0,0,0,0,1,0,1,0,1,1,0,0,0,0,1,0,1,1
1346771572,1,1,1,0,0,0,0,1,0,1,0,1,1,0,0,0,0,1,1,1,1
1346771573,1,1,1,0,0,0,0,1,0,1,0,1,1,0,0,0,0,0,1,0,1
1346771574,1,1,1,0,0,0,0,1,0,1,0,1,1,0,0,0,0,0,0,0,1
1346771575,1,1,1,0,0,0,0,1,0,1,0,1,1,0,0,0,0,0,1,0,1
1346771576,1,1,1,0,0,0,0,1,0,1,0,1,1,0,0,0,0,0,1,0,1
1346771577,1,1,1,0,0,0,0,1,0,1,0,1,0,1,0,0,0,0,1,0,1
1346771578,1,1,1,0,0,0,0,1,0,1,0,1,1,0,0,0,0,0,1,0,1
1346771579,1,1,1,0,0,0,0,1,0,1,0,1,1,0,0,0,0,1,1,0,1
1346771580,1,1,1,0,0,0,0,1,0,1,0,1,1,0,0,0,0,1,1,0,1
1346771581,1,1,1,0,0,0,0,1,0,1,0,1,1,0,0,0,0,0,0,0,1
1346771582,1,1,1,0,0,0,0,1,0,1,0,1,1,0,0,0,0,1,1,0,1
1346771583,1,1,1,0,0,0,0,1,0,1,0,1,1,0,0,0,0,0,1,0,1
1346771584,1,1,1,0,0,0,0,1,0,1,0,1,1,0,0,0,0,0,1,0,1
1346771585,1,1,1,0,0,0,0,1,0,1,0,1,1,0,0,0,0,1,1,1,1
1346771586,1,1,1,0,0,0,0,1,0,1,0,1,1,0,0,0,0,0,0,0,1
1346771587,1,1,1,0,0,0,0,1,0,1,0,1,1,0,0,0,0,0,1,0,1
1346771588,1,1,1,0,0,0,0,1,0,1,0,1,1,0,0,0,0,1,1,0,1
1346771589,1,1,1,0,0,0,0,1,0,1,0,1,1,0,0,0,0,1,1,0,1
1346771590,1,1,1,0,0,0,0,1,0,1,0,1,1,0,0,0,0,0,1,0,1
1346771591,1,1,1,0,0,0,0,1,0,1,0,1,1,0,0,0,0,0,1,0,1
1346771592,1,1,1,0,0,0,0,1,0,1,0,1,1,0,0,0,0,0,1,0,1
1346771593,1,1,1,0,0,0,0,1,0,1,0,1,1,0,0,0,0,0,0,0,1
1346771594,1,1,1,0,0,0,0,1,0,1,0,1,1,0,0,0,0,0,0,0,1
1346771595,1,1,1,0,0,0,0,1,0,1,0,1,1,0,0,0,0,0,1,0,1
1346771596,1,1,1,0,0,0,0,1,0,1,0,1,1,0,0,0,0,1,1,0,1
1346771597,1,1,1,0,0,0,0,1,0,1,0,1,1,0,0,0,0,1,1,0,1
1346771598,1,1,1,0,0,0,0,1,0,1,0,1,1,0,0,0,0,1,1,0,1
1346771599,1,1,1,0,0,0,0,1,0,1,0,1,1,0,0,0,0,0,1,0,1
1346771600,1,1,1,0,0,0,0,1,0,1,0,1,1,0,0,0,0,0,1,0,1
1346771601,1,1,1,0,0,0,0,1,0,1,0,1,1,0,0,0,0,0,0,0,1
1346771602,1,1,1,0,0,0,0,1,0,1,0,1,1,0,0,0,0,0,0,0,1
1346771603,1,1,1,0,0,0,0,1,0,1,0,1,1,0,0,0,0,0,1,0,1
1346771604,1,1,1,0,0,0,0,1,0,1,0,1,1,0,0,0,0,0,1,0,1
1346771605,1,1,1,0,0,0,0,1,0,1,0,1,1,0,0,0,0,0,0,0,1
1346771606,1,1,1,0,0,0,0,1,0,1,0,1,1,0,0,0,0,0,1,0,1
1346771607,1,1,1,0,0,0,0,1,0,1,0,1,1,0,0,0,0,0,1,0,1
1346771608,1,1,1,0,0,0,0,1,0,1,0,1,0,1,0,0,0,0,1,0,1
1346771609,1,1,1,0,0,0,0,1,0,1,0,1,0,1,0,0,0,0,0,0,1
1346771610,1,1,1,0,0,0,0,1,0,1,0,1,1,0,0,0,0,0,1,0,1
1346771611,1,1,1,0,0,0,0,1,0,1,0,1,1,0,0,0,0,0,1,0,1
1346771612,1,1,1,0,0,0,0,1,0,1,0,1,1,0,0,0,0,1,0,0,1
1346771613,1,1,1,0,0,0,0,1,0,1,0,1,1,0,0,0,0,0,1,0,1
1346771614,1,1,1,0,0,0,0,1,0,1,0,1,1,0,0,0,0,0,1,0,1
1346771615,1,1,0,1,0,0,0,1,0,1,0,1,0,1,0,0,0,1,1,1,1
1346771616,1,1,1,0,0,0,0,1,0,1,0,1,1,0,0,0,0,1,0,0,1
1346771617,1,1,1,0,0,0,0,1,0,1,0,1,1,0,0,0,0,0,1,0,1
1346771618,1,1,1,0,0,0,0,1,0,1,0,1,1,0,0,0,0,1,1,0,1
1346771619,1,1,1,0,0,0,0,1,0,1,0,1,1,0,0,0,0,1,0,0,1
1346771620,1,1,1,0,0,0,0,1,0,1,0,1,1,0,0,0,0,1,0,0,1
1346771621,1,1,1,0,0,0,0,1,0,1,0,1,1,0,0,0,0,0,1,0,1
1346771622,1,1,1,0,0,0,0,1,0,1,0,1,1,0,0,0,0,0,1,0,1
1346771623,1,1,1,0,0,0,0,1,0,1,0,1,0,1,0,0,0,0,1,0,1
1346771624,1,1,1,0,0,0,0,1,0,1,0,1,1,0,0,0,0,0,0,0,1
1346771625,1,1,1,0,0,0,0,1,0,1,0,1,1,0,0,0,0,0,1,0,1
1346771626,1,1,1,0,0,0,0,1,0,1,0,1,1,0,0,0,0,0,1,0,1
1346771627,1,1,1,0,0,0,0,1,0,1,0,1,1,0,0,0,0,0,0,0,1
1346771628,1,1,1,0,0,0,0,1,0,1,0,1,1,0,0,0,0,0,1,0,1
1346771629,1,1,1,0,0,0,0,1,0,1,0,1,1,0,0,0,0,1,1,0,1
1346771630,1,1,1,0,0,0,0,1,0,1,0,1,1,0,0,0,0,0,0,0,1
1346771631,1,1,1,0,0,0,0,1,0,1,0,1,1,0,0,0,0,0,0,0,1
1346771632,1,1,1,0,0,0,0,1,0,1,0,1,0,1,0,0,0,0,0,0,1
1346771633,1,1,1,0,0,0,0,1,0,1,0,1,1,0,0,1,0,0,1,0,1
1346771634,1,1,1,0,0,0,0,1,0,1,0,1,1,0,0,0,0,0,1,0,1
1346771635,1,1,1,0,0,0,0,1,0,1,0,1,1,0,0,0,0,0,1,0,1
1346771636,1,1,1,0,0,0,0,1,0,1,0,1,1,0,0,0,0,1,1,0,1
1346771637,1,1,1,0,0,0,0,1,0,1,0,1,1,0,0,0,0,1,1,1,1
1346771638,1,1,1,0,0,0,0,1,0,1,0,1,0,1,0,0,0,0,1,0,1
1346771639,1,1,1,0,0,0,0,1,0,1,0,1,0,1,0,0,0,1,0,0,1
1346771640,1,1,1,0,0,0,0,1,0,1,0,1,1,0,0,0,0,1,0,1,1
1346771641,1,1,1,0,0,0,0,1,0,1,0,1,1,0,0,0,0,1,1,0,1
1346771642,1,1,1,0,0,0,0,1,0,1,0,1,1,0,0,0,0,0,1,0,1
1346771643,1,1,1,0,0,0,0,1,0,1,0,1,1,0,0,0,0,1,1,0,1
1346771644,1,1,1,0,0,0,0,1,0,1,0,1,1,0,0,0,0,1,1,0,1
1346771645,1,1,1,0,0,0,0,1,0,1,0,1,0,1,0,0,0,0,1,0,1
1346771646,1,1,1,0,0,0,0,1,0,1,0,1,0,1,0,0,0,1,0,0,1
1346771647,1,1,1,0,0,0,0,1,0,1,0,1,0,1,0,0,0,1,0,0,1
1346771648,1,1,1,0,0,0,0,1,0,1,0,1,1,0,0,1,0,0,0,0,1
1346771649,1,1,1,0,0,0,0,1,0,1,0,1,1,0,0,0,0,0,1,0,1
1346771650,1,1,1,0,0,0,0,1,0,1,0,1,1,0,0,0,1,1,1,0,1
1346771651,1,1,1,0,0,0,0,1,0,1,0,1,1,0,0,1,0,0,0,0,1
1346771652,1,1,1,0,0,0,0,1,0,1,0,1,1,0,0,1,0,0,1,0,1
1346771653,1,1,1,0,0,0,0,1,0,1,0,1,0,1,0,0,0,1,1,0,1
1346771654,1,1,1,0,0,0,0,1,0,1,0,1,0,1,0,0,0,1,1,0,1
1346771655,1,1,1,0,0,0,0,1,0,1,0,1,0,1,0,1,0,0,0,0,1
1346771656,1,1,1,0,0,0,0,1,0,1,0,1,1,0,0,0,0,0,1,0,1
1346771657,1,1,1,0,0,0,0,1,0,1,0,1,1,0,0,0,0,1,1,0,1
1346771658,1,1,1,0,0,0,0,1,0,1,0,1,1,0,0,0,0,0,0,0,1
1346771659,1,1,1,0,0,0,0,1,0,1,0,1,1,0,0,0,0,0,1,0,1
1346771660,1,1,1,0,0,0,0,1,0,1,0,1,0,1,0,0,0,0,1,0,1
1346771661,1,1,1,0,0,0,0,1,0,1,0,1,0,1,0,0,0,0,1,0,1
1346771662,1,1,1,0,0,0,0,1,0,1,0,1,0,1,0,0,0,0,1,0,1
1346771663,1,1,1,0,0,0,0,1,0,1,0,1,1,0,0,0,0,0,1,0,1
1346771664,1,1,0,1,0,0,0,1,0,1,0,1,1,0,0,0,0,0,1,0,1
1346771665,1,1,1,0,0,0,0,1,0,1,0,1,1,0,0,0,0,1,0,0,1
1346771666,1,1,1,0,0,0,0,1,0,1,0,1,1,0,0,0,0,1,1,0,1
1346771667,1,1,1,0,0,0,0,1,0,1,0,1,1,0,0,0,0,0,1,0,1
1346771668,1,1,1,0,0,0,0,1,0,1,0,1,0,1,0,0,0,0,1,0,1
1346771669,1,1,1,0,0,0,0,1,0,1,0,1,0,1,0,0,0,0,0,0,1
1346771670,1,1,1,0,0,0,0,1,0,1,0,1,0,1,0,0,0,0,1,0,1
1346771671,1,1,1,0,0,0,0,1,0,1,0,1,1,0,0,0,0,0,1,0,1
1346771672,1,1,1,0,0,0,0,1,0,1,0,1,1,0,0,0,0,0,1,0,1
1346771673,1,1,1,0,0,0,0,1,0,1,0,1,1,0,0,0,0,0,0,0,1
1346771674,1,1,1,0,0,0,0,1,0,1,0,1,1,0,0,0,0,0,1,0,1
1346771675,1,1,1,0,0,0,0,1,0,1,0,1,1,0,0,0,0,1,1,1,1
1346771676,1,1,1,0,0,0,0,1,0,1,0,1,1,0,0,0,0,1,1,0,1
1346771677,1,1,1,0,0,0,0,1,0,1,0,1,0,1,0,0,0,0,0,0,1
1346771678,1,1,1,0,0,0,0,1,0,1,0,1,0,1,0,0,0,1,0,0,1
1346771679,1,1,1,0,0,0,0,1,0,1,0,1,1,0,0,0,0,0,1,0,1
1346771680,1,1,1,0,0,0,0,1,0,1,0,1,1,0,0,1,0,0,1,0,1
1346771681,1,1,1,0,0,0,0,1,0,1,0,1,1,0,0,0,0,0,0,0,1
1346771682,1,1,1,0,0,0,0,1,0,1,0,1,1,0,0,0,0,0,1,0,1
1346771683,1,1,1,0,0,0,0,1,0,1,0,1,1,0,0,1,0,0,0,0,1
1346771684,1,1,1,0,0,0,0,1,0,1,0,1,1,0,0,0,0,0,0,0,1
1346771685,1,1,1,0,0,0,0,1,0,1,0,1,1,0,0,0,0,1,1,0,1
1346771686,1,1,1,0,0,0,0,1,0,1,0,1,1,0,0,0,0,0,1,0,1
1346771687,1,1,1,0,0,0,0,1,0,1,0,1,0,1,0,1,0,0,0,0,1
1346771688,1,1,1,0,0,0,0,1,0,1,0,1,1,0,0,0,0,1,1,0,1
1346771689,1,1,1,0,0,0,0,1,0,1,0,1,1,0,0,1,0,0,1,0,1
1346771690,1,1,1,0,0,0,0,1,0,1,0,1,1,0,0,0,0,0,0,0,1
1346771691,1,1,1,0,0,0,0,1,0,1,0,1,1,0,0,0,0,0,1,0,1
1346771692,1,1,1,0,0,0,0,1,0,1,0,1,1,0,0,0,0,1,1,0,1
1346771693,1,1,1,0,0,0,0,1,0,1,0,1,1,0,0,0,0,0,1,0,1
1346771694,1,1,1,0,0,0,0,1,0,1,0,1,1,0,0,0,0,1,0,0,1
1346771695,1,1,1,0,0,0,0,1,0,1,0,1,1,0,0,0,0,1,1,0,1
1346771696,1,1,1,0,0,0,0,1,0,1,0,1,1,0,0,0,0,0,1,0,1
1346771697,1,1,1,0,0,0,0,1,0,1,0,1,1,0,0,0,0,0,1,0,1
1346771698,1,1,1,0,0,0,0,1,0,1,0,1,1,0,0,1,0,0,1,0,1
1346771699,1,1,1,0,0,0,0,1,0,1,0,1,1,0,0,0,0,1,0,0,1
1346771700,1,1,1,0,0,0,0,1,0,1,0,1,1,0,0,0,0,0,1,0,1
1346771701,1,1,1,0,0,0,0,1,0,1,0,1,1,0,0,0,0,0,0,0,1
1346771702,1,1,1,0,0,0,0,1,0,1,0,1,1,0,0,0,0,0,1,0,1
1346771703,1,1,1,0,0,0,0,1,0,1,0,1,1,0,0,0,0,0,1,0,1
1346771704,1,1,1,0,0,0,0,1,0,1,0,1,1,0,0,0,0,0,1,0,1
1346771705,1,1,1,0,0,0,0,1,0,1,0,1,1,0,0,0,0,0,1,0,1
1346771706,1,1,1,0,0,0,0,1,0,1,0,1,1,0,0,0,0,0,1,0,1
1346771707,1,1,1,0,0,0,0,1,0,1,0,1,1,0,0,0,0,0,0,0,1
1346771708,1,1,1,0,0,0,0,1,0,1,0,1,1,0,0,0,0,0,0,0,1
1346771709,1,1,1,0,0,0,0,1,0,1,0,1,1,0,0,0,0,0,0,0,1
1346771710,1,1,1,0,0,0,0,1,0,1,0,1,1,0,0,0,0,0,1,0,1
1346771711,1,1,1,0,0,0,0,1,0,1,0,1,1,0,0,0,0,0,1,0,1
1346771712,1,1,1,0,0,0,0,1,0,1,0,1,1,0,0,1,0,0,1,0,1
1346771713,1,1,1,0,0,0,0,1,0,1,0,1,1,0,0,0,0,0,1,0,1
1346771714,1,1,1,0,0,0,0,1,0,1,0,1,1,0,0,1,0,0,1,0,1
1346771715,1,1,1,0,0,0,0,1,0,1,0,1,1,0,0,1,1,0,1,0,1
1346771716,1,1,1,0,0,0,0,1,0,1,0,1,1,0,0,0,1,0,0,0,1
1346771717,1,1,1,0,0,0,0,1,1,0,0,1,1,0,0,0,1,0,1,0,1
1346771718,1,1,1,0,0,0,0,1,1,0,0,1,1,0,0,1,0,0,1,0,1
1346771719,1,1,1,0,0,0,0,1,1,0,0,1,0,1,0,0,0,0,0,0,1
1346771720,1,1,1,0,0,0,0,1,1,0,0,1,1,0,0,0,0,0,1,0,1
1346771721,1,1,1,0,0,0,0,1,1,0,0,1,1,0,0,0,0,0,1,0,1
1346771722,1,1,1,0,0,0,0,1,1,0,0,1,1,0,0,0,0,1,1,0,1
1346771723,1,1,1,0,0,0,0,1,1,0,0,1,0,1,0,0,0,0,1,1,1
1346771724,1,1,1,0,0,0,0,1,1,0,0,1,0,1,0,0,0,1,1,1,1
1346771725,1,1,1,0,0,0,0,1,1,0,0,1,0,1,0,0,0,0,1,0,1
1346771726,1,1,1,0,0,0,0,1,1,0,0,1,0,1,0,0,0,0,1,0,1
1346771727,1,1,1,0,0,0,0,1,1,0,0,1,0,1,0,0,0,0,1,0,1
1346771728,1,1,1,0,0,0,0,1,1,0,0,1,0,1,0,0,0,0,0,0,1
1346771729,1,1,1,0,0,0,0,1,1,0,0,1,0,1,0,0,0,0,1,0,1
1346771730,1,1,1,0,0,0,0,1,1,0,0,1,0,1,0,0,0,0,0,0,1
1346771731,1,1,1,0,0,0,0,1,1,0,0,1,0,1,0,0,0,0,0,0,1
1346771732,1,1,1,0,0,0,0,1,1,0,0,1,0,1,0,0,0,0,1,0,1
1346771733,1,1,1,0,0,0,0,1,1,0,0,1,0,1,0,0,0,1,1,0,1
1346771734,1,1,1,0,0,0,0,1,1,0,0,1,0,1,0,0,0,0,0,0,1
1346771735,1,1,1,0,0,0,0,1,1,0,0,1,0,1,0,0,0,0,1,0,1
1346771736,1,1,1,0,0,0,0,1,1,0,0,1,0,1,0,0,0,0,0,0,1
1346771737,1,1,1,0,0,0,0,1,1,0,0,1,0,1,0,0,0,1,0,0,1
1346771738,1,1,1,0,0,0,0,1,1,0,0,1,0,1,0,0,0,1,0,0,1
1346771739,1,1,1,0,0,0,0,1,1,0,0,1,0,1,0,0,0,0,0,0,1
1346771740,1,1,1,0,0,0,0,1,1,0,0,1,0,1,0,0,0,0,0,0,1
1346771741,1,1,1,0,0,0,0,1,1,0,0,1,0,1,0,0,0,0,1,1,1
1346771742,1,1,1,0,0,0,0,1,1,0,0,1,0,1,0,0,0,0,1,0,1
1346771743,1,1,1,0,0,0,0,1,1,0,0,1,0,1,0,0,0,0,1,0,1
1346771744,1,1,1,0,0,0,0,1,1,0,0,1,0,1,0,0,0,0,1,0,1
1346771745,1,1,1,0,0,0,0,1,1,0,0,1,0,1,0,0,0,0,0,0,1
1346771746,1,1,1,0,0,0,0,1,1,0,0,1,0,1,0,0,0,1,1,0,1
1346771747,1,1,1,0,0,0,0,1,1,0,0,1,0,1,0,0,0,0,1,0,1
1346771748,1,1,1,0,0,0,0,1,1,0,0,1,0,1,0,0,0,0,1,0,1
1346771749,1,1,1,0,0,0,0,1,1,0,0,1,0,1,0,0,0,0,0,0,1
1346771750,1,1,1,0,0,0,0,1,1,0,0,1,0,1,0,0,0,0,1,0,1
1346771751,1,1,1,0,0,0,0,1,1,0,0,1,0,1,0,0,0,0,1,1,1
1346771752,1,1,1,0,0,0,0,1,1,0,0,1,0,1,0,0,0,0,1,0,1
1346771753,1,1,1,0,0,0,0,1,1,0,0,1,0,1,0,0,0,0,0,0,1
1346771754,1,1,1,0,0,0,0,1,1,0,0,1,0,1,0,0,0,0,0,0,1
1346771755,1,1,1,0,0,0,0,1,1,0,0,1,0,1,0,0,0,0,0,0,1
1346771756,1,1,1,0,0,0,0,1,1,0,0,1,0,1,0,0,0,1,0,0,1
1346771757,1,1,1,0,0,0,0,1,1,0,0,1,0,1,0,0,0,0,0,0,1
1346771758,1,1,1,0,0,0,0,1,1,0,0,1,0,1,0,0,0,0,1,0,1
1346771759,1,1,1,0,0,0,0,1,1,0,0,1,0,1,0,0,0,1,0,0,1
1346771760,1,1,1,0,0,0,0,1,1,0,0,1,0,1,0,0,0,1,1,0,1
1346771761,1,1,1,0,0,0,0,1,1,0,0,1,0,1,0,0,0,0,1,0,1
1346771762,1,1,1,0,0,0,0,1,1,0,0,1,0,1,0,0,0,1,1,0,1
1346771763,1,1,1,0,0,0,0,1,1,0,0,1,0,1,0,0,0,1,1,1,1
1346771764,1,1,1,0,0,0,0,1,1,0,0,1,0,1,0,0,0,0,1,0,1
1346771765,1,1,1,0,0,0,0,1,1,0,0,1,0,1,0,0,0,0,1,0,1
1346771766,1,1,1,0,0,0,0,1,1,0,0,1,0,1,0,0,0,1,0,0,1
1346771767,1,1,1,0,0,0,0,1,1,0,0,1,0,1,0,0,0,1,1,1,1
1346771768,1,1,1,0,0,0,0,1,1,0,0,1,0,1,0,0,0,0,1,1,1
1346771769,1,1,1,0,0,0,0,1,1,0,0,1,0,1,0,0,0,0,1,0,1
1346771770,1,1,1,0,0,0,0,1,1,0,0,1,0,1,0,0,0,1,1,0,1
1346771771,1,1,1,0,0,0,0,1,1,0,0,1,0,1,0,0,0,1,0,1,1
1346771772,1,1,1,0,0,0,0,1,1,0,0,1,0,1,0,0,0,0,1,0,1
1346771773,1,1,1,0,0,0,0,1,1,0,0,1,0,1,0,0,0,1,1,0,1
1346771774,1,1,1,0,0,0,0,1,1,0,0,1,0,1,0,0,0,1,1,0,1
1346771775,1,1,1,0,0,0,0,1,1,0,0,1,0,1,0,0,0,1,1,1,1
1346771776,1,1,1,0,0,0,0,1,1,0,0,1,0,1,0,0,0,0,1,1,1
1346771777,1,1,1,0,0,0,0,1,1,0,0,1,0,1,0,0,0,1,1,0,1
1346771778,1,1,1,0,0,0,0,1,1,0,0,1,0,1,0,0,0,1,0,0,1
1346771779,1,1,1,0,0,0,0,1,1,0,0,1,0,1,0,0,0,0,0,0,1
1346771780,1,1,0,1,0,0,0,1,1,0,0,1,0,1,0,0,0,1,1,0,1
1346771781,1,1,1,0,0,0,0,1,1,0,0,1,0,1,0,0,0,1,1,0,1
1346771782,1,1,1,0,0,0,0,1,1,0,0,1,0,1,0,1,0,0,1,0,1
1346771783,1,1,1,0,0,0,0,1,1,0,0,1,0,1,0,0,0,0,1,0,1
1346771784,1,1,1,0,0,0,0,1,1,0,0,1,0,1,0,0,0,1,0,0,1
1346771785,1,1,1,0,0,0,0,1,1,0,0,1,0,1,0,0,0,0,0,0,1
1346771786,1,1,1,0,0,0,0,1,1,0,0,1,0,1,0,0,0,0,0,0,1
1346771787,1,1,1,0,0,0,0,1,1,0,0,1,0,1,0,0,0,1,1,1,1
1346771788,1,1,1,0,0,0,0,1,1,0,0,1,0,1,0,0,0,0,1,0,1
1346771789,1,1,1,0,0,0,0,1,1,0,0,1,0,1,0,0,0,1,1,0,1
1346771790,1,1,1,0,0,0,0,1,1,0,0,1,0,1,0,0,0,0,1,1,1
1346771791,1,1,1,0,0,0,0,1,1,0,0,1,0,1,0,0,0,0,1,0,1
1346771792,1,1,1,0,0,0,0,1,1,0,0,1,0,1,0,1,0,1,0,0,1
1346771793,1,1,1,0,0,0,0,1,1,0,0,1,0,1,0,0,0,1,0,0,1
1346771794,1,1,1,0,0,0,0,1,1,0,0,1,0,1,0,0,0,0,1,0,1
1346771795,1,1,1,0,0,0,0,1,1,0,0,1,0,1,0,0,0,0,0,0,1
1346771796,1,1,1,0,0,0,0,1,1,0,0,1,0,1,0,1,0,0,1,0,1
1346771797,1,1,1,0,0,0,0,1,1,0,0,1,0,1,0,0,0,1,1,0,1
1346771798,1,1,1,0,0,0,0,1,1,0,0,1,0,1,0,1,0,0,1,0,1
1346771799,1,1,1,0,0,0,0,1,1,0,0,1,0,1,0,0,0,0,0,0,1
1346771800,1,1,0,1,0,0,0,1,1,0,0,1,0,1,0,0,0,0,1,1,1
1346771801,1,1,1,0,0,0,0,1,1,0,0,1,0,1,0,0,0,0,1,0,1
1346771802,1,1,1,0,0,0,0,1,1,0,0,1,0,1,0,0,0,1,1,0,1
1346771803,1,1,1,0,0,0,0,1,1,0,0,1,0,1,0,1,0,0,1,0,1
1346771804,1,1,1,0,0,0,0,1,1,0,0,1,0,1,0,0,0,1,0,0,1
1346771805,1,1,1,0,0,0,0,1,1,0,0,1,0,1,0,0,0,1,1,1,1
1346771806,1,1,1,0,0,0,0,1,1,0,0,1,0,1,0,0,0,0,0,0,1
1346771807,1,1,1,0,0,0,0,1,1,0,0,1,0,1,0,0,0,1,1,1,1
1346771808,1,1,1,0,0,0,0,1,1,0,0,1,0,1,0,0,0,0,1,0,1
1346771809,1,1,1,0,0,0,0,1,1,0,0,1,0,1,0,0,0,0,1,0,1
1346771810,1,1,1,0,0,0,0,1,1,0,0,1,0,1,0,0,0,0,1,0,1
1346771811,1,1,1,0,0,0,0,1,1,0,0,1,0,1,0,1,0,1,0,0,1
1346771812,1,1,1,0,0,0,0,1,1,0,0,1,0,1,0,0,0,1,1,0,1
1346771813,1,1,1,0,0,0,0,1,1,0,0,1,0,1,0,0,0,1,0,0,1
1346771814,1,1,1,0,0,0,0,1,1,0,0,1,0,1,0,0,0,0,1,0,1
1346771815,1,1,1,0,0,0,0,1,1,0,0,1,0,1,0,0,0,0,1,0,1
1346771816,1,1,1,0,0,0,0,1,1,0,0,1,0,1,0,0,0,0,1,1,1
1346771817,1,1,1,0,0,0,0,1,1,0,0,1,0,1,0,0,0,0,0,0,1
1346771818,1,1,1,0,0,0,0,1,1,0,0,1,0,1,0,0,0,0,1,0,1
1346771819,1,1,1,0,0,0,0,1,1,0,0,1,0,1,0,0,0,0,1,1,1
1346771820,1,1,1,0,0,0,0,1,1,0,0,1,0,1,0,0,0,0,1,0,1
1346771821,1,1,1,0,0,0,0,1,1,0,0,1,0,1,0,0,0,0,1,0,1
1346771822,1,1,1,0,0,0,0,1,1,0,0,1,0,1,0,0,0,0,1,0,1
1346771823,1,1,1,0,0,0,0,1,1,0,0,1,0,1,0,0,0,0,1,0,1
1346771824,1,1,1,0,0,0,0,1,1,0,0,1,0,1,0,0,0,0,1,0,1
1346771825,1,1,1,0,0,0,0,1,1,0,0,1,0,1,0,0,0,0,0,0,1
1346771826,1,1,1,0,0,0,0,1,1,0,0,1,0,1,0,0,0,0,0,0,1
1346771827,1,1,1,0,0,0,0,1,1,0,0,1,0,1,0,0,0,1,1,1,1
1346771828,1,1,1,0,0,0,0,1,1,0,0,1,0,1,0,0,0,0,1,0,1
1346771829,1,1,1,0,0,0,0,1,1,0,0,1,0,1,0,0,0,0,1,0,1
1346771830,1,1,1,0,0,0,0,1,1,0,0,1,0,1,0,0,0,0,0,0,1
1346771831,1,1,1,0,0,0,0,1,1,0,0,1,0,1,0,0,0,0,0,0,1
1346771832,1,1,1,0,0,0,0,1,1,0,0,1,0,1,0,0,0,0,1,1,1
1346771833,1,1,1,0,0,0,0,1,1,0,0,1,0,1,0,0,0,0,1,0,1
1346771834,1,1,1,0,0,0,0,1,1,0,0,1,0,1,0,0,0,1,0,0,1
1346771835,1,1,1,0,0,0,0,1,1,0,0,1,0,1,0,0,0,1,1,1,1
1346771836,1,1,1,0,0,0,0,1,1,0,0,1,0,1,0,0,0,0,1,0,1
1346771837,1,1,1,0,0,0,0,1,1,0,0,1,0,1,0,0,0,1,1,0,1
1346771838,1,1,1,0,0,0,0,1,1,0,0,1,0,1,0,0,0,1,0,0,1
1346771839,1,1,1,0,0,0,0,1,1,0,0,1,0,1,0,0,0,1,1,1,1
1346771840,1,1,1,0,0,0,0,1,1,0,0,1,0,1,0,1,0,0,1,0,1
1346771841,1,1,1,0,0,0,0,1,1,0,0,1,0,1,0,0,0,1,1,0,1
1346771842,1,1,1,0,0,0,0,1,1,0,0,1,0,1,0,0,0,1,1,0,1
1346771843,1,1,1,0,0,0,0,1,1,0,0,1,0,1,0,0,0,0,1,0,1
1346771844,1,1,1,0,0,0,0,1,1,0,0,1,0,1,0,0,0,0,1,0,1
1346771845,1,1,1,0,0,0,0,1,1,0,0,1,0,1,0,0,0,1,1,0,1
1346771846,1,1,1,0,0,0,0,1,1,0,0,1,0,1,0,0,0,0,1,0,1
1346771847,1,1,1,0,0,0,0,1,1,0,0,1,0,1,0,0,0,0,0,0,1
1346771848,1,1,1,0,0,0,0,1,1,0,0,1,0,1,0,0,0,0,1,0,1
1346771849,1,1,1,0,0,0,0,1,1,0,0,1,0,1,0,0,0,0,1,0,1
1346771850,1,1,1,0,0,0,0,1,1,0,0,1,0,1,0,1,0,0,0,0,1
1346771851,1,1,0,1,1,0,0,1,1,0,0,1,0,1,0,0,0,0,1,0,1
1346771852,1,1,1,0,0,0,0,1,1,0,0,1,0,1,0,0,0,0,1,0,1
1346771853,1,1,1,0,0,0,0,1,1,0,0,1,0,1,0,0,0,0,1,0,1
1346771854,1,1,1,0,0,0,0,1,1,0,0,1,0,1,0,0,0,0,0,0,1
1346771855,1,1,1,0,0,0,0,1,1,0,0,1,0,1,0,0,0,1,1,0,1
1346771856,1,1,1,0,0,0,0,1,1,0,0,1,0,1,0,0,0,0,1,0,1
1346771857,1,1,1,0,0,0,0,1,1,0,0,1,0,1,0,0,0,0,1,0,1
1346771858,1,1,1,0,0,0,0,1,1,0,0,1,0,1,0,1,0,0,0,0,1
1346771859,1,1,1,0,0,0,0,1,1,0,0,1,0,1,0,0,0,0,1,0,1
1346771860,1,1,1,0,0,0,0,1,1,0,0,1,0,1,0,0,0,0,0,0,1
1346771861,1,1,1,0,0,0,0,1,1,0,0,1,0,1,0,0,0,0,0,0,1
1346771862,1,1,1,0,0,0,0,1,1,0,0,1,0,1,0,0,0,0,1,0,1
1346771863,1,1,1,0,0,0,0,1,1,0,0,1,0,1,0,0,0,1,1,0,1
1346771864,1,1,1,0,0,0,0,1,1,0,0,1,0,1,0,0,0,0,0,0,1
1346771865,1,1,1,0,0,0,0,1,1,0,0,1,0,1,0,0,0,0,1,1,1
1346771866,1,1,1,0,0,0,0,1,1,0,0,1,0,1,0,0,0,1,1,0,1
1346771867,1,1,1,0,0,0,0,1,1,0,0,1,0,1,0,0,0,1,0,0,1
1346771868,1,1,1,0,0,0,0,1,1,0,0,1,0,1,0,0,0,0,1,0,1
1346771869,1,1,1,0,0,0,0,1,1,0,0,1,0,1,0,0,0,1,1,0,1
1346771870,1,1,1,0,0,0,0,1,1,0,0,1,0,1,0,0,0,1,0,0,1
1346771871,1,1,1,0,0,0,0,1,1,0,0,1,0,1,0,1,0,0,0,0,1
1346771872,1,1,1,0,0,0,0,1,1,0,0,1,0,1,0,0,0,0,1,1,1
1346771873,1,1,1,0,0,0,0,1,1,0,0,1,0,1,0,0,0,1,1,1,1
1346771874,1,1,1,0,0,0,0,1,1,0,0,1,0,1,0,0,0,0,1,0,1
1346771875,1,1,1,0,0,0,0,1,1,0,0,1,0,1,0,0,0,0,1,1,1
1346771876,1,1,1,0,0,0,0,1,1,0,0,1,0,1,0,1,0,0,1,1,1
1346771877,1,1,1,0,0,0,0,1,1,0,0,1,0,1,0,0,0,0,1,0,1
1346771878,1,1,1,0,0,0,0,1,1,0,0,1,0,1,0,0,0,1,0,0,1
1346771879,1,1,1,0,0,0,0,1,1,0,0,1,0,1,0,1,0,1,1,1,1
1346771880,1,1,1,0,0,0,0,1,1,0,0,1,0,1,0,0,0,0,1,1,1
1346771881,1,1,1,0,0,0,0,1,1,0,0,1,0,1,0,0,0,1,0,0,1
1346771882,1,1,1,0,0,0,0,1,1,0,0,1,0,1,0,0,0,1,1,1,1
1346771883,1,1,1,0,0,0,0,1,1,0,0,1,0,1,0,0,0,1,0,0,1
1346771884,1,1,1,0,0,0,0,1,1,0,0,1,0,1,0,0,0,1,1,0,1
1346771885,1,1,1,0,0,0,0,1,1,0,0,1,0,1,0,0,0,1,1,0,1
1346771886,1,1,1,0,0,0,0,1,1,0,0,1,0,1,0,0,0,0,0,0,1
1346771887,1,1,1,0,0,0,0,1,1,0,0,1,0,1,0,0,0,1,1,0,1
1346771888,1,1,1,0,0,0,0,1,1,0,0,1,0,1,0,0,0,1,1,0,1
1346771889,1,1,1,0,0,0,0,1,1,0,0,1,0,1,0,0,0,0,0,0,1
1346771890,1,1,1,0,0,0,0,1,1,0,0,1,0,1,0,0,0,0,1,0,1
1346771891,1,1,1,0,0,0,0,1,1,0,0,1,0,1,0,0,0,0,1,0,1
1346771892,1,1,1,0,0,0,0,1,1,0,0,1,0,1,0,0,0,1,1,1,1
1346771893,1,1,1,0,0,0,0,1,1,0,0,1,0,1,0,0,0,1,1,1,1
1346771894,1,1,1,0,0,0,0,1,1,0,0,1,0,1,0,0,0,1,0,0,1
1346771895,1,1,1,0,0,0,0,1,1,0,0,1,0,1,0,0,0,1,1,1,1
1346771896,1,1,1,0,0,0,0,1,1,0,0,1,0,1,0,0,0,1,1,1,1
1346771897,1,1,1,0,0,0,0,1,1,0,0,1,0,1,0,0,0,0,0,0,1
1346771898,1,1,1,0,0,0,0,1,1,0,0,1,0,1,0,0,0,1,0,0,1
1346771899,1,1,1,0,0,0,0,1,1,0,0,1,0,1,0,0,0,1,0,0,1
1346771900,1,1,1,0,0,0,0,1,1,0,0,1,0,1,0,0,0,1,0,0,1
1346771901,1,1,1,0,0,0,0,1,1,0,0,1,0,1,0,0,0,0,1,0,1
1346771902,1,1,1,0,0,0,0,1,1,0,0,1,0,1,0,0,0,1,1,0,1
1346771903,1,1,1,0,0,0,0,1,1,0,0,1,0,1,0,0,0,1,1,0,1
1346771904,1,1,1,0,0,0,0,1,1,0,0,1,0,1,0,1,0,0,1,0,1
1346771905,1,1,1,0,0,0,0,1,1,0,0,1,0,1,0,0,1,0,1,0,1
1346771906,1,1,1,0,0,0,0,1,1,0,0,1,0,1,1,1,1,1,1,0,1
1346771907,1,1,1,0,0,0,0,1,1,0,0,1,0,1,0,1,0,1,0,0,1
1346771908,1,1,1,0,0,0,0,1,1,0,0,1,0,1,0,1,0,0,0,0,1
1346771909,1,1,1,0,0,0,0,1,1,0,0,1,0,1,0,1,0,0,0,0,1
1346771910,1,1,1,0,0,0,0,1,1,0,0,1,0,1,0,0,0,0,0,0,1
1346771911,1,1,1,0,0,0,0,1,1,0,0,1,0,1,0,0,0,0,1,0,1
1346771912,1,1,1,0,0,0,0,1,1,0,0,1,0,1,0,0,0,0,1,1,1
1346771913,1,1,1,0,0,0,0,1,1,0,0,1,1,0,0,0,0,0,1,0,1
1346771914,1,1,1,0,0,0,0,1,1,0,0,1,1,0,0,0,0,1,1,1,1
1346771915,1,1,1,0,0,0,0,1,1,0,0,1,1,0,0,0,0,1,1,1,1
1346771916,1,1,1,0,0,0,0,1,1,0,0,1,1,0,0,0,0,0,1,0,1
1346771917,1,1,1,0,0,0,0,1,1,0,0,1,0,1,0,0,0,0,1,0,1
1346771918,1,1,1,0,0,0,0,1,1,0,0,1,0,1,0,0,0,0,1,0,1
1346771919,1,1,1,0,0,0,0,1,1,0,0,1,0,1,0,0,0,0,1,0,1
1346771920,1,1,1,0,0,0,0,1,1,0,0,1,0,1,0,0,0,0,0,0,1
1346771921,1,1,1,0,0,0,0,1,1,0,0,1,0,1,0,0,0,0,0,0,1
1346771922,1,1,1,0,0,0,0,1,1,0,0,1,0,1,0,0,0,0,0,0,1
1346771923,1,1,1,0,0,0,0,1,1,0,0,1,0,1,0,0,0,0,1,0,1
1346771924,1,1,1,0,0,0,0,1,1,0,0,1,0,1,0,0,0,0,1,0,1
1346771925,1,1,1,0,0,0,0,1,1,0,0,1,0,1,0,0,0,0,1,0,1
1346771926,1,1,1,0,0,0,0,1,1,0,0,1,0,1,0,0,0,0,0,0,1
1346771927,1,1,1,0,0,0,0,1,1,0,0,1,0,1,0,0,0,0,0,0,1
1346771928,1,1,1,0,0,0,0,1,1,0,0,1,0,1,0,0,0,0,1,0,1
1346771929,1,1,1,0,0,0,0,1,1,0,0,1,0,1,0,0,0,0,1,0,1
1346771930,1,1,1,0,0,0,0,1,1,0,0,1,0,1,0,1,0,0,1,0,1
1346771931,1,1,1,0,0,0,0,1,1,0,0,1,0,1,0,0,0,0,0,0,1
1346771932,1,1,1,0,0,0,0,1,1,0,0,1,0,1,0,0,0,0,0,0,1
1346771933,1,1,1,0,0,0,0,1,1,0,0,1,0,1,0,0,0,0,1,0,1
1346771934,1,1,1,0,0,0,0,1,1,0,0,1,0,1,0,0,0,0,1,0,1
1346771935,1,1,1,0,0,0,0,1,1,0,0,1,0,1,0,0,0,0,1,0,1
1346771936,1,1,1,0,0,0,0,1,1,0,0,1,0,1,0,0,0,0,1,0,1
1346771937,1,1,1,0,0,0,0,1,1,0,0,1,0,1,0,0,0,0,1,0,1
1346771938,1,1,1,0,0,0,0,1,1,0,0,1,0,1,0,0,0,0,1,1,1
1346771939,1,1,1,0,0,0,0,1,1,0,0,1,0,1,0,0,0,0,1,0,1
1346771940,1,1,1,0,0,0,0,1,1,0,0,1,0,1,0,1,0,0,0,0,1
1346771941,1,1,1,0,0,0,0,1,1,0,0,1,0,1,0,0,0,0,1,0,1
1346771942,1,1,1,0,0,0,0,1,1,0,0,1,0,1,0,0,0,1,1,1,1
1346771943,1,1,1,0,0,0,0,1,1,0,0,1,0,1,0,0,0,1,0,0,1
1346771944,1,1,1,0,0,0,0,1,1,0,0,1,0,1,0,0,0,1,0,0,1
1346771945,1,1,1,0,0,0,0,1,1,0,0,1,0,1,0,0,0,0,1,0,1
1346771946,1,1,1,0,0,0,0,1,1,0,0,1,0,1,0,0,0,0,1,0,1
1346771947,1,1,1,0,0,0,0,1,1,0,0,1,0,1,0,0,0,1,0,0,1
1346771948,1,1,1,0,0,0,0,1,1,0,0,1,0,1,0,0,0,0,1,1,1
1346771949,1,1,0,1,1,0,0,1,1,0,0,1,0,1,0,0,0,1,1,0,1
1346771950,1,1,1,0,0,0,0,1,1,0,0,1,0,1,0,0,0,0,0,0,1
1346771951,1,1,1,0,0,0,0,1,1,0,0,1,0,1,0,0,0,0,0,0,1
1346771952,1,1,1,0,0,0,0,1,1,0,0,1,0,1,0,0,0,0,1,0,1
1346771953,1,1,1,0,0,0,0,1,1,0,0,1,0,1,0,0,0,1,1,0,1
1346771954,1,1,1,0,0,0,0,1,1,0,0,1,0,1,0,0,0,0,1,0,1
1346771955,1,1,1,0,0,0,0,1,1,0,0,1,0,1,0,0,0,1,1,1,1
1346771956,1,1,1,0,0,0,0,1,1,0,0,1,0,1,0,0,0,0,0,0,1
1346771957,1,1,1,0,0,0,0,1,1,0,0,1,0,1,0,0,0,0,1,1,1
1346771958,1,1,1,0,0,0,0,1,1,0,0,1,0,1,0,0,0,1,1,1,1
1346771959,1,1,1,0,0,0,0,1,1,0,0,1,0,1,0,0,0,1,1,1,1
1346771960,1,1,1,0,0,0,0,1,1,0,0,1,0,1,0,0,0,0,1,0,1
1346771961,1,1,1,0,0,0,0,1,1,0,0,1,0,1,0,0,0,0,1,0,1
1346771962,1,1,1,0,0,0,0,1,1,0,0,1,0,1,0,0,0,0,1,0,1
1346771963,1,1,1,0,0,0,0,1,1,0,0,1,0,1,0,0,0,0,0,0,1
1346771964,1,1,1,0,0,0,0,1,1,0,0,1,0,1,0,0,0,0,0,0,1
1346771965,1,1,1,0,0,0,0,1,1,0,0,1,0,1,0,0,0,1,1,1,1
1346771966,1,1,1,0,0,0,0,1,1,0,0,1,0,1,0,0,0,1,1,1,1
1346771967,1,1,1,0,0,0,0,1,1,0,0,1,0,1,0,0,0,0,0,0,1
1346771968,1,1,1,0,0,0,0,1,1,0,0,1,0,1,0,0,0,0,1,0,1
1346771969,1,1,1,0,0,0,0,1,1,0,0,1,0,1,0,0,0,0,1,0,1
1346771970,1,1,1,0,0,0,0,1,1,0,0,1,0,1,0,0,0,0,0,0,1
1346771971,1,1,1,0,0,0,0,1,1,0,0,1,0,1,0,0,0,0,1,0,1
1346771972,1,1,1,0,0,0,0,1,1,0,0,1,0,1,0,0,0,0,1,0,1
1346771973,1,1,1,0,0,0,0,1,1,0,0,1,0,1,0,0,0,0,1,0,1
1346771974,1,1,1,0,0,0,0,1,1,0,0,1,0,1,0,0,0,0,0,0,1
1346771975,1,1,1,0,0,0,0,1,1,0,0,1,0,1,0,0,0,0,1,0,1
1346771976,1,1,1,0,0,0,0,1,1,0,0,1,0,1,0,0,0,0,1,0,1
1346771977,1,1,1,0,0,0,0,1,1,0,0,1,0,1,0,0,0,0,1,0,1
1346771978,1,1,1,0,0,0,0,1,1,0,0,1,0,1,0,0,0,0,0,0,1
1346771979,1,1,1,0,0,0,0,1,1,0,0,1,0,1,0,0,0,0,1,0,1
1346771980,1,1,1,0,0,0,0,1,1,0,0,1,0,1,0,0,0,0,1,0,1
1346771981,1,1,1,0,0,0,0,1,1,0,0,1,0,1,0,0,0,0,0,0,1
1346771982,1,1,1,0,0,0,0,1,1,0,0,1,0,1,0,0,0,0,1,0,1
1346771983,1,1,1,0,0,0,0,1,1,0,0,1,0,1,0,0,0,0,1,0,1
1346771984,1,1,1,0,0,0,0,1,1,0,0,1,0,1,0,0,0,0,0,0,1
1346771985,1,1,1,0,0,0,0,1,1,0,0,1,0,1,0,0,0,0,1,0,1
1346771986,1,1,1,0,0,0,0,1,1,0,0,1,0,1,0,0,0,0,0,0,1
1346771987,1,1,1,0,0,0,0,1,1,0,0,1,0,1,0,0,0,0,1,0,1
1346771988,1,1,1,0,0,0,0,1,1,0,0,1,0,1,0,0,0,0,1,0,1
1346771989,1,1,1,0,0,0,0,1,1,0,0,1,0,1,0,0,0,0,1,0,1
1346771990,1,1,1,0,0,0,0,1,1,0,0,1,0,1,0,0,0,1,0,0,1
1346771991,1,1,1,0,0,0,0,1,1,0,0,1,0,1,0,0,0,1,1,1,1
1346771992,1,1,1,0,0,0,0,1,1,0,0,1,0,1,0,0,0,1,1,1,1
1346771993,1,1,0,1,1,0,0,1,1,0,0,1,0,1,0,0,0,0,0,0,1
1346771994,1,1,1,0,0,0,0,1,1,0,0,1,0,1,0,0,0,0,1,0,1
1346771995,1,1,1,0,0,0,0,1,1,0,0,1,0,1,0,0,0,0,1,0,1
1346771996,1,1,1,0,0,0,0,1,1,0,0,1,0,1,0,0,0,0,1,0,1
1346771997,1,1,1,0,0,0,0,1,1,0,0,1,0,1,0,0,0,0,1,0,1
1346771998,1,1,1,0,0,0,0,1,1,0,0,1,0,1,0,0,0,1,1,1,1
1346771999,1,1,1,0,0,0,0,1,1,0,0,1,0,1,0,0,0,1,1,1,1
1346772000,1,1,1,0,0,0,0,1,1,0,0,1,0,1,0,0,0,1,1,1,1
1346772001,1,1,1,0,0,0,0,1,1,0,0,1,0,1,0,0,0,0,0,0,1
1346772002,1,1,1,0,0,0,0,1,1,0,0,1,0,1,0,0,0,0,1,0,1
1346772003,1,1,1,0,0,0,0,1,1,0,0,1,0,1,0,0,0,0,1,0,1
1346772004,1,1,1,0,0,0,0,1,1,0,0,1,0,1,0,0,0,0,1,0,1
1346772005,1,1,1,0,0,0,0,1,1,0,0,1,0,1,0,0,0,0,1,0,1
1346772006,1,1,1,0,0,0,0,1,1,0,0,1,0,1,0,0,0,0,1,0,1
1346772007,1,1,1,0,0,0,0,1,1,0,0,1,0,1,0,0,0,0,1,0,1
1346772008,1,1,1,0,0,0,0,1,1,0,0,1,0,1,0,0,0,0,1,0,1
1346772009,1,1,1,0,0,0,0,1,1,0,0,1,0,1,0,0,0,1,1,0,1
1346772010,1,1,1,0,0,0,0,1,1,0,0,1,0,1,0,0,0,0,0,0,1
1346772011,1,1,1,0,0,0,0,1,1,0,0,1,0,1,0,0,0,0,1,0,1
1346772012,1,1,1,0,0,0,0,1,1,0,0,1,0,1,0,0,0,1,1,0,1
1346772013,1,1,1,0,0,0,0,1,1,0,0,1,0,1,0,0,0,1,0,1,1
1346772014,1,1,1,0,0,0,0,1,1,0,0,1,0,1,0,0,0,0,1,0,1
1346772015,1,1,1,0,0,0,0,1,1,0,0,1,0,1,0,0,0,0,1,0,1
1346772016,1,1,1,0,0,0,0,1,1,0,0,1,0,1,0,0,0,1,1,0,1
1346772017,1,1,1,0,0,0,0,1,1,0,0,1,0,1,0,0,0,1,1,1,1
1346772018,1,1,1,0,0,0,0,1,1,0,0,1,0,1,0,0,0,0,1,0,1
1346772019,1,1,1,0,0,0,0,1,1,0,0,1,0,1,0,0,0,0,1,0,1
1346772020,1,1,1,0,0,0,0,1,1,0,0,1,0,1,0,0,0,1,0,0,1
1346772021,1,1,1,0,0,0,0,1,1,0,0,1,0,1,0,0,0,0,1,0,1
1346772022,1,1,1,0,0,0,0,1,1,0,0,1,0,1,0,0,0,0,1,0,1
1346772023,1,1,1,0,0,0,0,1,1,0,0,1,0,1,0,0,0,1,1,0,1
1346772024,1,1,1,0,0,0,0,1,1,0,0,1,0,1,0,0,0,1,0,0,1
1346772025,1,1,1,0,0,0,0,1,1,0,0,1,0,1,0,0,0,0,1,0,1
1346772026,1,1,1,0,0,0,0,1,1,0,0,1,0,1,0,0,0,0,1,0,1
1346772027,1,1,1,0,0,0,0,1,1,0,0,1,0,1,0,0,0,1,1,0,1
1346772028,1,1,1,0,0,0,0,1,1,0,0,1,0,1,0,0,0,1,0,0,1
1346772029,1,1,1,0,0,0,0,1,1,0,0,1,0,1,0,0,0,0,1,0,1
1346772030,1,1,1,0,0,0,0,1,1,0,0,1,0,1,0,0,0,1,1,0,1
1346772031,1,1,1,0,0,0,0,1,1,0,0,1,0,1,0,0,0,1,1,0,1
1346772032,1,1,1,0,0,0,0,1,1,0,0,1,0,1,0,0,0,1,0,0,1
1346772033,1,1,1,0,0,0,0,1,1,0,0,1,0,1,0,1,0,0,1,0,1
1346772034,1,1,1,0,0,0,0,1,1,0,0,1,0,1,0,0,0,0,1,0,1
1346772035,1,1,1,0,0,0,0,1,1,0,0,1,0,1,0,0,0,1,1,0,1
1346772036,1,1,1,0,0,0,0,1,1,0,0,1,0,1,0,0,0,1,0,0,1
1346772037,1,1,1,0,0,0,0,1,1,0,0,1,0,1,0,0,0,1,1,0,1
1346772038,1,1,1,0,0,0,0,1,1,0,0,1,0,1,0,0,0,0,1,1,1
1346772039,1,1,1,0,0,0,0,1,1,0,0,1,0,1,0,0,0,0,1,0,1
1346772040,1,1,1,0,0,0,0,1,1,0,0,1,0,1,0,0,0,1,1,1,1
1346772041,1,1,1,0,0,0,0,1,1,0,0,1,0,1,0,0,0,0,1,1,1
1346772042,1,1,0,1,0,0,0,1,1,0,0,1,0,1,0,1,0,0,1,0,1
1346772043,1,1,1,0,0,0,0,1,1,0,0,1,0,1,0,0,0,0,1,0,1
1346772044,1,1,1,0,0,0,0,1,1,0,0,1,0,1,0,0,0,1,1,0,1
1346772045,1,1,0,1,0,0,0,1,1,0,0,1,0,1,0,0,0,0,1,0,1
1346772046,1,1,1,0,0,0,0,1,1,0,0,1,0,1,0,0,0,1,1,0,1
1346772047,1,1,1,0,0,0,0,1,1,0,0,1,0,1,0,0,0,1,0,0,1
1346772048,1,1,1,0,0,0,0,1,1,0,0,1,0,1,0,0,0,0,0,0,1
1346772049,1,1,1,0,0,0,0,1,1,0,0,1,0,1,0,1,0,0,1,0,1
1346772050,1,1,1,0,0,0,0,1,1,0,0,1,0,1,0,0,0,1,1,0,1
1346772051,1,1,1,0,0,0,0,1,1,0,0,1,0,1,0,0,0,1,1,0,1
1346772052,1,1,1,0,0,0,0,1,1,0,0,1,0,1,0,0,0,0,0,0,1
1346772053,1,1,1,0,0,0,0,1,1,0,0,1,0,1,0,0,0,0,1,0,1
1346772054,1,1,1,0,0,0,0,1,1,0,0,1,0,1,0,0,0,1,1,0,1
1346772055,1,1,1,0,0,0,0,1,1,0,0,1,0,1,0,0,0,1,0,0,1
1346772056,1,1,1,0,0,0,0,1,1,0,0,1,0,1,0,0,0,1,1,1,1
1346772057,1,1,1,0,0,0,0,1,1,0,0,1,0,1,0,0,0,0,1,0,1
1346772058,1,1,1,0,0,0,0,1,1,0,0,1,0,1,0,0,0,0,1,0,1
1346772059,1,1,1,0,0,0,0,1,1,0,0,1,0,1,0,0,0,1,0,0,1
1346772060,1,1,1,0,0,0,0,1,1,0,0,1,0,1,0,0,0,0,1,0,1
1346772061,1,1,1,0,0,0,0,1,1,0,0,1,0,1,0,0,0,0,1,0,1
1346772062,1,1,1,0,0,0,0,1,1,0,0,1,0,1,0,0,0,1,0,0,1
1346772063,1,1,1,0,0,0,0,1,1,0,0,1,0,1,0,0,0,1,1,0,1
1346772064,1,1,1,0,0,0,0,1,1,0,0,1,0,1,0,0,0,0,1,0,1
1346772065,1,1,1,0,0,0,0,1,1,0,0,1,0,1,0,0,0,0,1,0,1
1346772066,1,1,1,0,0,0,0,1,1,0,0,1,0,1,0,0,0,0,1,0,1
1346772067,1,1,1,0,0,0,0,1,1,0,0,1,0,1,0,0,0,0,1,1,1
1346772068,1,1,1,0,0,0,0,1,1,0,0,1,0,1,0,0,0,0,1,0,1
1346772069,1,1,1,0,0,0,0,1,1,0,0,1,0,1,0,0,0,1,1,1,1
1346772070,1,1,1,0,0,0,0,1,1,0,0,1,0,1,0,0,0,1,1,1,1
1346772071,1,1,1,0,0,0,0,1,1,0,0,1,0,1,0,0,0,0,1,0,1
1346772072,1,1,1,0,0,0,0,1,1,0,0,1,0,1,0,0,0,0,0,0,1
1346772073,1,1,1,0,0,0,0,1,1,0,0,1,0,1,0,0,0,0,1,0,1
1346772074,1,1,1,0,0,0,0,1,1,0,0,1,0,1,0,0,0,1,0,0,1
1346772075,1,1,1,0,0,0,0,1,1,0,0,1,0,1,0,0,0,0,1,0,1
1346772076,1,1,1,0,0,0,0,1,1,0,0,1,0,1,0,0,0,0,1,0,1
1346772077,1,1,1,0,0,0,0,1,1,0,0,1,0,1,0,0,0,1,1,0,1
1346772078,1,1,1,0,0,0,0,1,1,0,0,1,0,1,0,0,0,1,0,0,1
1346772079,1,1,1,0,0,0,0,1,1,0,0,1,0,1,0,0,0,0,1,0,1
1346772080,1,1,1,0,0,0,0,1,1,0,0,1,0,1,0,0,0,1,1,0,1
1346772081,1,1,1,0,0,0,0,1,1,0,0,1,0,1,0,0,0,1,1,1,1
1346772082,1,1,1,0,0,0,0,1,1,0,0,1,0,1,0,0,0,0,1,0,1
1346772083,1,1,1,0,0,0,0,1,1,0,0,1,0,1,0,0,0,0,1,0,1
1346772084,1,1,1,0,0,0,0,1,1,0,0,1,0,1,0,0,0,0,1,0,1
1346772085,1,1,1,0,0,0,0,1,1,0,0,1,0,1,0,0,0,1,1,0,1
1346772086,1,1,1,0,0,0,0,1,1,0,0,1,0,1,0,0,0,0,0,0,1
1346772087,1,1,1,0,0,0,0,1,1,0,0,1,0,1,0,0,0,0,1,0,1
1346772088,1,1,1,0,0,0,0,1,1,0,0,1,0,1,0,0,0,0,1,0,1
1346772089,1,1,1,0,0,0,0,1,1,0,0,1,0,1,0,0,0,0,0,0,1
1346772090,1,1,1,0,0,0,0,1,1,0,0,1,0,1,0,0,0,0,1,0,1
1346772091,1,1,1,0,0,0,0,1,1,0,0,1,0,1,0,0,0,0,1,0,1
1346772092,1,1,1,0,0,0,0,1,1,0,0,1,0,1,0,0,0,0,1,0,1
1346772093,1,1,1,0,0,0,0,1,1,0,0,1,0,1,0,0,0,1,1,1,1
1346772094,1,1,1,0,0,0,0,1,1,0,0,1,0,1,0,0,0,1,0,1,1
1346772095,1,1,1,0,0,0,0,1,1,0,0,1,0,1,0,0,0,0,1,0,1
1346772096,1,1,1,0,0,0,0,1,1,0,0,1,0,1,0,0,0,1,1,1,1
1346772097,1,1,1,0,0,0,0,1,1,0,0,1,0,1,0,0,0,1,1,1,1
1346772098,1,1,1,0,0,0,0,1,1,0,0,1,0,1,0,0,0,0,1,0,1
1346772099,1,1,0,1,0,0,0,1,1,0,0,1,0,1,0,0,0,1,1,1,1
1346772100,1,1,1,0,0,0,0,1,1,0,0,1,0,1,0,0,0,0,1,0,1
1346772101,1,1,1,0,0,0,0,1,1,0,0,1,0,1,0,0,0,1,1,0,1
1346772102,1,1,1,0,0,0,0,1,1,0,0,1,0,1,0,0,0,1,0,0,1
1346772103,1,1,1,0,0,0,0,1,1,0,0,1,0,1,0,0,0,0,1,0,1
1346772104,1,1,1,0,0,0,0,1,1,0,0,1,0,1,0,1,0,0,1,0,1
1346772105,1,1,1,0,0,0,0,1,1,0,0,1,0,1,0,0,0,0,1,0,1
1346772106,1,1,1,0,0,0,0,1,1,0,0,1,0,1,0,0,0,0,0,0,1
1346772107,1,1,1,0,0,0,0,1,1,0,0,1,0,1,0,0,0,0,0,0,1
1346772108,1,1,1,0,0,0,0,1,1,0,0,1,0,1,0,0,0,0,0,0,1
1346772109,1,1,1,0,0,0,0,1,1,0,0,1,0,1,0,0,0,0,1,0,1
1346772110,1,1,1,0,0,0,0,1,1,0,0,1,0,1,0,0,0,0,1,0,1
1346772111,1,1,1,0,0,0,0,1,1,0,0,1,0,1,0,0,0,0,1,0,1
1346772112,1,1,1,0,0,0,0,1,1,0,0,1,0,1,0,0,0,0,1,1,1
1346772113,1,1,1,0,0,0,0,1,1,0,0,1,0,1,0,0,0,0,1,0,1
1346772114,1,1,1,0,0,0,0,1,1,0,0,1,0,1,0,0,0,0,1,0,1
1346772115,1,1,1,0,0,0,0,1,1,0,0,1,0,1,0,0,0,0,1,0,1
1346772116,1,1,1,0,0,0,0,1,1,0,0,1,0,1,0,0,0,0,0,0,1
1346772117,1,1,1,0,0,0,0,1,1,0,0,1,0,1,0,0,0,0,0,0,1
1346772118,1,1,1,0,0,0,0,1,1,0,0,1,0,1,0,1,0,0,0,0,1
1346772119,1,1,1,0,0,0,0,1,1,0,0,1,0,1,0,0,0,1,1,0,1
1346772120,1,1,1,0,0,0,0,1,1,0,0,1,0,1,0,0,0,1,1,1,1
1346772121,1,1,1,0,0,0,0,1,1,0,0,1,0,1,0,0,0,1,1,1,1
1346772122,1,1,1,0,0,0,0,1,1,0,0,1,0,1,0,1,0,0,1,0,1
1346772123,1,1,1,0,0,0,0,1,1,0,0,1,0,1,0,0,0,1,1,0,1
1346772124,1,1,1,0,0,0,0,1,1,0,0,1,0,1,0,0,0,1,0,0,1
1346772125,1,1,1,0,0,0,0,1,1,0,0,1,0,1,0,0,0,1,0,0,1
1346772126,1,1,1,0,0,0,0,1,1,0,0,1,0,1,0,0,0,0,1,1,1
1346772127,1,1,1,0,0,0,0,1,1,0,0,1,0,1,0,0,0,1,1,0,1
1346772128,1,1,1,0,0,0,0,1,1,0,0,1,0,1,0,0,0,0,0,0,1
1346772129,1,1,1,0,0,0,0,1,1,0,0,1,0,1,0,0,0,1,1,0,1
1346772130,1,1,1,0,0,0,0,1,1,0,0,1,0,1,0,1,0,1,1,0,1
1346772131,1,1,1,0,0,0,0,1,1,0,0,1,0,1,0,0,0,1,1,1,1
1346772132,1,1,1,0,0,0,0,1,1,0,0,1,0,1,0,0,0,0,1,0,1
1346772133,1,1,1,0,0,0,0,1,1,0,0,1,0,1,0,0,0,1,0,0,1
1346772134,1,1,1,0,0,0,0,1,1,0,0,1,0,1,0,0,0,1,1,0,1
1346772135,1,1,1,0,0,0,0,1,1,0,0,1,0,1,0,0,0,1,0,0,1
1346772136,1,1,1,0,0,0,0,1,1,0,0,1,0,1,0,0,0,0,0,0,1
1346772137,1,1,1,0,0,0,0,1,1,0,0,1,0,1,0,0,0,0,0,0,1
1346772138,1,1,1,0,0,0,0,1,1,0,0,1,0,1,0,0,0,1,1,0,1
1346772139,1,1,1,0,0,0,0,1,1,0,0,1,0,1,0,0,0,0,1,0,1
1346772140,1,1,1,0,0,0,0,1,1,0,0,1,0,1,0,0,0,0,1,0,1
1346772141,1,1,1,0,0,0,0,1,1,0,0,1,0,1,0,1,0,0,1,0,1
1346772142,1,1,1,0,0,0,0,1,1,0,0,1,0,1,0,0,0,0,1,0,1
1346772143,1,1,1,0,0,0,0,1,1,0,0,1,0,1,0,0,0,0,0,0,1
1346772144,1,1,1,0,0,0,0,1,1,0,0,1,0,1,0,0,0,0,1,0,1
1346772145,1,1,1,0,0,0,0,1,1,0,0,1,0,1,0,1,0,0,1,0,1
1346772146,1,1,1,0,0,0,0,1,1,0,0,1,0,1,0,0,0,0,0,0,1
1346772147,1,1,1,0,0,0,0,1,1,0,0,1,0,1,0,1,0,0,1,0,1
1346772148,1,1,1,0,0,0,0,1,1,0,0,1,0,1,0,0,0,0,0,0,1
1346772149,1,1,1,0,0,0,0,1,1,0,0,1,0,1,0,0,0,0,1,0,1
1346772150,1,1,1,0,0,0,0,1,1,0,0,1,0,1,0,0,0,0,0,0,1
1346772151,1,1,1,0,0,0,0,1,1,0,0,1,0,1,0,0,0,0,1,0,1
1346772152,1,1,1,0,0,0,0,1,1,0,0,1,0,1,0,0,0,0,1,0,1
1346772153,1,1,1,0,0,0,0,1,1,0,0,1,0,1,0,0,0,0,1,0,1
1346772154,1,1,1,0,0,0,0,1,1,0,0,1,0,1,0,1,0,0,1,1,1
1346772155,1,1,1,0,0,0,0,1,1,0,0,1,0,1,0,0,0,1,1,1,1
1346772156,1,1,1,0,0,0,0,1,1,0,0,1,0,1,0,0,0,0,1,1,1
1346772157,1,1,1,0,0,0,0,1,1,0,0,1,0,1,0,0,0,0,0,0,1
1346772158,1,1,1,0,0,0,0,1,1,0,0,1,0,1,0,1,0,1,1,0,1
1346772159,1,1,1,0,0,0,0,1,1,0,0,1,0,1,0,0,0,1,1,0,1
1346772160,1,1,1,0,0,0,0,1,1,0,0,1,0,1,0,0,0,0,1,0,1
1346772161,1,1,1,0,0,0,0,1,1,0,0,1,0,1,0,1,0,0,1,0,1
1346772162,1,1,1,0,0,0,0,1,1,0,0,1,0,1,0,0,0,0,1,0,1
1346772163,1,1,1,0,0,0,0,1,1,0,0,1,0,1,0,0,0,0,1,0,1
1346772164,1,1,1,0,0,0,0,1,1,0,0,1,0,1,0,0,0,0,1,0,1
1346772165,1,1,1,0,0,0,0,1,1,0,0,1,0,1,0,0,0,0,0,0,1
1346772166,1,1,1,0,0,0,0,1,1,0,0,1,0,1,0,0,0,1,1,1,1
1346772167,1,1,1,0,0,0,0,1,1,0,0,1,0,1,0,1,0,1,1,1,1
1346772168,1,1,1,0,0,0,0,1,1,0,0,1,0,1,0,1,1,0,1,0,1
1346772169,1,1,1,0,0,0,0,1,0,1,0,1,0,1,0,1,1,1,1,1,1
1346772170,1,1,1,0,0,0,0,1,0,1,0,1,0,1,0,1,0,1,1,1,1
1346772171,1,1,1,0,0,0,0,1,0,1,0,1,0,1,0,1,0,1,1,1,1
1346772172,1,1,1,0,0,0,0,1,0,1,0,1,0,1,0,0,0,0,0,0,1
1346772173,1,1,1,0,0,0,0,1,0,1,0,1,0,1,0,0,0,0,1,1,1
1346772174,1,1,1,0,0,0,0,1,0,1,0,1,0,1,0,0,0,0,1,0,1
1346772175,1,1,1,0,0,0,0,1,0,1,0,1,1,0,0,0,0,0,1,1,1
1346772176,1,1,1,0,0,0,0,1,0,1,0,1,1,0,0,0,0,0,1,1,1
1346772177,1,1,1,0,0,0,0,1,0,1,0,1,1,0,0,0,0,0,0,0,1
1346772178,1,1,1,0,0,0,0,1,0,1,0,1,1,0,0,0,0,0,1,1,1
1346772179,1,1,1,0,0,0,0,1,0,1,0,1,1,0,0,0,0,1,1,1,1
1346772180,1,1,1,0,0,0,0,1,0,1,0,1,1,0,1,0,0,1,1,0,1
1346772181,1,1,1,0,0,0,0,1,0,1,0,1,1,0,0,0,0,0,1,0,1
1346772182,1,1,1,0,0,0,0,1,0,1,0,1,1,0,0,1,0,1,1,0,1
1346772183,1,1,1,0,0,0,0,1,0,1,0,1,1,0,0,0,0,1,1,1,1
1346772184,1,1,1,0,0,0,0,1,0,1,0,1,1,0,0,0,0,0,1,0,1
1346772185,1,1,1,0,0,0,0,1,0,1,0,1,1,0,0,0,0,0,0,0,1
1346772186,1,1,1,0,0,0,0,1,0,1,0,1,1,0,0,0,0,1,1,1,1
1346772187,1,1,1,0,0,0,0,1,0,1,0,1,1,0,0,0,0,0,1,0,1
1346772188,1,1,1,0,0,0,0,1,0,1,0,1,0,1,0,0,0,1,1,1,1
1346772189,1,1,1,0,0,0,0,1,0,1,0,1,0,1,0,0,0,1,1,1,1
1346772190,1,1,1,0,0,0,0,1,0,1,0,1,0,1,0,0,0,1,0,0,1
1346772191,1,1,1,0,0,0,0,1,0,1,0,1,0,1,0,1,0,0,0,0,1
1346772192,1,1,1,0,0,0,0,1,0,1,0,1,0,1,0,0,0,1,0,0,1
1346772193,1,1,1,0,0,0,0,1,0,1,0,1,0,1,0,0,0,0,1,0,1
1346772194,1,1,1,0,0,0,0,1,0,1,0,1,0,1,0,0,0,0,0,0,1
1346772195,1,1,1,0,0,0,0,1,0,1,0,1,1,0,0,1,0,0,1,0,1
1346772196,1,1,1,0,0,0,0,1,0,1,0,1,1,0,0,0,0,0,1,0,1
1346772197,1,1,1,0,0,0,0,1,0,1,0,1,1,0,0,0,0,0,1,0,1
1346772198,1,1,1,0,0,0,0,1,0,1,0,1,1,0,0,0,0,1,0,0,1
1346772199,1,1,1,0,0,0,0,1,0,1,0,1,1,0,0,0,0,0,1,0,1
1346772200,1,1,1,0,0,0,0,1,0,1,0,1,1,0,0,0,0,0,1,0,1
1346772201,1,1,1,0,0,0,0,1,0,1,0,1,1,0,0,0,0,0,0,0,1
1346772202,1,1,1,0,0,0,0,1,0,1,0,1,1,0,0,0,0,0,1,0,1
1346772203,1,1,1,0,0,0,0,1,0,1,0,1,0,1,0,0,0,0,1,0,1
1346772204,1,1,1,0,0,0,0,1,0,1,0,1,0,1,0,0,0,0,1,0,1
1346772205,1,1,1,0,0,0,0,1,0,1,0,1,0,1,0,0,0,0,0,0,1
1346772206,1,1,1,0,0,0,0,1,0,1,0,1,1,0,0,0,0,0,1,0,1
1346772207,1,1,1,0,0,0,0,1,0,1,0,1,0,1,0,0,0,0,1,0,1
1346772208,1,1,1,0,0,0,0,1,0,1,0,1,1,0,0,0,0,0,1,0,1
1346772209,1,1,1,0,0,0,0,1,0,1,0,1,1,0,0,0,0,0,1,0,1
1346772210,1,1,1,0,0,0,0,1,0,1,0,1,1,0,0,0,0,0,0,0,1
1346772211,1,1,1,0,0,0,0,1,0,1,0,1,1,0,0,0,0,0,1,0,1
1346772212,1,1,1,0,0,0,0,1,0,1,0,1,1,0,0,0,0,1,1,0,1
1346772213,1,1,1,0,0,0,0,1,0,1,0,1,1,0,0,0,0,0,0,0,1
1346772214,1,1,1,0,0,0,0,1,0,1,0,1,1,0,0,0,0,1,0,0,1
1346772215,1,1,1,0,0,0,0,1,0,1,0,1,1,0,0,0,0,1,0,1,1
1346772216,1,1,1,0,0,0,0,1,0,1,0,1,0,1,0,0,0,0,1,0,1
1346772217,1,1,1,0,0,0,0,1,0,1,0,1,0,1,0,0,0,0,1,0,1
1346772218,1,1,1,0,0,0,0,1,0,1,0,1,0,1,0,0,0,0,1,0,1
1346772219,1,1,1,0,0,0,0,1,0,1,0,1,1,0,0,0,0,0,1,0,1
1346772220,1,1,1,0,0,0,0,1,0,1,0,1,1,0,0,0,0,0,1,0,1
1346772221,1,1,1,0,0,0,0,1,1,0,0,1,1,0,0,0,0,1,1,0,1
1346772222,1,1,1,0,0,0,0,1,0,1,0,1,1,0,0,0,0,1,1,0,1
1346772223,1,1,1,0,0,0,0,1,0,1,0,1,1,0,0,0,0,0,0,0,1
1346772224,1,1,1,0,0,0,0,1,0,1,0,1,1,0,0,0,0,0,0,0,1
1346772225,1,1,1,0,0,0,0,1,0,1,0,1,1,0,0,0,0,1,1,1,1
1346772226,1,1,1,0,0,0,0,1,0,1,0,1,0,1,0,0,0,0,1,0,1
1346772227,1,1,1,0,0,0,0,1,0,1,0,1,0,1,0,0,0,0,0,0,1
1346772228,1,1,1,0,0,0,0,1,0,1,0,1,0,1,0,0,0,0,0,0,1
1346772229,1,1,1,0,0,0,0,1,0,1,0,1,1,0,0,0,0,0,1,0,1
1346772230,1,1,1,0,0,0,0,1,0,1,0,1,1,0,0,0,0,0,1,0,1
1346772231,1,1,1,0,0,0,0,1,1,0,0,1,1,0,0,0,0,0,1,0,1
1346772232,1,1,1,0,0,0,0,1,0,1,0,1,1,0,0,0,0,1,1,0,1
1346772233,1,1,1,0,0,0,0,1,0,1,0,1,1,0,0,0,0,0,0,0,1
1346772234,1,1,1,0,0,0,0,1,0,1,0,1,1,0,0,0,0,0,0,0,1
1346772235,1,1,1,0,0,0,0,1,0,1,0,1,0,1,0,0,0,0,1,0,1
1346772236,1,1,1,0,0,0,0,1,0,1,0,1,0,1,0,0,0,1,1,0,1
1346772237,1,1,1,0,0,0,0,1,0,1,0,1,0,1,0,1,0,1,0,0,1
1346772238,1,1,1,0,0,0,0,1,1,0,0,1,0,1,0,0,0,0,0,0,1
1346772239,1,1,0,1,0,0,0,1,0,1,0,1,1,0,0,0,0,0,1,0,1
1346772240,1,1,1,0,0,0,0,1,0,1,0,1,1,0,0,0,0,0,1,0,1
1346772241,1,1,1,0,0,0,0,1,0,1,0,1,1,0,0,0,0,0,0,0,1
1346772242,1,1,1,0,0,0,0,1,0,1,0,1,1,0,0,0,0,0,0,0,1
1346772243,1,1,1,0,0,0,0,1,0,1,0,1,0,1,0,0,0,0,1,0,1
1346772244,1,1,1,0,0,0,0,1,1,0,0,1,0,1,0,0,0,0,1,0,1
1346772245,1,1,1,0,0,0,0,1,1,0,0,1,0,1,0,1,0,0,0,0,1
1346772246,1,1,1,0,0,0,0,1,0,1,0,1,1,0,0,1,0,0,1,0,1
1346772247,1,1,1,0,0,0,0,1,0,1,0,1,1,0,0,0,0,0,1,0,1
1346772248,1,1,1,0,0,0,0,1,0,1,0,1,1,0,0,0,0,0,1,0,1
1346772249,1,1,1,0,0,0,0,1,0,1,0,1,1,0,0,1,0,0,1,0,1
1346772250,1,1,1,0,0,0,0,1,0,1,0,1,1,0,0,1,0,1,1,0,1
1346772251,1,1,1,0,0,0,0,1,1,0,0,1,0,1,0,0,0,0,1,0,1
1346772252,1,1,1,0,0,0,0,1,1,0,0,1,0,1,0,1,0,1,0,0,1
1346772253,1,1,1,0,0,0,0,1,0,1,0,1,1,0,0,0,0,0,1,0,1
1346772254,1,1,1,0,0,0,0,1,0,1,0,1,1,0,0,0,0,0,1,0,1
1346772255,1,1,1,0,0,0,0,1,0,1,0,1,1,0,0,0,0,1,1,0,1
1346772256,1,1,1,0,0,0,0,1,0,1,0,1,1,0,0,0,0,0,1,0,1
1346772257,1,1,1,0,0,0,0,1,0,1,0,1,0,1,0,1,0,0,1,0,1
1346772258,1,1,1,0,0,0,0,1,0,1,0,1,0,1,0,0,1,1,1,1,1
1346772259,1,1,1,0,0,0,0,1,1,0,0,1,0,1,0,0,0,1,1,1,1
1346772260,1,1,1,0,0,0,0,1,1,0,0,1,1,0,0,0,0,0,1,0,1
1346772261,1,1,1,0,0,0,0,1,1,0,0,1,1,0,0,0,0,0,1,0,1
1346772262,1,1,1,0,0,0,0,1,0,1,0,1,1,0,0,0,0,1,1,0,1
1346772263,1,1,1,0,0,0,0,1,0,1,0,1,1,0,0,0,0,1,1,1,1
1346772264,1,1,1,0,0,0,0,1,0,1,0,1,1,0,0,0,0,0,0,0,1
1346772265,1,1,1,0,0,0,0,1,0,1,0,1,0,1,0,0,0,0,1,0,1
1346772266,1,1,1,0,0,0,0,1,0,1,0,1,0,1,0,1,0,0,1,0,1
1346772267,1,1,1,0,0,0,0,1,0,1,0,1,0,1,0,0,0,0,1,0,1
1346772268,1,1,1,0,0,0,0,1,0,1,0,1,0,1,0,0,0,0,1,0,1
1346772269,1,1,1,0,0,0,0,1,1,0,0,1,1,0,0,0,0,1,1,0,1
1346772270,1,1,0,1,1,1,0,1,1,0,0,1,1,0,0,1,0,0,1,0,1
1346772271,1,1,1,0,0,0,0,1,0,1,0,1,1,0,0,0,0,0,0,0,1
1346772272,1,1,1,0,0,0,0,1,0,1,0,1,0,1,0,0,0,1,1,1,1
1346772273,1,1,1,0,0,0,0,1,0,1,0,1,1,0,0,0,0,0,1,0,1
1346772274,1,1,1,0,0,0,0,1,0,1,0,1,0,1,0,0,0,0,1,0,1
1346772275,1,1,1,0,0,0,0,1,0,1,0,1,0,1,0,0,0,0,1,0,1
1346772276,1,1,1,0,0,0,0,1,0,1,0,1,0,1,0,0,0,0,1,0,1
1346772277,1,1,0,1,0,0,0,1,0,1,0,1,0,1,0,0,0,1,1,0,1
1346772278,1,1,1,0,0,0,0,1,1,0,0,1,1,0,0,0,0,0,1,0,1
1346772279,1,1,1,0,0,0,0,1,1,0,0,1,1,0,0,1,0,0,0,0,1
1346772280,1,1,1,0,0,0,0,1,0,1,0,1,1,0,0,0,0,1,1,0,1
1346772281,1,1,1,0,0,0,0,1,0,1,0,1,1,0,0,0,0,1,0,0,1
1346772282,1,1,1,0,0,0,0,1,0,1,0,1,1,0,0,0,0,0,0,0,1
1346772283,1,1,1,0,0,0,0,1,0,1,0,1,0,1,0,0,0,0,1,0,1
1346772284,1,1,1,0,0,0,0,1,0,1,0,1,0,1,0,0,0,1,1,0,1
1346772285,1,1,1,0,0,0,0,1,0,1,0,1,0,1,0,0,0,0,0,0,1
1346772286,1,1,1,0,0,0,0,1,0,1,0,1,0,1,0,0,0,0,1,0,1
1346772287,1,1,1,0,0,0,0,1,1,0,0,1,1,0,0,0,0,0,1,0,1
1346772288,1,1,1,0,0,0,0,1,0,1,0,1,1,0,0,0,0,0,1,0,1
1346772289,1,1,1,0,0,0,0,1,0,1,0,1,1,0,0,0,0,0,0,0,1
1346772290,1,1,1,0,0,0,0,1,0,1,0,1,1,0,0,0,0,0,1,0,1
1346772291,1,1,1,0,0,0,0,1,0,1,0,1,0,1,0,0,0,0,1,0,1
1346772292,1,1,1,0,0,0,0,1,0,1,0,1,0,1,0,0,0,0,1,0,1
1346772293,1,1,1,0,0,0,0,1,0,1,0,1,0,1,0,0,0,0,0,0,1
1346772294,1,1,1,0,0,0,0,1,0,1,0,1,0,1,0,0,0,1,0,0,1
1346772295,1,1,1,0,0,0,0,1,0,1,0,1,1,0,0,0,0,0,1,0,1
1346772296,1,1,1,0,0,0,0,1,0,1,0,1,1,0,0,0,0,0,1,0,1
1346772297,1,1,1,0,0,0,0,1,0,1,0,1,1,0,0,0,0,0,0,0,1
1346772298,1,1,1,0,0,0,0,1,0,1,0,1,1,0,0,0,0,0,1,0,1
1346772299,1,1,1,0,0,0,0,1,0,1,0,1,1,0,1,1,1,0,1,0,1
1346772300,1,1,1,0,0,0,0,1,1,0,0,1,0,1,0,0,1,0,1,0,1
1346772301,1,1,1,0,0,0,0,1,1,0,0,1,0,1,0,1,1,0,1,0,1
1346772302,1,1,1,0,0,0,0,1,1,0,0,1,0,1,0,1,0,0,1,0,1
1346772303,1,1,1,0,0,0,0,1,1,0,0,1,1,0,0,1,0,0,1,0,1
1346772304,1,1,1,0,0,0,0,1,1,0,0,1,1,0,0,0,0,0,1,0,1
1346772305,1,1,1,0,0,0,0,1,1,0,0,1,1,0,0,0,0,0,0,0,1
1346772306,1,1,1,0,0,0,0,1,1,0,0,1,1,0,0,0,0,1,1,0,1
1346772307,1,1,1,0,0,0,0,1,1,0,0,1,0,1,0,0,0,1,1,1,1
1346772308,1,1,1,0,0,0,0,1,1,0,0,1,0,1,0,0,0,1,1,1,1
1346772309,1,1,1,0,0,0,0,1,1,0,0,1,0,1,0,0,0,1,1,1,1
1346772310,1,1,1,0,0,0,0,1,1,0,0,1,0,1,0,0,0,0,1,1,1
1346772311,1,1,1,0,0,0,0,1,1,0,0,1,0,1,0,0,0,1,1,1,1
1346772312,1,1,1,0,0,0,0,1,1,0,0,1,0,1,0,0,0,0,1,0,1
1346772313,1,1,1,0,0,0,0,1,1,0,0,1,0,1,0,0,0,0,0,0,1
1346772314,1,1,1,0,0,0,0,1,1,0,0,1,0,1,0,0,0,0,0,0,1
1346772315,1,1,1,0,0,0,0,1,1,0,0,1,0,1,0,0,0,0,1,0,1
1346772316,1,1,1,0,0,0,0,1,1,0,0,1,0,1,0,0,0,1,1,0,1
1346772317,1,1,1,0,0,0,0,1,1,0,0,1,0,1,0,1,0,0,1,0,1
1346772318,1,1,1,0,0,0,0,1,1,0,0,1,0,1,0,0,0,0,0,0,1
1346772319,1,1,1,0,0,0,0,1,1,0,0,1,0,1,0,0,0,0,0,0,1
1346772320,1,1,1,0,0,0,0,1,1,0,0,1,0,1,0,1,0,0,0,0,1
1346772321,1,1,1,0,0,0,0,1,1,0,0,1,0,1,0,1,0,0,0,0,1
1346772322,1,1,1,0,0,0,0,1,1,0,0,1,0,1,0,0,0,1,1,0,1
1346772323,1,1,1,0,0,0,0,1,1,0,0,1,0,1,0,0,0,1,0,0,1
1346772324,1,1,1,0,0,0,0,1,1,0,0,1,0,1,0,0,0,1,1,1,1
1346772325,1,1,1,0,0,0,0,1,1,0,0,1,0,1,0,0,0,1,1,0,1
1346772326,1,1,1,0,0,0,0,1,1,0,0,1,0,1,0,0,0,0,1,1,1
1346772327,1,1,1,0,0,0,0,1,1,0,0,1,0,1,0,0,0,1,0,1,1
1346772328,1,1,1,0,0,0,0,1,1,0,0,1,0,1,0,0,0,1,1,0,1
1346772329,1,1,1,0,0,0,0,1,1,0,0,1,0,1,0,0,0,1,1,0,1
1346772330,1,1,1,0,0,0,0,1,1,0,0,1,0,1,0,0,0,0,1,0,1
1346772331,1,1,1,0,0,0,0,1,1,0,0,1,0,1,0,0,0,0,0,0,1
1346772332,1,1,1,0,0,0,0,1,1,0,0,1,0,1,0,0,0,1,1,0,1
1346772333,1,1,1,0,0,0,0,1,1,0,0,1,0,1,0,0,0,0,1,0,1
1346772334,1,1,1,0,0,0,0,1,1,0,0,1,0,1,0,0,0,1,1,1,1
1346772335,1,1,1,0,0,0,0,1,1,0,0,1,0,1,0,0,0,0,0,0,1
1346772336,1,1,1,0,0,0,0,1,1,0,0,1,0,1,0,0,0,0,1,0,1
1346772337,1,1,1,0,0,0,0,1,1,0,0,1,0,1,0,1,0,1,1,1,1
1346772338,1,1,1,0,0,0,0,1,1,0,0,1,0,1,0,0,0,1,1,1,1
1346772339,1,1,1,0,0,0,0,1,1,0,0,1,0,1,0,0,0,1,1,0,1
1346772340,1,1,1,0,0,0,0,1,1,0,0,1,0,1,0,1,0,0,1,0,1
1346772341,1,1,1,0,0,0,0,1,1,0,0,1,0,1,0,1,0,1,0,1,1
1346772342,1,1,1,0,0,0,0,1,1,0,0,1,0,1,0,0,0,1,1,1,1
1346772343,1,1,1,0,0,0,0,1,1,0,0,1,0,1,0,0,0,0,0,0,1
1346772344,1,1,1,0,0,0,0,1,1,0,0,1,0,1,0,0,0,0,1,0,1
1346772345,1,1,1,0,0,0,0,1,1,0,0,1,0,1,0,0,0,0,1,0,1
1346772346,1,1,1,0,0,0,0,1,1,0,0,1,0,1,0,0,0,0,0,0,1
1346772347,1,1,1,0,0,0,0,1,1,0,0,1,0,1,0,0,0,1,0,0,1
1346772348,1,1,1,0,0,0,0,1,1,0,0,1,0,1,0,0,0,0,1,0,1
1346772349,1,1,1,0,0,0,0,1,1,0,0,1,0,1,0,1,0,0,1,0,1
1346772350,1,1,1,0,0,0,0,1,1,0,0,1,0,1,0,0,0,0,1,0,1
1346772351,1,1,1,0,0,0,0,1,1,0,0,1,0,1,0,0,0,0,1,0,1
1346772352,1,1,1,0,0,0,0,1,1,0,0,1,0,1,0,0,0,0,1,0,1
1346772353,1,1,1,0,0,0,0,1,1,0,0,1,0,1,0,0,0,0,1,0,1
1346772354,1,1,1,0,0,0,0,1,1,0,0,1,0,1,0,0,0,0,1,0,1
1346772355,1,1,1,0,0,0,0,1,1,0,0,1,0,1,0,0,0,0,0,0,1
1346772356,1,1,1,0,0,0,0,1,1,0,0,1,0,1,0,0,0,1,1,0,1
1346772357,1,1,1,0,0,0,0,1,1,0,0,1,0,1,0,1,0,0,1,0,1
1346772358,1,1,1,0,0,0,0,1,1,0,0,1,0,1,0,0,0,0,1,0,1
1346772359,1,1,1,0,0,0,0,1,1,0,0,1,0,1,0,0,0,0,0,0,1
1346772360,1,1,1,0,0,0,0,1,1,0,0,1,0,1,0,1,0,0,1,0,1
1346772361,1,1,1,0,0,0,0,1,1,0,0,1,0,1,0,0,0,0,1,0,1
1346772362,1,1,1,0,0,0,0,1,1,0,0,1,0,1,0,0,0,1,1,0,1
1346772363,1,1,1,0,0,0,0,1,1,0,0,1,0,1,0,0,0,1,0,0,1
1346772364,1,1,1,0,0,0,0,1,1,0,0,1,0,1,0,0,0,0,0,0,1
1346772365,1,1,1,0,0,0,0,1,1,0,0,1,0,1,0,0,0,0,1,0,1
1346772366,1,1,1,0,0,0,0,1,1,0,0,1,0,1,0,0,0,0,1,1,1
1346772367,1,1,1,0,0,0,0,1,1,0,0,1,0,1,0,0,0,0,0,0,1
1346772368,1,1,1,0,0,0,0,1,1,0,0,1,0,1,0,0,0,0,1,0,1
1346772369,1,1,1,0,0,0,0,1,1,0,0,1,0,1,0,0,0,0,1,0,1
1346772370,1,1,1,0,0,0,0,1,1,0,0,1,0,1,0,0,0,0,1,0,1
1346772371,1,1,1,0,0,0,0,1,1,0,0,1,0,1,0,0,0,0,0,0,1
1346772372,1,1,1,0,0,0,0,1,1,0,0,1,0,1,0,0,0,0,0,0,1
1346772373,1,1,1,0,0,0,0,1,1,0,0,1,0,1,0,0,0,0,0,0,1
1346772374,1,1,1,0,0,0,0,1,1,0,0,1,0,1,0,0,0,1,0,1,1
1346772375,1,1,1,0,0,0,0,1,1,0,0,1,0,1,0,0,0,1,1,0,1
1346772376,1,1,1,0,0,0,0,1,1,0,0,1,0,1,0,0,0,0,0,0,1
1346772377,1,1,1,0,0,0,0,1,1,0,0,1,0,1,0,0,0,0,1,0,1
1346772378,1,1,1,0,0,0,0,1,1,0,0,1,0,1,0,0,0,1,0,0,1
1346772379,1,1,1,0,0,0,0,1,1,0,0,1,0,1,0,0,0,0,1,0,1
1346772380,1,1,1,0,0,0,0,1,1,0,0,1,0,1,0,1,0,0,1,0,1
1346772381,1,1,1,0,0,0,0,1,1,0,0,1,0,1,0,0,0,0,0,0,1
1346772382,1,1,1,0,0,0,0,1,1,0,0,1,0,1,0,0,0,0,1,0,1
1346772383,1,1,1,0,0,0,0,1,1,0,0,1,0,1,0,0,0,0,1,0,1
1346772384,1,1,1,0,0,0,0,1,1,0,0,1,0,1,0,0,0,0,1,0,1
1346772385,1,1,1,0,0,0,0,1,1,0,0,1,0,1,0,0,0,0,1,0,1
1346772386,1,1,1,0,0,0,0,1,1,0,0,1,0,1,0,0,0,0,1,0,1
1346772387,1,1,1,0,0,0,0,1,1,0,0,1,0,1,0,0,0,0,0,0,1
1346772388,1,1,1,0,0,0,0,1,1,0,0,1,0,1,0,0,0,0,1,0,1
1346772389,1,1,1,0,0,0,0,1,1,0,0,1,0,1,0,0,0,0,0,0,1
1346772390,1,1,1,0,0,0,0,1,1,0,0,1,0,1,0,0,0,0,0,0,1
1346772391,1,1,1,0,0,0,0,1,1,0,0,1,0,1,0,1,0,0,1,0,1
1346772392,1,1,1,0,0,0,0,1,1,0,0,1,0,1,0,0,1,0,1,0,1
1346772393,1,1,1,0,0,0,0,1,1,0,0,1,0,1,0,1,1,0,1,0,1
1346772394,1,1,1,0,0,0,0,1,1,0,0,1,0,1,0,1,0,0,1,0,1
1346772395,1,1,1,0,0,0,0,1,1,0,0,1,0,1,0,0,0,0,1,0,1
1346772396,1,1,1,0,0,0,0,1,1,0,0,1,0,1,0,0,0,0,1,0,1
1346772397,1,1,1,0,0,0,0,1,1,0,0,1,0,1,0,0,0,0,1,0,1
1346772398,1,1,1,0,0,0,0,1,1,0,0,1,0,1,0,0,0,0,0,0,1
1346772399,1,1,1,0,0,0,0,1,1,0,0,1,0,1,0,0,0,1,1,1,1
1346772400,1,1,1,0,0,0,0,1,1,0,0,1,0,1,0,0,0,1,1,1,1
1346772401,1,1,1,0,0,0,0,1,1,0,0,1,0,1,0,0,0,1,1,1,1
1346772402,1,1,1,0,0,0,0,1,1,0,0,1,0,1,0,0,0,1,1,1,1
1346772403,1,1,1,0,0,0,0,1,1,0,0,1,0,1,0,0,0,0,1,1,1
1346772404,1,1,1,0,0,0,0,1,1,0,0,1,0,1,0,0,0,0,0,0,1
1346772405,1,1,1,0,0,0,0,1,1,0,0,1,0,1,0,0,0,0,1,0,1
1346772406,1,1,1,0,0,0,0,1,1,0,0,1,0,1,0,0,0,0,1,0,1
1346772407,1,1,1,0,0,0,0,1,1,0,0,1,0,1,0,0,0,0,1,0,1
1346772408,1,1,1,0,0,0,0,1,1,0,0,1,0,1,0,0,0,0,1,0,1
1346772409,1,1,1,0,0,0,0,1,1,0,0,1,0,1,0,0,0,0,0,0,1
1346772410,1,1,1,0,0,0,0,1,1,0,0,1,0,1,0,0,0,1,0,0,1
1346772411,1,1,0,1,0,0,0,1,1,0,0,1,0,1,0,0,0,0,0,0,1
1346772412,1,1,1,0,0,0,0,1,1,0,0,1,0,1,0,0,0,0,1,0,1
1346772413,1,1,1,0,0,0,0,1,1,0,0,1,0,1,0,0,0,1,1,0,1
1346772414,1,1,1,0,0,0,0,1,1,0,0,1,0,1,0,0,0,0,1,0,1
1346772415,1,1,1,0,0,0,0,1,1,0,0,1,0,1,0,0,0,0,1,0,1
1346772416,1,1,1,0,0,0,0,1,1,0,0,1,0,1,0,0,0,1,1,0,1
1346772417,1,1,1,0,0,0,0,1,1,0,0,1,0,1,0,0,0,1,1,0,1
1346772418,1,1,1,0,0,0,0,1,1,0,0,1,0,1,0,0,0,1,1,0,1
1346772419,1,1,1,0,0,0,0,1,1,0,0,1,0,1,0,0,0,0,1,0,1
1346772420,1,1,1,0,0,0,0,1,1,0,0,1,0,1,0,0,0,0,1,0,1
1346772421,1,1,1,0,0,0,0,1,1,0,0,1,0,1,0,0,0,1,1,0,1
1346772422,1,1,1,0,0,0,0,1,1,0,0,1,0,1,0,0,0,0,0,0,1
1346772423,1,1,1,0,0,0,0,1,1,0,0,1,0,1,0,0,0,0,1,0,1
1346772424,1,1,0,1,0,0,0,1,1,0,0,1,0,1,0,0,0,1,1,0,1
1346772425,1,1,1,0,0,0,0,1,1,0,0,1,0,1,0,0,0,1,1,0,1
1346772426,1,1,1,0,0,0,0,1,1,0,0,1,0,1,0,0,0,0,0,0,1
1346772427,1,1,1,0,0,0,0,1,1,0,0,1,0,1,0,0,0,0,1,0,1
1346772428,1,1,1,0,0,0,0,1,1,0,0,1,0,1,0,0,0,0,1,0,1
1346772429,1,1,1,0,0,0,0,1,1,0,0,1,0,1,0,0,0,0,1,0,1
1346772430,1,1,1,0,0,0,0,1,1,0,0,1,0,1,0,0,0,0,0,0,1
1346772431,1,1,1,0,0,0,0,1,1,0,0,1,0,1,0,0,0,0,1,0,1
1346772432,1,1,1,0,0,0,0,1,1,0,0,1,0,1,0,0,0,0,1,0,1
1346772433,1,1,1,0,0,0,0,1,1,0,0,1,0,1,0,0,0,0,1,0,1
1346772434,1,1,1,0,0,0,0,1,1,0,0,1,0,1,0,0,0,0,0,0,1
1346772435,1,1,1,0,0,0,0,1,1,0,0,1,0,1,0,0,0,1,1,0,1
1346772436,1,1,1,0,0,0,0,1,1,0,0,1,0,1,0,0,0,1,1,0,1
1346772437,1,1,1,0,0,0,0,1,1,0,0,1,0,1,0,0,0,1,1,1,1
1346772438,1,1,1,0,0,0,0,1,1,0,0,1,0,1,0,0,0,1,0,1,1
1346772439,1,1,0,1,0,0,0,1,1,0,0,1,0,1,0,0,0,1,1,0,1
1346772440,1,1,1,0,0,0,0,1,1,0,0,1,0,1,0,0,0,0,1,0,1
1346772441,1,1,1,0,0,0,0,1,1,0,0,1,0,1,0,0,0,0,1,0,1
1346772442,1,1,1,0,0,0,0,1,1,0,0,1,0,1,0,1,0,1,0,0,1
1346772443,1,1,1,0,0,0,0,1,1,0,0,1,0,1,0,0,0,0,1,0,1
1346772444,1,1,1,0,0,0,0,1,1,0,0,1,0,1,0,0,0,0,1,0,1
1346772445,1,1,1,0,0,0,0,1,1,0,0,1,0,1,0,0,0,0,1,0,1
1346772446,1,1,1,0,0,0,0,1,1,0,0,1,0,1,0,0,0,0,1,0,1
1346772447,1,1,1,0,0,0,0,1,1,0,0,1,0,1,0,0,0,0,1,0,1
1346772448,1,1,1,0,0,0,0,1,1,0,0,1,0,1,0,1,0,0,1,0,1
1346772449,1,1,1,0,0,0,0,1,1,0,0,1,0,1,0,0,0,0,0,0,1
1346772450,1,1,1,0,0,0,0,1,1,0,0,1,0,1,0,0,0,0,1,0,1
1346772451,1,1,1,0,0,0,0,1,1,0,0,1,0,1,0,0,0,0,1,1,1
1346772452,1,1,1,0,0,0,0,1,1,0,0,1,0,1,0,0,0,0,0,0,1
1346772453,1,1,1,0,0,0,0,1,1,0,0,1,0,1,0,0,0,0,1,0,1
1346772454,1,1,1,0,0,0,0,1,1,0,0,1,0,1,0,0,0,0,1,1,1
1346772455,1,1,1,0,0,0,0,1,1,0,0,1,0,1,0,0,0,0,1,1,1
1346772456,1,1,1,0,0,0,0,1,1,0,0,1,0,1,0,0,0,0,1,0,1
1346772457,1,1,1,0,0,0,0,1,1,0,0,1,0,1,0,0,0,0,1,0,1
1346772458,1,1,1,0,0,0,0,1,1,0,0,1,0,1,0,0,0,0,1,0,1
1346772459,1,1,1,0,0,0,0,1,1,0,0,1,0,1,0,0,0,1,0,0,1
1346772460,1,1,1,0,0,0,0,1,1,0,0,1,0,1,0,0,0,0,1,0,1
1346772461,1,1,1,0,0,0,0,1,1,0,0,1,0,1,0,0,0,0,1,0,1
1346772462,1,1,1,0,0,0,0,1,1,0,0,1,0,1,0,0,0,0,0,0,1
1346772463,1,1,1,0,0,0,0,1,1,0,0,1,0,1,0,0,0,0,1,0,1
1346772464,1,1,1,0,0,0,0,1,1,0,0,1,0,1,0,0,0,0,0,0,1
1346772465,1,1,1,0,0,0,0,1,1,0,0,1,0,1,0,0,0,0,0,0,1
1346772466,1,1,1,0,0,0,0,1,1,0,0,1,0,1,0,0,0,0,1,0,1
1346772467,1,1,1,0,0,0,0,1,1,0,0,1,0,1,0,0,0,0,1,0,1
1346772468,1,1,1,0,0,0,0,1,1,0,0,1,0,1,0,0,0,0,1,0,1
1346772469,1,1,1,0,0,0,0,1,1,0,0,1,0,1,0,0,0,0,1,0,1
1346772470,1,1,1,0,0,0,0,1,1,0,0,1,0,1,0,0,0,0,1,0,1
1346772471,1,1,1,0,0,0,0,1,1,0,0,1,0,1,0,0,0,0,0,0,1
1346772472,1,1,1,0,0,0,0,1,1,0,0,1,0,1,0,0,0,0,1,0,1
1346772473,1,1,1,0,0,0,0,1,1,0,0,1,0,1,0,0,0,1,1,0,1
1346772474,1,1,1,0,0,0,0,1,1,0,0,1,0,1,0,0,0,0,1,0,1
1346772475,1,1,1,0,0,0,0,1,1,0,0,1,0,1,0,0,0,0,1,0,1
1346772476,1,1,1,0,0,0,0,1,1,0,0,1,0,1,0,0,0,0,1,0,1
1346772477,1,1,1,0,0,0,0,1,1,0,0,1,0,1,0,0,0,0,1,0,1
1346772478,1,1,1,0,0,0,0,1,1,0,0,1,0,1,0,1,0,0,1,0,1
1346772479,1,1,1,0,0,0,0,1,1,0,0,1,0,1,0,0,1,0,1,0,1
1346772480,1,1,1,0,0,0,0,1,1,0,0,1,0,1,0,1,1,0,1,0,1
1346772481,1,1,1,0,0,0,0,1,1,0,0,1,0,1,0,1,0,0,1,0,1
1346772482,1,1,1,0,0,0,0,1,1,0,0,1,0,1,0,0,0,0,0,0,1
1346772483,1,1,1,0,0,0,0,1,1,0,0,1,0,1,0,0,0,0,1,0,1
1346772484,1,1,1,0,0,0,0,1,1,0,0,1,0,1,0,0,0,1,1,1,1
1346772485,1,1,1,0,0,0,0,1,1,0,0,1,0,1,0,0,0,1,0,0,1
1346772486,1,1,1,0,0,0,0,1,1,0,0,1,0,1,0,0,0,0,1,1,1
1346772487,1,1,1,0,0,0,0,1,1,0,0,1,0,1,0,0,0,1,1,1,1
1346772488,1,1,1,0,0,0,0,1,1,0,0,1,0,1,0,0,0,1,1,0,1
1346772489,1,1,1,0,0,0,0,1,1,0,0,1,0,1,0,0,0,0,1,1,1
1346772490,1,1,1,0,0,0,0,1,1,0,0,1,0,1,0,0,0,1,1,1,1
1346772491,1,1,1,0,0,0,0,1,1,0,0,1,0,1,1,0,0,0,1,0,1
1346772492,1,1,1,0,0,0,0,1,1,0,0,1,0,1,0,0,0,0,1,0,1
1346772493,1,1,1,0,0,0,0,1,1,0,0,1,0,1,0,0,0,0,1,0,1
1346772494,1,1,1,0,0,0,0,1,1,0,0,1,0,1,0,0,0,1,0,0,1
1346772495,1,1,1,0,0,0,0,1,1,0,0,1,0,1,0,0,0,1,1,1,1
1346772496,1,1,1,0,0,0,0,1,1,0,0,1,0,1,0,0,0,1,1,1,1
1346772497,1,1,1,0,0,0,0,1,1,0,0,1,0,1,0,0,0,0,0,0,1
1346772498,1,1,1,0,0,0,0,1,1,0,0,1,0,1,0,1,0,1,0,0,1
1346772499,1,1,1,0,0,0,0,1,1,0,0,1,0,1,0,0,0,1,0,1,1
1346772500,1,1,1,0,0,0,0,1,1,0,0,1,0,1,0,0,0,1,0,1,1
1346772501,1,1,1,0,0,0,0,1,1,0,0,1,0,1,0,0,0,1,0,0,1
1346772502,1,1,1,0,0,0,0,1,1,0,0,1,0,1,0,0,0,0,0,0,1
1346772503,1,1,1,0,0,0,0,1,1,0,0,1,0,1,0,0,0,0,1,0,1
1346772504,1,1,1,0,0,0,0,1,1,0,0,1,0,1,0,0,0,0,1,1,1
1346772505,1,1,1,0,0,0,0,1,1,0,0,1,0,1,0,0,0,1,1,1,1
1346772506,1,1,1,0,0,0,0,1,1,0,0,1,0,1,0,0,0,0,1,1,1
1346772507,1,1,1,0,0,0,0,1,1,0,0,1,0,1,0,0,0,1,1,1,1
1346772508,1,1,1,0,0,0,0,1,1,0,0,1,0,1,0,0,0,1,1,1,1
1346772509,1,1,1,0,0,0,0,1,1,0,0,1,0,1,0,0,0,1,1,1,1
1346772510,1,1,1,0,0,0,0,1,1,0,0,1,0,1,0,0,0,0,0,0,1
1346772511,1,1,1,0,0,0,0,1,1,0,0,1,0,1,0,0,0,1,0,0,1
1346772512,1,1,1,0,0,0,0,1,1,0,0,1,0,1,0,0,0,1,1,1,1
1346772513,1,1,1,0,0,0,0,1,1,0,0,1,0,1,0,0,0,1,1,1,1
1346772514,1,1,1,0,0,0,0,1,1,0,0,1,0,1,0,0,0,0,0,0,1
1346772515,1,1,1,0,0,0,0,1,1,0,0,1,0,1,0,0,0,1,0,0,1
1346772516,1,1,1,0,0,0,0,1,1,0,0,1,0,1,0,0,0,0,1,1,1
1346772517,1,1,1,0,0,0,0,1,1,0,0,1,0,1,0,0,0,0,0,0,1
1346772518,1,1,0,1,1,1,0,1,1,0,0,1,0,1,0,0,0,1,1,0,1
1346772519,1,1,1,0,0,0,0,1,1,0,0,1,0,1,0,0,0,1,1,1,1
1346772520,1,1,1,0,0,0,0,1,1,0,0,1,0,1,0,0,0,1,0,0,1
1346772521,1,1,1,0,0,0,0,1,1,0,0,1,0,1,0,0,0,1,1,0,1
1346772522,1,1,1,0,0,0,0,1,1,0,0,1,0,1,0,0,0,1,0,0,1
1346772523,1,1,1,0,0,0,0,1,1,0,0,1,0,1,0,0,0,1,1,0,1
1346772524,1,1,1,0,0,0,0,1,1,0,0,1,0,1,0,0,0,1,1,0,1
1346772525,1,1,1,0,0,0,0,1,1,0,0,1,0,1,0,0,0,1,0,0,1
1346772526,1,1,1,0,0,0,0,1,1,0,0,1,0,1,0,0,0,0,1,0,1
1346772527,1,1,1,0,0,0,0,1,1,0,0,1,0,1,0,0,0,1,1,0,1
1346772528,1,1,1,0,0,0,0,1,1,0,0,1,0,1,0,0,0,1,1,0,1
1346772529,1,1,1,0,0,0,0,1,1,0,0,1,0,1,0,0,0,0,0,0,1
1346772530,1,1,1,0,0,0,0,1,1,0,0,1,0,1,0,0,0,1,1,0,1
1346772531,1,1,1,0,0,0,0,1,1,0,0,1,0,1,0,0,0,0,0,0,1
1346772532,1,1,1,0,0,0,0,1,1,0,0,1,0,1,0,0,0,0,0,0,1
1346772533,1,1,1,0,0,0,0,1,1,0,0,1,0,1,0,1,0,0,1,0,1
1346772534,1,1,1,0,0,0,0,1,1,0,0,1,0,1,0,0,0,0,0,0,1
1346772535,1,1,1,0,0,0,0,1,1,0,0,1,0,1,0,0,0,0,1,0,1
1346772536,1,1,1,0,0,0,0,1,1,0,0,1,0,1,0,0,0,0,1,0,1
1346772537,1,1,1,0,0,0,0,1,1,0,0,1,0,1,0,0,0,0,0,0,1
1346772538,1,1,1,0,0,0,0,1,1,0,0,1,0,1,0,0,0,0,1,1,1
1346772539,1,1,1,0,0,0,0,1,1,0,0,1,0,1,0,1,0,0,0,0,1
1346772540,1,1,1,0,0,0,0,1,1,0,0,1,0,1,0,0,0,0,0,0,1
1346772541,1,1,1,0,0,0,0,1,1,0,0,1,0,1,0,0,0,0,1,1,1
1346772542,1,1,1,0,0,0,0,1,1,0,0,1,0,1,0,0,0,0,1,0,1
1346772543,1,1,1,0,0,0,0,1,1,0,0,1,0,1,0,0,0,0,1,0,1
1346772544,1,1,1,0,0,0,0,1,1,0,0,1,0,1,0,0,0,0,0,0,1
1346772545,1,1,1,0,0,0,0,1,1,0,0,1,0,1,0,0,0,0,1,0,1
1346772546,1,1,1,0,0,0,0,1,1,0,0,1,0,1,0,0,0,0,1,0,1
1346772547,1,1,1,0,0,0,0,1,1,0,0,1,0,1,0,0,0,0,1,0,1
1346772548,1,1,1,0,0,0,0,1,1,0,0,1,0,1,0,1,0,0,1,1,1
1346772549,1,1,1,0,0,0,0,1,1,0,0,1,0,1,0,0,0,0,1,0,1
1346772550,1,1,1,0,0,0,0,1,1,0,0,1,0,1,0,0,0,0,1,0,1
1346772551,1,1,1,0,0,0,0,1,1,0,0,1,0,1,0,0,0,0,1,0,1
1346772552,1,1,1,0,0,0,0,1,1,0,0,1,0,1,0,0,0,0,0,0,1
1346772553,1,1,1,0,0,0,0,1,1,0,0,1,0,1,0,0,0,1,1,1,1
1346772554,1,1,1,0,0,0,0,1,1,0,0,1,0,1,0,0,0,0,1,1,1
1346772555,1,1,1,0,0,0,0,1,1,0,0,1,0,1,0,0,0,1,1,0,1
1346772556,1,1,1,0,0,0,0,1,1,0,0,1,0,1,0,0,0,0,1,1,1
1346772557,1,1,1,0,0,0,0,1,1,0,0,1,0,1,0,0,0,1,1,0,1
1346772558,1,1,1,0,0,0,0,1,1,0,0,1,0,1,0,0,0,0,1,0,1
1346772559,1,1,1,0,0,0,0,1,1,0,0,1,0,1,0,0,0,0,0,0,1
1346772560,1,1,1,0,0,0,0,1,1,0,0,1,0,1,0,0,0,0,1,0,1
1346772561,1,1,1,0,0,0,0,1,1,0,0,1,0,1,0,0,0,0,1,0,1
1346772562,1,1,1,0,0,0,0,1,1,0,0,1,0,1,0,0,0,0,1,0,1
1346772563,1,1,1,0,0,0,0,1,1,0,0,1,0,1,0,1,0,0,0,0,1
1346772564,1,1,1,0,0,0,0,1,1,0,0,1,0,1,0,0,1,0,1,0,1
1346772565,1,1,1,0,0,0,0,1,1,0,0,1,0,1,0,0,0,0,1,0,1
1346772566,1,1,1,0,0,0,0,1,1,0,0,1,0,1,0,0,0,0,1,0,1
1346772567,1,1,1,0,0,0,0,1,1,0,0,1,0,1,0,0,0,0,0,0,1
1346772568,1,1,1,0,0,0,0,1,1,0,0,1,0,1,0,0,0,0,1,0,1
1346772569,1,1,1,0,0,0,0,1,1,0,0,1,0,1,0,0,0,0,1,1,1
1346772570,1,1,1,0,0,0,0,1,1,0,0,1,0,1,0,0,0,0,1,0,1
1346772571,1,1,1,0,0,0,0,1,1,0,0,1,0,1,0,0,0,1,1,1,1
1346772572,1,1,1,0,0,0,0,1,1,0,0,1,0,1,0,1,0,1,1,1,1
1346772573,1,1,1,0,0,0,0,1,1,0,0,1,0,1,0,1,1,1,0,0,1
1346772574,1,1,1,0,0,0,0,1,1,0,0,1,0,1,0,0,0,0,1,1,1
1346772575,1,1,1,0,0,0,0,1,1,0,0,1,0,1,0,0,0,0,1,0,1
1346772576,1,1,1,0,0,0,0,1,1,0,0,1,0,1,0,0,0,0,1,0,1
1346772577,1,1,1,0,0,0,0,1,1,0,0,1,0,1,0,0,0,0,0,0,1
1346772578,1,1,1,0,0,0,0,1,1,0,0,1,0,1,0,1,0,0,1,0,1
1346772579,1,1,1,0,0,0,0,1,1,0,0,1,0,1,0,0,0,0,1,1,1
1346772580,1,1,1,0,0,0,0,1,1,0,0,1,0,1,0,0,0,1,1,1,1
1346772581,1,1,1,0,0,0,0,1,1,0,0,1,0,1,0,0,0,1,1,0,1
1346772582,1,1,1,0,0,0,0,1,1,0,0,1,0,1,0,0,0,0,1,1,1
1346772583,1,1,1,0,0,0,0,1,1,0,0,1,0,1,0,0,0,0,1,0,1
1346772584,1,1,1,0,0,0,0,1,1,0,0,1,0,1,0,0,0,0,0,0,1
1346772585,1,1,1,0,0,0,0,1,1,0,0,1,0,1,0,0,0,0,0,0,1
1346772586,1,1,1,0,0,0,0,1,1,0,0,1,0,1,0,0,0,0,1,1,1
1346772587,1,1,1,0,0,0,0,1,1,0,0,1,0,1,0,0,0,1,1,0,1
1346772588,1,1,1,0,0,0,0,1,1,0,0,1,0,1,0,0,0,0,1,0,1
1346772589,1,1,1,0,0,0,0,1,1,0,0,1,0,1,0,1,0,1,1,1,1
1346772590,1,1,1,0,0,0,0,1,1,0,0,1,0,1,0,0,0,1,1,1,1
1346772591,1,1,1,0,0,0,0,1,1,0,0,1,0,1,0,0,0,1,0,0,1
1346772592,1,1,1,0,0,0,0,1,1,0,0,1,0,1,0,0,0,1,1,0,1
1346772593,1,1,1,0,0,0,0,1,1,0,0,1,0,1,0,0,0,1,1,1,1
1346772594,1,1,1,0,0,0,0,1,1,0,0,1,0,1,0,0,0,0,1,0,1
1346772595,1,1,1,0,0,0,0,1,1,0,0,1,0,1,0,0,1,0,0,0,1
1346772596,1,1,1,0,0,0,0,1,1,0,0,1,0,1,0,0,0,1,0,0,1
1346772597,1,1,1,0,0,0,0,1,1,0,0,1,0,1,0,0,0,0,1,0,1
1346772598,1,1,1,0,0,0,0,1,1,0,0,1,0,1,0,0,0,0,1,1,1
1346772599,1,1,1,0,0,0,0,1,1,0,0,1,0,1,0,0,0,0,1,1,1
1346772600,1,1,1,0,0,0,0,1,1,0,0,1,0,1,0,0,0,1,1,0,1
1346772601,1,1,1,0,0,0,0,1,1,0,0,1,0,1,0,0,0,0,1,1,1
1346772602,1,1,1,0,0,0,0,1,1,0,0,1,0,1,0,0,0,1,1,0,1
1346772603,1,1,1,0,0,0,0,1,1,0,0,1,0,1,0,1,0,0,1,0,1
1346772604,1,1,1,0,0,0,0,1,1,0,0,1,0,1,0,0,0,0,1,0,1
1346772605,1,1,1,0,0,0,0,1,1,0,0,1,0,1,0,1,0,0,1,0,1
1346772606,1,1,1,0,0,0,0,1,1,0,0,1,0,1,0,0,0,0,1,0,1
1346772607,1,1,1,0,0,0,0,1,1,0,0,1,0,1,0,0,0,0,1,0,1
1346772608,1,1,1,0,0,0,0,1,1,0,0,1,0,1,0,0,0,0,1,0,1
1346772609,1,1,1,0,0,0,0,1,1,0,0,1,0,1,0,0,0,0,1,0,1
1346772610,1,1,0,1,1,1,0,1,1,0,0,1,0,1,0,0,0,0,0,0,1
1346772611,1,1,1,0,0,0,0,1,1,0,0,1,0,1,0,0,0,0,1,0,1
1346772612,1,1,1,0,0,0,0,1,1,0,0,1,0,1,0,0,0,0,1,1,1
1346772613,1,1,1,0,0,0,0,1,1,0,0,1,0,1,0,0,0,0,1,0,1
1346772614,1,1,1,0,0,0,0,1,1,0,0,1,0,1,0,0,0,0,1,0,1
1346772615,1,1,1,0,0,0,0,1,1,0,0,1,0,1,0,0,0,0,0,0,1
1346772616,1,1,1,0,0,0,0,1,1,0,0,1,0,1,0,0,0,0,0,0,1
1346772617,1,1,1,0,0,0,0,1,1,0,0,1,0,1,0,0,0,0,1,0,1
1346772618,1,1,1,0,0,0,0,1,1,0,0,1,0,1,0,0,0,0,0,0,1
1346772619,1,1,1,0,0,0,0,1,1,0,0,1,0,1,0,0,0,0,1,0,1
1346772620,1,1,1,0,0,0,0,1,1,0,0,1,0,1,0,0,0,0,1,1,1
1346772621,1,1,1,0,0,0,0,1,1,0,0,1,0,1,0,1,0,0,0,0,1
1346772622,1,1,1,0,0,0,0,1,1,0,0,1,0,1,0,0,0,0,1,0,1
1346772623,1,1,1,0,0,0,0,1,1,0,0,1,0,1,0,0,0,0,1,0,1
1346772624,1,1,0,1,0,0,0,1,1,0,0,1,0,1,0,0,0,0,1,0,1
1346772625,1,1,1,0,0,0,0,1,1,0,0,1,0,1,0,0,0,0,0,0,1
1346772626,1,1,1,0,0,0,0,1,1,0,0,1,0,1,0,0,0,0,1,1,1
1346772627,1,1,1,0,0,0,0,1,1,0,0,1,0,1,0,0,0,0,0,0,1
1346772628,1,1,1,0,0,0,0,1,1,0,0,1,0,1,0,0,0,0,1,0,1
1346772629,1,1,1,0,0,0,0,1,1,0,0,1,0,1,0,0,0,1,1,1,1
1346772630,1,1,1,0,0,0,0,1,1,0,0,1,0,1,0,1,0,0,1,0,1
1346772631,1,1,1,0,0,0,0,1,1,0,0,1,0,1,0,0,0,0,1,0,1
1346772632,1,1,1,0,0,0,0,1,1,0,0,1,0,1,0,0,0,0,1,1,1
1346772633,1,1,1,0,0,0,0,1,1,0,0,1,0,1,0,0,0,0,1,0,1
1346772634,1,1,1,0,0,0,0,1,1,0,0,1,0,1,0,0,0,0,0,0,1
1346772635,1,1,1,0,0,0,0,1,1,0,0,1,0,1,0,0,0,0,1,0,1
1346772636,1,1,1,0,0,0,0,1,1,0,0,1,0,1,0,0,0,0,1,1,1
1346772637,1,1,1,0,0,0,0,1,1,0,0,1,0,1,0,0,0,0,1,1,1
1346772638,1,1,1,0,0,0,0,1,1,0,0,1,0,1,0,1,0,0,1,0,1
1346772639,1,1,1,0,0,0,0,1,1,0,0,1,0,1,0,0,0,0,1,1,1
1346772640,1,1,1,0,0,0,0,1,1,0,0,1,0,1,0,0,0,1,1,0,1
1346772641,1,1,1,0,0,0,0,1,1,0,0,1,0,1,0,1,0,1,0,0,1
1346772642,1,1,1,0,0,0,0,1,1,0,0,1,0,1,0,0,0,0,0,0,1
1346772643,1,1,1,0,0,0,0,1,1,0,0,1,0,1,0,0,0,1,1,0,1
1346772644,1,1,1,0,0,0,0,1,1,0,0,1,0,1,0,0,0,0,0,0,1
1346772645,1,1,1,0,0,0,0,1,1,0,0,1,0,1,0,0,0,0,1,0,1
1346772646,1,1,1,0,0,0,0,1,1,0,0,1,0,1,0,0,0,1,1,1,1
1346772647,1,1,1,0,0,0,0,1,1,0,0,1,0,1,0,0,0,1,1,0,1
1346772648,1,1,0,1,0,0,0,1,1,0,0,1,0,1,0,0,0,1,1,0,1
1346772649,1,1,1,0,0,0,0,1,1,0,0,1,0,1,0,0,0,0,1,1,1
1346772650,1,1,1,0,0,0,0,1,1,0,0,1,0,1,0,0,0,0,1,0,1
1346772651,1,1,1,0,0,0,0,1,1,0,0,1,0,1,0,0,0,0,1,0,1
1346772652,1,1,1,0,0,0,0,1,1,0,0,1,0,1,0,0,0,0,1,0,1
1346772653,1,1,1,0,0,0,0,1,1,0,0,1,0,1,0,0,0,0,1,1,1
1346772654,1,1,1,0,0,0,0,1,1,0,0,1,0,1,0,0,0,1,1,0,1
1346772655,1,1,1,0,0,0,0,1,1,0,0,1,0,1,0,0,0,0,1,0,1
1346772656,1,1,1,0,0,0,0,1,1,0,0,1,0,1,0,0,0,0,1,0,1
1346772657,1,1,1,0,0,0,0,1,1,0,0,1,0,1,0,0,0,1,1,0,1
1346772658,1,1,1,0,0,0,0,1,1,0,0,1,0,1,0,0,0,1,0,0,1
1346772659,1,1,1,0,0,0,0,1,1,0,0,1,0,1,0,0,0,0,1,1,1
1346772660,1,1,1,0,0,0,0,1,1,0,0,1,0,1,0,1,0,0,1,0,1
1346772661,1,1,1,0,0,0,0,1,1,0,0,1,0,1,0,0,0,1,1,0,1
1346772662,1,1,1,0,0,0,0,1,1,0,0,1,0,1,0,1,0,0,0,0,1
1346772663,1,1,1,0,0,0,0,1,1,0,0,1,0,1,0,0,0,0,0,0,1
1346772664,1,1,1,0,0,0,0,1,1,0,0,1,0,1,0,0,0,0,1,0,1
1346772665,1,1,1,0,0,0,0,1,1,0,0,1,0,1,0,0,0,0,1,0,1
1346772666,1,1,1,0,0,0,0,1,1,0,0,1,0,1,0,0,0,0,1,0,1
1346772667,1,1,1,0,0,0,0,1,1,0,0,1,0,1,0,0,0,1,0,0,1
1346772668,1,1,1,0,0,0,0,1,1,0,0,1,0,1,0,0,0,0,1,1,1
1346772669,1,1,1,0,0,0,0,1,1,0,0,1,0,1,0,0,0,0,1,0,1
1346772670,1,1,1,0,0,0,0,1,1,0,0,1,0,1,0,0,0,0,1,0,1
1346772671,1,1,1,0,0,0,0,1,1,0,0,1,0,1,0,0,0,0,1,1,1
1346772672,1,1,1,0,0,0,0,1,1,0,0,1,0,1,0,1,0,1,0,0,1
1346772673,1,1,1,0,0,0,0,1,1,0,0,1,0,1,0,0,0,0,1,0,1
1346772674,1,1,1,0,0,0,0,1,1,0,0,1,0,1,0,0,0,0,0,0,1
1346772675,1,1,1,0,0,0,0,1,1,0,0,1,0,1,0,0,0,1,0,0,1
1346772676,1,1,1,0,0,0,0,1,1,0,0,1,0,1,0,0,0,1,1,0,1
1346772677,1,1,1,0,0,0,0,1,1,0,0,1,0,1,0,0,0,1,0,0,1
1346772678,1,1,1,0,0,0,0,1,1,0,0,1,0,1,0,0,0,1,1,1,1
1346772679,1,1,1,0,0,0,0,1,1,0,0,1,0,1,0,0,0,0,0,0,1
1346772680,1,1,1,0,0,0,0,1,1,0,0,1,0,1,0,0,0,0,1,1,1
1346772681,1,1,1,0,0,0,0,1,1,0,0,1,0,1,0,0,0,0,1,1,1
1346772682,1,1,1,0,0,0,0,1,1,0,0,1,0,1,0,0,0,0,1,0,1
1346772683,1,1,1,0,0,0,0,1,1,0,0,1,0,1,0,0,0,1,1,0,1
1346772684,1,1,1,0,0,0,0,1,1,0,0,1,0,1,0,0,0,1,0,1,1
1346772685,1,1,1,0,0,0,0,1,1,0,0,1,0,1,0,0,0,1,1,1,1
1346772686,1,1,1,0,0,0,0,1,1,0,0,1,0,1,0,0,0,0,1,0,1
1346772687,1,1,1,0,0,0,0,1,1,0,0,1,0,1,0,0,0,0,1,0,1
1346772688,1,1,1,0,0,0,0,1,1,0,0,1,0,1,0,0,0,0,1,0,1
1346772689,1,1,0,1,0,0,0,1,1,0,0,1,0,1,0,0,0,1,1,0,1
1346772690,1,1,1,0,0,0,0,1,1,0,0,1,0,1,0,0,0,0,1,0,1
1346772691,1,1,1,0,0,0,0,1,1,0,0,1,0,1,0,0,0,0,1,0,1
1346772692,1,1,1,0,0,0,0,1,1,0,0,1,0,1,0,0,0,0,1,0,1
1346772693,1,1,1,0,0,0,0,1,1,0,0,1,0,1,0,0,0,0,0,0,1
1346772694,1,1,1,0,0,0,0,1,1,0,0,1,0,1,0,0,0,0,0,0,1
1346772695,1,1,1,0,0,0,0,1,1,0,0,1,0,1,0,0,0,0,0,0,1
1346772696,1,1,1,0,0,0,0,1,1,0,0,1,0,1,0,0,0,0,1,0,1
1346772697,1,1,1,0,0,0,0,1,1,0,0,1,0,1,0,0,0,0,1,0,1
1346772698,1,1,1,0,0,0,0,1,1,0,0,1,0,1,0,0,0,1,0,0,1
1346772699,1,1,1,0,0,0,0,1,1,0,0,1,0,1,0,0,0,0,1,0,1
1346772700,1,1,1,0,0,0,0,1,1,0,0,1,0,1,0,0,0,0,1,0,1
1346772701,1,1,1,0,0,0,0,1,1,0,0,1,0,1,0,0,0,0,1,0,1
1346772702,1,1,1,0,0,0,0,1,1,0,0,1,0,1,0,0,0,0,0,0,1
1346772703,1,1,1,0,0,0,0,1,1,0,0,1,0,1,0,0,0,0,1,0,1
1346772704,1,1,1,0,0,0,0,1,1,0,0,1,1,0,0,0,0,0,1,0,1
1346772705,1,1,1,0,0,0,0,1,1,0,0,1,1,0,0,1,0,0,1,0,1
1346772706,1,1,1,0,0,0,0,1,1,0,0,1,1,0,0,0,0,1,1,0,1
1346772707,1,1,1,0,0,0,0,1,1,0,0,1,0,1,0,0,0,1,1,0,1
1346772708,1,1,1,0,0,0,0,1,1,0,0,1,0,1,0,0,0,0,1,0,1
1346772709,1,1,1,0,0,0,0,1,1,0,0,1,0,1,0,0,0,0,1,0,1
1346772710,1,1,1,0,0,0,0,1,1,0,0,1,0,1,0,0,0,0,0,0,1
1346772711,1,1,1,0,0,0,0,1,1,0,0,1,0,1,0,1,0,0,1,0,1
1346772712,1,1,1,0,0,0,0,1,1,0,0,1,0,1,0,0,0,0,0,0,1
1346772713,1,1,1,0,0,0,0,1,1,0,0,1,0,1,0,0,0,0,1,0,1
1346772714,1,1,1,0,0,0,0,1,1,0,0,1,0,1,0,1,0,0,1,0,1
1346772715,1,1,1,0,0,0,0,1,1,0,0,1,0,1,0,0,0,0,1,0,1
1346772716,1,1,1,0,0,0,0,1,1,0,0,1,0,1,0,1,0,0,1,0,1
1346772717,1,1,1,0,0,0,0,1,1,0,0,1,0,1,0,0,0,0,1,0,1
1346772718,1,1,1,0,0,0,0,1,1,0,0,1,0,1,0,0,0,0,0,0,1
1346772719,1,1,1,0,0,0,0,1,1,0,0,1,0,1,0,0,0,0,1,0,1
1346772720,1,1,1,0,0,0,0,1,1,0,0,1,0,1,0,0,0,0,0,0,1
1346772721,1,1,1,0,0,0,0,1,1,0,0,1,0,1,0,0,0,0,1,0,1
1346772722,1,1,1,0,0,0,0,1,1,0,0,1,0,1,0,0,0,0,1,1,1
1346772723,1,1,1,0,0,0,0,1,1,0,0,1,1,0,0,0,0,0,1,0,1
1346772724,1,1,1,0,0,0,0,1,1,0,0,1,1,0,0,0,0,0,1,0,1
1346772725,1,1,1,0,0,0,0,1,1,0,0,1,0,1,0,0,0,0,1,0,1
1346772726,1,1,1,0,0,0,0,1,1,0,0,1,0,1,0,0,0,0,1,0,1
1346772727,1,1,1,0,0,0,0,1,1,0,0,1,0,1,0,0,0,0,1,0,1
1346772728,1,1,1,0,0,0,0,1,1,0,0,1,0,1,0,0,0,0,0,0,1
1346772729,1,1,0,1,0,0,0,1,1,0,0,1,0,1,0,0,0,0,1,0,1
1346772730,1,1,1,0,0,0,0,1,1,0,0,1,0,1,0,0,0,0,0,0,1
1346772731,1,1,1,0,0,0,0,1,1,0,0,1,0,1,0,0,0,0,1,0,1
1346772732,1,1,1,0,0,0,0,1,1,0,0,1,0,1,0,0,0,0,1,0,1
1346772733,1,1,1,0,0,0,0,1,1,0,0,1,0,1,0,0,0,0,1,0,1
1346772734,1,1,1,0,0,0,0,1,1,0,0,1,0,1,0,0,0,0,0,0,1
1346772735,1,1,1,0,0,0,0,1,1,0,0,1,0,1,0,0,0,0,1,0,1
1346772736,1,1,1,0,0,0,0,1,1,0,0,1,0,1,0,0,0,0,0,0,1
1346772737,1,1,1,0,0,0,0,1,1,0,0,1,0,1,0,0,0,0,0,0,1
1346772738,1,1,1,0,0,0,0,1,1,0,0,1,0,1,0,0,0,0,1,0,1
1346772739,1,1,1,0,0,0,0,1,1,0,0,1,0,1,0,0,0,0,0,0,1
1346772740,1,1,1,0,0,0,0,1,1,0,0,1,0,1,0,0,0,0,0,0,1
1346772741,1,1,1,0,0,0,0,1,1,0,0,1,0,1,0,0,0,0,1,0,1
1346772742,1,1,1,0,0,0,0,1,1,0,0,1,0,1,0,0,0,0,1,0,1
1346772743,1,1,1,0,0,0,0,1,1,0,0,1,0,1,0,0,0,0,0,0,1
1346772744,1,1,1,0,0,0,0,1,1,0,0,1,0,1,0,0,0,0,1,0,1
1346772745,1,1,1,0,0,0,0,1,1,0,0,1,0,1,0,0,0,0,1,0,1
1346772746,1,1,1,0,0,0,0,1,1,0,0,1,0,1,0,0,0,0,0,0,1
1346772747,1,1,1,0,0,0,0,1,1,0,0,1,0,1,0,0,0,1,0,0,1
1346772748,1,1,1,0,0,0,0,1,1,0,0,1,0,1,0,0,0,0,1,0,1
1346772749,1,1,1,0,0,0,0,1,1,0,0,1,0,1,0,0,0,0,1,0,1
1346772750,1,1,1,0,0,0,0,1,1,0,0,1,0,1,0,0,0,0,1,0,1
1346772751,1,1,1,0,0,0,0,1,1,0,0,1,0,1,0,0,0,0,1,0,1
1346772752,1,1,1,0,0,0,0,1,1,0,0,1,0,1,0,0,0,0,1,0,1
1346772753,1,1,1,0,0,0,0,1,1,0,0,1,0,1,0,0,0,1,1,1,1
1346772754,1,1,1,0,0,0,0,1,1,0,0,1,0,1,0,0,0,0,1,0,1
1346772755,1,1,1,0,0,0,0,1,1,0,0,1,0,1,0,0,0,0,0,0,1
1346772756,1,1,1,0,0,0,0,1,1,0,0,1,0,1,0,0,0,1,1,0,1
1346772757,1,1,1,0,0,0,0,1,1,0,0,1,0,1,0,0,0,1,1,1,1
1346772758,1,1,1,0,0,0,0,1,1,0,0,1,0,1,0,0,0,0,0,0,1
1346772759,1,1,1,0,0,0,0,1,1,0,0,1,0,1,0,0,0,0,1,0,1
1346772760,1,1,1,0,0,0,0,1,1,0,0,1,0,1,0,0,0,1,1,1,1
1346772761,1,1,1,0,0,0,0,1,1,0,0,1,0,1,0,0,0,1,0,0,1
1346772762,1,1,1,0,0,0,0,1,1,0,0,1,0,1,0,0,0,0,0,0,1
1346772763,1,1,1,0,0,0,0,1,1,0,0,1,0,1,0,0,0,1,1,1,1
1346772764,1,1,1,0,0,0,0,1,1,0,0,1,0,1,0,0,0,1,1,1,1
1346772765,1,1,1,0,0,0,0,1,1,0,0,1,0,1,0,0,0,0,0,0,1
1346772766,1,1,1,0,0,0,0,1,1,0,0,1,0,1,0,0,0,1,0,1,1
1346772767,1,1,0,1,0,0,0,1,1,0,0,1,0,1,0,0,0,1,1,1,1
1346772768,1,1,1,0,0,0,0,1,1,0,0,1,0,1,0,0,0,0,1,0,1
1346772769,1,1,1,0,0,0,0,1,1,0,0,1,0,1,0,0,0,1,1,0,1
1346772770,1,1,1,0,0,0,0,1,1,0,0,1,0,1,0,0,0,1,1,1,1
1346772771,1,1,1,0,0,0,0,1,1,0,0,1,0,1,0,0,0,0,1,0,1
1346772772,1,1,1,0,0,0,0,1,1,0,0,1,0,1,0,0,0,0,1,0,1
1346772773,1,1,1,0,0,0,0,1,1,0,0,1,0,1,0,0,0,1,0,0,1
1346772774,1,1,1,0,0,0,0,1,1,0,0,1,0,1,0,0,0,0,1,0,1
1346772775,1,1,1,0,0,0,0,1,1,0,0,1,0,1,0,0,0,0,1,0,1
1346772776,1,1,1,0,0,0,0,1,1,0,0,1,0,1,0,0,0,0,1,0,1
1346772777,1,1,1,0,0,0,0,1,1,0,0,1,0,1,0,0,0,0,0,0,1
1346772778,1,1,1,0,0,0,0,1,1,0,0,1,0,1,0,0,0,0,1,0,1
1346772779,1,1,1,0,0,0,0,1,1,0,0,1,0,1,0,0,0,0,1,0,1
1346772780,1,1,1,0,0,0,0,1,1,0,0,1,0,1,0,0,0,0,1,0,1
1346772781,1,1,1,0,0,0,0,1,1,0,0,1,0,1,0,0,0,0,0,0,1
1346772782,1,1,1,0,0,0,0,1,1,0,0,1,0,1,0,0,0,0,1,0,1
1346772783,1,1,1,0,0,0,0,1,1,0,0,1,0,1,0,0,0,0,1,0,1
1346772784,1,1,1,0,0,0,0,1,1,0,0,1,0,1,0,0,0,0,1,0,1
1346772785,1,1,1,0,0,0,0,1,1,0,0,1,0,1,0,0,0,1,0,0,1
1346772786,1,1,1,0,0,0,0,1,1,0,0,1,0,1,0,0,0,1,0,0,1
1346772787,1,1,1,0,0,0,0,1,1,0,0,1,0,1,0,0,0,0,1,0,1
1346772788,1,1,1,0,0,0,0,1,1,0,0,1,0,1,0,0,0,0,1,0,1
1346772789,1,1,1,0,0,0,0,1,1,0,0,1,0,1,0,0,0,1,0,0,1
1346772790,1,1,1,0,0,0,0,1,1,0,0,1,0,1,0,0,0,0,1,0,1
1346772791,1,1,1,0,0,0,0,1,1,0,0,1,0,1,0,0,0,0,1,0,1
1346772792,1,1,1,0,0,0,0,1,1,0,0,1,0,1,0,0,0,1,1,0,1
1346772793,1,1,1,0,0,0,0,1,1,0,0,1,0,1,0,0,0,1,0,0,1
1346772794,1,1,1,0,0,0,0,1,1,0,0,1,0,1,0,0,0,0,1,0,1
1346772795,1,1,1,0,0,0,0,1,1,0,0,1,0,1,0,0,0,1,1,0,1
1346772796,1,1,1,0,0,0,0,1,1,0,0,1,0,1,0,0,0,1,1,0,1
1346772797,1,1,1,0,0,0,0,1,1,0,0,1,0,1,0,0,0,0,1,0,1
1346772798,1,1,1,0,0,0,0,1,1,0,0,1,0,1,0,1,0,0,1,0,1
1346772799,1,1,1,0,0,0,0,1,1,0,0,1,0,1,0,0,0,0,1,0,1
1346772800,1,1,1,0,0,0,0,1,1,0,0,1,0,1,0,0,0,0,1,0,1
1346772801,1,1,1,0,0,0,0,1,1,0,0,1,0,1,0,0,0,0,1,0,1
1346772802,1,1,1,0,0,0,0,1,1,0,0,1,0,1,0,0,0,0,1,0,1
1346772803,1,1,1,0,0,0,0,1,1,0,0,1,0,1,0,0,0,0,1,0,1
1346772804,1,1,1,0,0,0,0,1,1,0,0,1,0,1,0,0,0,0,1,0,1
1346772805,1,1,1,0,0,0,0,1,1,0,0,1,0,1,0,0,0,0,1,0,1
1346772806,1,1,1,0,0,0,0,1,1,0,0,1,0,1,0,0,0,0,1,0,1
1346772807,1,1,1,0,0,0,0,1,1,0,0,1,0,1,0,0,0,1,1,0,1
1346772808,1,1,1,0,0,0,0,1,1,0,0,1,0,1,0,0,0,1,1,0,1
1346772809,1,1,1,0,0,0,0,1,1,0,0,1,0,1,0,0,0,0,0,0,1
1346772810,1,1,1,0,0,0,0,1,1,0,0,1,0,1,0,0,0,0,0,0,1
1346772811,1,1,1,0,0,0,0,1,1,0,0,1,0,1,0,0,0,0,0,0,1
1346772812,1,1,1,0,0,0,0,1,1,0,0,1,0,1,0,0,0,0,0,0,1
1346772813,1,1,1,0,0,0,0,1,1,0,0,1,0,1,0,0,0,1,1,1,1
1346772814,1,1,1,0,0,0,0,1,1,0,0,1,0,1,0,0,0,1,0,0,1
1346772815,1,1,1,0,0,0,0,1,1,0,0,1,0,1,0,0,0,1,1,0,1
1346772816,1,1,1,0,0,0,0,1,1,0,0,1,0,1,0,0,0,0,1,0,1
1346772817,1,1,1,0,0,0,0,1,1,0,0,1,0,1,0,0,0,0,0,0,1
1346772818,1,1,1,0,0,0,0,1,1,0,0,1,0,1,0,0,0,0,1,0,1
1346772819,1,1,1,0,0,0,0,1,1,0,0,1,0,1,0,0,0,0,1,0,1
1346772820,1,1,1,0,0,0,0,1,1,0,0,1,0,1,0,0,0,0,0,0,1
1346772821,1,1,1,0,0,0,0,1,1,0,0,1,0,1,0,0,0,1,1,0,1
1346772822,1,1,1,0,0,0,0,1,1,0,0,1,0,1,0,0,0,1,1,0,1
1346772823,1,1,1,0,0,0,0,1,1,0,0,1,0,1,0,0,0,0,0,0,1
1346772824,1,1,1,0,0,0,0,1,1,0,0,1,0,1,0,0,0,0,0,0,1
1346772825,1,1,1,0,0,0,0,1,1,0,0,1,0,1,0,0,0,0,0,0,1
1346772826,1,1,1,0,0,0,0,1,1,0,0,1,0,1,0,0,0,0,0,0,1
1346772827,1,1,1,0,0,0,0,1,1,0,0,1,0,1,0,0,0,0,1,0,1
1346772828,1,1,1,0,0,0,0,1,1,0,0,1,0,1,0,0,0,1,1,0,1
1346772829,1,1,1,0,0,0,0,1,1,0,0,1,0,1,0,0,0,1,1,0,1
1346772830,1,1,1,0,0,0,0,1,1,0,0,1,0,1,0,0,0,1,0,0,1
1346772831,1,1,1,0,0,0,0,1,1,0,0,1,0,1,0,0,0,0,0,0,1
1346772832,1,1,1,0,0,0,0,1,1,0,0,1,0,1,0,0,0,0,1,1,1
1346772833,1,1,1,0,0,0,0,1,1,0,0,1,0,1,0,0,0,0,1,0,1
1346772834,1,1,1,0,0,0,0,1,1,0,0,1,0,1,0,0,0,0,1,0,1
1346772835,1,1,1,0,0,0,0,1,1,0,0,1,0,1,0,0,0,1,1,1,1
1346772836,1,1,1,0,0,0,0,1,1,0,0,1,0,1,0,0,0,0,1,1,1
1346772837,1,1,1,0,0,0,0,1,1,0,0,1,0,1,0,0,0,0,0,0,1
1346772838,1,1,1,0,0,0,0,1,1,0,0,1,0,1,0,0,0,1,0,0,1
1346772839,1,1,1,0,0,0,0,1,1,0,0,1,0,1,0,0,0,1,0,0,1
1346772840,1,1,1,0,0,0,0,1,1,0,0,1,0,1,0,0,0,0,0,0,1
1346772841,1,1,1,0,0,0,0,1,1,0,0,1,0,1,0,0,0,0,1,0,1
1346772842,1,1,1,0,0,0,0,1,1,0,0,1,0,1,0,0,0,1,1,0,1
1346772843,1,1,1,0,0,0,0,1,1,0,0,1,0,1,0,0,0,1,1,0,1
1346772844,1,1,1,0,0,0,0,1,1,0,0,1,0,1,0,0,0,0,0,0,1
1346772845,1,1,1,0,0,0,0,1,1,0,0,1,0,1,0,0,0,0,1,0,1
1346772846,1,1,0,1,0,0,0,1,1,0,0,1,0,1,0,0,0,1,1,0,1
1346772847,1,1,1,0,0,0,0,1,1,0,0,1,0,1,0,0,0,0,1,0,1
1346772848,1,1,1,0,0,0,0,1,1,0,0,1,0,1,0,0,0,0,0,0,1
1346772849,1,1,1,0,0,0,0,1,1,0,0,1,0,1,0,0,0,0,1,0,1
1346772850,1,1,1,0,0,0,0,1,1,0,0,1,0,1,0,0,0,0,1,0,1
1346772851,1,1,1,0,0,0,0,1,1,0,0,1,0,1,0,0,0,0,1,0,1
1346772852,1,1,1,0,0,0,0,1,1,0,0,1,0,1,0,0,0,0,1,0,1
1346772853,1,1,1,0,0,0,0,1,1,0,0,1,0,1,0,0,0,1,1,0,1
1346772854,1,1,0,1,0,0,0,1,1,0,0,1,0,1,0,0,0,0,1,0,1
1346772855,1,1,1,0,0,0,0,1,1,0,0,1,0,1,0,0,0,0,1,0,1
1346772856,1,1,1,0,0,0,0,1,1,0,0,1,0,1,0,0,0,0,1,0,1
1346772857,1,1,1,0,0,0,0,1,1,0,0,1,0,1,0,1,0,0,1,0,1
1346772858,1,1,1,0,0,0,0,1,1,0,0,1,0,1,0,0,0,0,1,0,1
1346772859,1,1,1,0,0,0,0,1,1,0,0,1,0,1,0,0,0,0,1,0,1
1346772860,1,1,1,0,0,0,0,1,1,0,0,1,0,1,0,0,0,1,0,0,1
1346772861,1,1,1,0,0,0,0,1,1,0,0,1,0,1,0,0,0,0,1,0,1
1346772862,1,1,1,0,0,0,0,1,1,0,0,1,0,1,0,0,0,1,1,1,1
1346772863,1,1,1,0,0,0,0,1,1,0,0,1,0,1,0,0,0,0,1,1,1
1346772864,1,1,1,0,0,0,0,1,1,0,0,1,0,1,0,0,0,0,0,0,1
1346772865,1,1,1,0,0,0,0,1,1,0,0,1,0,1,0,0,0,1,1,1,1
1346772866,1,1,1,0,0,0,0,1,1,0,0,1,0,1,0,0,0,1,1,1,1
1346772867,1,1,1,0,0,0,0,1,1,0,0,1,0,1,0,0,0,0,1,0,1
1346772868,1,1,1,0,0,0,0,1,1,0,0,1,0,1,0,0,0,1,1,1,1
1346772869,1,1,1,0,0,0,0,1,1,0,0,1,0,1,0,0,0,1,1,0,1
1346772870,1,1,1,0,0,0,0,1,1,0,0,1,0,1,0,0,0,0,0,0,1
1346772871,1,1,1,0,0,0,0,1,1,0,0,1,0,1,0,0,0,0,0,0,1
1346772872,1,1,1,0,0,0,0,1,1,0,0,1,0,1,0,0,0,0,0,0,1
1346772873,1,1,1,0,0,0,0,1,1,0,0,1,0,1,0,0,0,0,1,0,1
1346772874,1,1,1,0,0,0,0,1,1,0,0,1,0,1,0,0,0,0,1,0,1
1346772875,1,1,1,0,0,0,0,1,1,0,0,1,0,1,0,0,0,0,0,0,1
1346772876,1,1,1,0,0,0,0,1,1,0,0,1,0,1,0,0,0,0,1,0,1
1346772877,1,1,1,0,0,0,0,1,1,0,0,1,0,1,0,0,0,0,1,0,1
1346772878,1,1,1,0,0,0,0,1,1,0,0,1,0,1,0,0,0,0,0,0,1
1346772879,1,1,1,0,0,0,0,1,1,0,0,1,0,1,0,0,0,0,1,0,1
1346772880,1,1,1,0,0,0,0,1,1,0,0,1,0,1,0,0,0,0,1,0,1
1346772881,1,1,1,0,0,0,0,1,1,0,0,1,0,1,0,0,0,0,1,0,1
1346772882,1,1,1,0,0,0,0,1,1,0,0,1,0,1,0,0,0,0,0,0,1
1346772883,1,1,1,0,0,0,0,1,1,0,0,1,0,1,0,0,0,0,1,0,1
1346772884,1,1,1,0,0,0,0,1,1,0,0,1,0,1,0,0,0,0,1,0,1
1346772885,1,1,1,0,0,0,0,1,1,0,0,1,0,1,0,0,0,0,1,0,1
1346772886,1,1,1,0,0,0,0,1,1,0,0,1,0,1,0,0,0,1,1,1,1
1346772887,1,1,1,0,0,0,0,1,1,0,0,1,0,1,0,0,0,0,1,0,1
1346772888,1,1,1,0,0,0,0,1,1,0,0,1,0,1,0,0,0,0,0,0,1
1346772889,1,1,1,0,0,0,0,1,1,0,0,1,0,1,0,0,0,0,0,0,1
1346772890,1,1,1,0,0,0,0,1,1,0,0,1,0,1,0,0,0,0,0,0,1
1346772891,1,1,1,0,0,0,0,1,1,0,0,1,0,1,0,0,0,0,0,0,1
1346772892,1,1,1,0,0,0,0,1,1,0,0,1,0,1,0,0,0,0,0,0,1
1346772893,1,1,1,0,0,0,0,1,1,0,0,1,0,1,0,0,0,0,0,0,1
1346772894,1,1,1,0,0,0,0,1,1,0,0,1,0,1,0,0,0,0,1,0,1
1346772895,1,1,1,0,0,0,0,1,1,0,0,1,0,1,0,0,0,0,0,0,1
1346772896,1,1,1,0,0,0,0,1,1,0,0,1,0,1,0,0,0,0,1,0,1
1346772897,1,1,1,0,0,0,0,1,1,0,0,1,0,1,0,0,0,0,1,1,1
1346772898,1,1,1,0,0,0,0,1,1,0,0,1,0,1,0,0,0,0,1,0,1
1346772899,1,1,1,0,0,0,0,1,1,0,0,1,0,1,0,0,0,1,0,0,1
1346772900,1,1,1,0,0,0,0,1,1,0,0,1,0,1,0,0,0,0,1,1,1
1346772901,1,1,1,0,0,0,0,1,1,0,0,1,0,1,0,0,0,0,1,0,1
1346772902,1,1,1,0,0,0,0,1,1,0,0,1,0,1,0,0,0,0,0,0,1
1346772903,1,1,1,0,0,0,0,1,1,0,0,1,0,1,0,0,0,1,0,0,1
1346772904,1,1,1,0,0,0,0,1,1,0,0,1,0,1,0,0,0,0,0,0,1
1346772905,1,1,1,0,0,0,0,1,1,0,0,1,0,1,0,0,0,1,1,0,1
1346772906,1,1,1,0,0,0,0,1,1,0,0,1,0,1,0,0,0,1,1,0,1
1346772907,1,1,1,0,0,0,0,1,1,0,0,1,0,1,0,0,0,0,0,0,1
1346772908,1,1,1,0,0,0,0,1,1,0,0,1,0,1,0,0,0,0,1,0,1
1346772909,1,1,1,0,0,0,0,1,1,0,0,1,0,1,0,0,0,1,1,0,1
1346772910,1,1,1,0,0,0,0,1,1,0,0,1,0,1,0,0,0,0,1,0,1
1346772911,1,1,1,0,0,0,0,1,1,0,0,1,0,1,0,0,0,0,0,0,1
1346772912,1,1,1,0,0,0,0,1,1,0,0,1,0,1,0,0,0,1,1,0,1
1346772913,1,1,1,0,0,0,0,1,1,0,0,1,0,1,0,0,0,0,1,0,1
1346772914,1,1,1,0,0,0,0,1,1,0,0,1,0,1,0,0,0,0,0,0,1
1346772915,1,1,1,0,0,0,0,1,1,0,0,1,0,1,0,0,0,0,1,0,1
1346772916,1,1,1,0,0,0,0,1,1,0,0,1,0,1,0,0,0,0,1,0,1
1346772917,1,1,1,0,0,0,0,1,1,0,0,1,0,1,0,0,0,1,1,0,1
1346772918,1,1,1,0,0,0,0,1,1,0,0,1,0,1,0,0,0,1,1,0,1
1346772919,1,1,1,0,0,0,0,1,1,0,0,1,0,1,0,0,0,1,0,0,1
1346772920,1,1,1,0,0,0,0,1,1,0,0,1,0,1,0,0,0,0,0,0,1
1346772921,1,1,1,0,0,0,0,1,1,0,0,1,0,1,0,0,0,0,1,0,1
1346772922,1,1,1,0,0,0,0,1,1,0,0,1,0,1,0,0,0,0,0,0,1
1346772923,1,1,1,0,0,0,0,1,1,0,0,1,0,1,0,0,0,0,1,0,1
1346772924,1,1,1,0,0,0,0,1,1,0,0,1,0,1,0,0,0,0,1,0,1
1346772925,1,1,1,0,0,0,0,1,1,0,0,1,0,1,0,0,0,1,0,0,1
1346772926,1,1,1,0,0,0,0,1,1,0,0,1,0,1,0,0,0,1,1,1,1
1346772927,1,1,1,0,0,0,0,1,1,0,0,1,0,1,0,0,0,0,1,0,1
1346772928,1,1,1,0,0,0,0,1,1,0,0,1,0,1,0,0,0,0,0,0,1
1346772929,1,1,1,0,0,0,0,1,1,0,0,1,0,1,0,0,0,0,1,0,1
1346772930,1,1,1,0,0,0,0,1,1,0,0,1,0,1,0,0,0,0,1,0,1
1346772931,1,1,1,0,0,0,0,1,1,0,0,1,0,1,0,0,0,0,0,0,1
1346772932,1,1,1,0,0,0,0,1,1,0,0,1,0,1,0,0,0,1,0,0,1
1346772933,1,1,1,0,0,0,0,1,1,0,0,1,0,1,0,0,0,1,0,0,1
1346772934,1,1,1,0,0,0,0,1,1,0,0,1,0,1,0,0,0,0,0,0,1
1346772935,1,1,1,0,0,0,0,1,1,0,0,1,0,1,0,0,0,0,0,0,1
1346772936,1,1,1,0,0,0,0,1,1,0,0,1,0,1,0,0,0,0,1,0,1
1346772937,1,1,1,0,0,0,0,1,1,0,0,1,0,1,0,0,0,0,1,0,1
1346772938,1,1,1,0,0,0,0,1,1,0,0,1,0,1,0,0,0,1,1,0,1
1346772939,1,1,1,0,0,0,0,1,1,0,0,1,0,1,0,0,0,1,1,0,1
1346772940,1,1,0,1,1,0,0,1,1,0,0,1,0,1,0,0,0,1,1,0,1
1346772941,1,1,1,0,0,0,0,1,1,0,0,1,0,1,0,0,0,0,1,0,1
1346772942,1,1,1,0,0,0,0,1,1,0,0,1,0,1,0,0,0,0,1,0,1
1346772943,1,1,1,0,0,0,0,1,1,0,0,1,0,1,0,0,0,1,0,0,1
1346772944,1,1,1,0,0,0,0,1,1,0,0,1,0,1,0,0,0,0,0,0,1
1346772945,1,1,1,0,0,0,0,1,1,0,0,1,0,1,0,0,0,0,0,0,1
1346772946,1,1,1,0,0,0,0,1,1,0,0,1,0,1,0,1,0,1,1,1,1
1346772947,1,1,1,0,0,0,0,1,1,0,0,1,0,1,0,0,0,0,1,0,1
1346772948,1,1,0,1,0,0,0,1,1,0,0,1,0,1,0,0,0,0,0,0,1
1346772949,1,1,1,0,0,0,0,1,1,0,0,1,0,1,0,0,0,1,1,0,1
1346772950,1,1,1,0,0,0,0,1,1,0,0,1,0,1,0,1,0,0,1,1,1
1346772951,1,1,1,0,0,0,0,1,1,0,0,1,0,1,0,0,0,0,1,0,1
1346772952,1,1,1,0,0,0,0,1,1,0,0,1,0,1,0,0,0,1,0,1,1
1346772953,1,1,1,0,0,0,0,1,1,0,0,1,0,1,0,0,0,0,1,0,1
1346772954,1,1,1,0,0,0,0,1,1,0,0,1,0,1,0,0,0,1,1,0,1
1346772955,1,1,1,0,0,0,0,1,1,0,0,1,0,1,0,0,0,1,1,0,1
1346772956,1,1,0,1,1,0,0,1,1,0,0,1,0,1,0,0,0,0,1,0,1
1346772957,1,1,1,0,0,0,0,1,1,0,0,1,0,1,0,0,0,0,0,0,1
1346772958,1,1,1,0,0,0,0,1,1,0,0,1,0,1,0,0,0,0,1,0,1
1346772959,1,1,1,0,0,0,0,1,1,0,0,1,0,1,0,0,0,1,1,0,1
1346772960,1,1,1,0,0,0,0,1,1,0,0,1,0,1,0,0,0,1,0,0,1
1346772961,1,1,1,0,0,0,0,1,1,0,0,1,0,1,0,0,0,0,1,0,1
1346772962,1,1,1,0,0,0,0,1,1,0,0,1,0,1,0,0,0,0,1,0,1
1346772963,1,1,1,0,0,0,0,1,1,0,0,1,0,1,0,0,0,0,1,0,1
1346772964,1,1,1,0,0,0,0,1,1,0,0,1,0,1,0,0,0,0,1,0,1
1346772965,1,1,1,0,0,0,0,1,1,0,0,1,0,1,0,0,0,0,1,0,1
1346772966,1,1,1,0,0,0,0,1,1,0,0,1,0,1,0,0,0,1,1,0,1
1346772967,1,1,1,0,0,0,0,1,1,0,0,1,0,1,0,0,0,1,0,0,1
1346772968,1,1,1,0,0,0,0,1,1,0,0,1,0,1,0,0,0,0,1,0,1
1346772969,1,1,1,0,0,0,0,1,1,0,0,1,0,1,0,0,0,1,0,0,1
1346772970,1,1,1,0,0,0,0,1,1,0,0,1,0,1,0,0,0,0,1,0,1
1346772971,1,1,1,0,0,0,0,1,1,0,0,1,0,1,0,0,0,0,0,0,1
1346772972,1,1,1,0,0,0,0,1,1,0,0,1,0,1,0,0,0,0,1,1,1
1346772973,1,1,1,0,0,0,0,1,1,0,0,1,0,1,0,0,0,0,1,0,1
1346772974,1,1,1,0,0,0,0,1,1,0,0,1,0,1,0,0,0,0,0,0,1
1346772975,1,1,1,0,0,0,0,1,1,0,0,1,0,1,0,0,0,0,1,0,1
1346772976,1,1,1,0,0,0,0,1,1,0,0,1,0,1,0,0,0,1,1,1,1
1346772977,1,1,1,0,0,0,0,1,1,0,0,1,0,1,0,0,0,0,0,0,1
1346772978,1,1,1,0,0,0,0,1,1,0,0,1,0,1,0,0,0,1,0,1,1
1346772979,1,1,1,0,0,0,0,1,1,0,0,1,0,1,0,0,0,1,1,1,1
1346772980,1,1,1,0,0,0,0,1,1,0,0,1,0,1,0,0,0,0,1,0,1
1346772981,1,1,1,0,0,0,0,1,1,0,0,1,0,1,0,0,0,1,1,0,1
1346772982,1,1,1,0,0,0,0,1,1,0,0,1,0,1,0,0,0,1,0,0,1
1346772983,1,1,1,0,0,0,0,1,1,0,0,1,0,1,0,0,0,0,0,0,1
1346772984,1,1,1,0,0,0,0,1,1,0,0,1,0,1,0,0,0,0,1,0,1
1346772985,1,1,1,0,0,0,0,1,1,0,0,1,0,1,0,0,0,1,1,0,1
1346772986,1,1,1,0,0,0,0,1,1,0,0,1,0,1,0,0,0,0,0,0,1
1346772987,1,1,1,0,0,0,0,1,1,0,0,1,0,1,0,0,0,0,1,0,1
1346772988,1,1,1,0,0,0,0,1,1,0,0,1,0,1,0,0,0,0,1,0,1
1346772989,1,1,1,0,0,0,0,1,1,0,0,1,0,1,0,0,0,1,1,0,1
1346772990,1,1,1,0,0,0,0,1,1,0,0,1,0,1,0,0,0,0,0,0,1
1346772991,1,1,1,0,0,0,0,1,1,0,0,1,0,1,0,0,0,0,1,0,1
1346772992,1,1,1,0,0,0,0,1,1,0,0,1,0,1,0,0,0,1,1,0,1
1346772993,1,1,1,0,0,0,0,1,1,0,0,1,0,1,0,0,0,0,1,0,1
1346772994,1,1,1,0,0,0,0,1,1,0,0,1,0,1,0,0,0,0,0,0,1
1346772995,1,1,1,0,0,0,0,1,1,0,0,1,0,1,0,0,0,0,1,0,1
1346772996,1,1,1,0,0,0,0,1,1,0,0,1,0,1,0,0,0,0,1,0,1
1346772997,1,1,1,0,0,0,0,1,1,0,0,1,0,1,0,0,0,0,1,0,1
1346772998,1,1,1,0,0,0,0,1,1,0,0,1,0,1,0,0,0,0,0,0,1
1346772999,1,1,1,0,0,0,0,1,1,0,0,1,0,1,0,0,0,0,1,0,1
1346773000,1,1,1,0,0,0,0,1,1,0,0,1,0,1,0,0,0,0,1,0,1
1346773001,1,1,1,0,0,0,0,1,1,0,0,1,0,1,0,0,0,0,1,0,1
1346773002,1,1,0,1,0,0,0,1,1,0,0,1,0,1,0,0,0,0,1,0,1
1346773003,1,1,1,0,0,0,0,1,1,0,0,1,0,1,0,0,0,0,1,0,1
1346773004,1,1,1,0,0,0,0,1,1,0,0,1,0,1,0,0,0,0,0,0,1
1346773005,1,1,1,0,0,0,0,1,1,0,0,1,0,1,0,0,0,0,0,0,1
1346773006,1,1,1,0,0,0,0,1,1,0,0,1,0,1,0,0,0,0,1,0,1
1346773007,1,1,1,0,0,0,0,1,1,0,0,1,0,1,0,0,0,0,0,0,1
1346773008,1,1,1,0,0,0,0,1,1,0,0,1,0,1,0,0,0,0,1,0,1
1346773009,1,1,1,0,0,0,0,1,1,0,0,1,0,1,0,0,0,1,1,0,1
1346773010,1,1,1,0,0,0,0,1,1,0,0,1,0,1,0,0,0,0,1,0,1
1346773011,1,1,1,0,0,0,0,1,1,0,0,1,0,1,0,0,0,0,1,0,1
1346773012,1,1,1,0,0,0,0,1,1,0,0,1,0,1,0,0,0,0,1,0,1
1346773013,1,1,1,0,0,0,0,1,1,0,0,1,0,1,0,0,0,1,1,0,1
1346773014,1,1,1,0,0,0,0,1,1,0,0,1,0,1,0,1,0,1,1,0,1
1346773015,1,1,1,0,0,0,0,1,1,0,0,1,0,1,0,1,1,0,1,0,1
1346773016,1,1,1,0,0,0,0,1,1,0,0,1,0,1,1,0,1,0,1,0,1
1346773017,1,1,1,0,0,0,0,1,1,0,0,1,0,1,1,1,1,1,0,0,1
1346773018,1,1,1,0,0,0,0,1,1,0,0,1,0,1,0,1,1,0,1,0,1
1346773019,1,1,1,0,0,0,0,1,1,0,0,1,0,1,0,1,1,0,1,0,1
1346773020,1,1,1,0,0,0,0,1,1,0,0,1,0,1,0,0,0,0,0,0,1
1346773021,0,1,0,1,0,0,0,1,1,0,0,1,0,1,0,0,0,0,1,0,0
1346773022,1,1,1,0,0,0,0,1,1,0,0,1,0,1,0,0,0,0,1,1,1
1346773023,1,1,1,0,0,0,0,1,1,0,0,1,0,1,0,0,0,1,1,1,1
1346773024,1,1,1,0,0,0,0,1,1,0,0,1,0,1,0,0,0,1,1,1,1
1346773025,1,1,1,0,0,0,0,1,1,0,0,1,0,1,0,0,0,1,1,1,1
1346773026,1,1,1,0,0,0,0,1,1,0,0,1,0,1,0,0,0,1,1,1,1
1346773027,1,1,1,0,0,0,0,1,1,0,0,1,0,1,0,0,0,1,1,1,1
1346773028,1,1,1,0,0,0,0,1,1,0,0,1,0,1,0,0,0,1,1,1,1
1346773029,1,1,1,0,0,0,0,1,1,0,0,1,0,1,0,0,0,1,0,1,1
1346773030,1,1,1,0,0,0,0,1,1,0,0,1,0,1,0,0,0,1,0,0,1
1346773031,1,1,1,0,0,0,0,1,1,0,0,1,0,1,0,0,0,0,0,0,1
1346773032,1,1,1,0,0,0,0,1,1,0,0,1,0,1,0,0,0,1,0,0,1
1346773033,1,1,1,0,0,0,0,1,1,0,0,1,0,1,0,0,0,1,1,1,1
1346773034,1,1,1,0,0,0,0,1,1,0,0,1,0,1,0,0,0,1,1,1,1
1346773035,1,1,1,0,0,0,0,1,1,0,0,1,0,1,0,0,0,1,0,0,1
1346773036,1,1,1,0,0,0,0,1,1,0,0,1,0,1,0,0,0,1,0,0,1
1346773037,1,1,1,0,0,0,0,1,1,0,0,1,0,1,0,0,0,0,0,0,1
1346773038,1,1,1,0,0,0,0,1,1,0,0,1,0,1,0,0,0,0,0,0,1
1346773039,1,1,1,0,0,0,0,1,1,0,0,1,0,1,0,0,0,0,0,0,1
1346773040,1,1,1,0,0,0,0,1,1,0,0,1,0,1,0,0,0,0,0,0,1
1346773041,1,1,1,0,0,0,0,1,1,0,0,1,0,1,0,0,0,1,0,0,1
1346773042,1,1,1,0,0,0,0,1,1,0,0,1,0,1,0,0,0,1,0,0,1
1346773043,1,1,1,0,0,0,0,1,1,0,0,1,0,1,0,0,0,1,1,0,1
1346773044,1,1,1,0,0,0,0,1,1,0,0,1,0,1,0,0,0,0,1,0,1
1346773045,1,1,1,0,0,0,0,1,1,0,0,1,0,1,0,0,0,0,0,0,1
1346773046,1,1,1,0,0,0,0,1,1,0,0,1,0,1,0,0,0,0,1,0,1
1346773047,1,1,1,0,0,0,0,1,1,0,0,1,0,1,0,0,0,0,1,0,1
1346773048,1,1,1,0,0,0,0,1,1,0,0,1,0,1,0,0,0,0,0,0,1
1346773049,1,1,1,0,0,0,0,1,1,0,0,1,0,1,0,0,0,1,1,0,1
1346773050,1,1,1,0,0,0,0,1,1,0,0,1,0,1,0,0,0,1,1,1,1
1346773051,1,1,1,0,0,0,0,1,1,0,0,1,0,1,0,0,0,1,0,0,1
1346773052,1,1,1,0,0,0,0,1,1,0,0,1,0,1,0,0,0,0,1,1,1
1346773053,1,1,1,0,0,0,0,1,1,0,0,1,0,1,0,0,0,0,1,1,1
1346773054,1,1,1,0,0,0,0,1,1,0,0,1,0,1,0,0,0,0,1,0,1
1346773055,1,1,0,1,0,0,0,1,1,0,0,1,0,1,0,0,0,0,1,0,1
1346773056,1,1,1,0,0,0,0,1,1,0,0,1,0,1,0,1,0,0,0,0,1
1346773057,1,1,1,0,0,0,0,1,1,0,0,1,0,1,0,0,0,0,0,0,1
1346773058,1,1,1,0,0,0,0,1,1,0,0,1,0,1,0,0,0,1,1,0,1
1346773059,1,1,1,0,0,0,0,1,1,0,0,1,0,1,0,0,0,1,1,0,1
1346773060,1,1,1,0,0,0,0,1,1,0,0,1,0,1,0,0,0,1,1,0,1
1346773061,1,1,1,0,0,0,0,1,1,0,0,1,0,1,0,0,0,1,0,0,1
1346773062,1,1,1,0,0,0,0,1,1,0,0,1,0,1,0,0,0,0,0,0,1
1346773063,1,1,1,0,0,0,0,1,1,0,0,1,0,1,0,0,0,1,0,0,1
1346773064,1,1,1,0,0,0,0,1,1,0,0,1,0,1,0,0,0,1,1,1,1
1346773065,1,1,1,0,0,0,0,1,1,0,0,1,0,1,0,0,0,1,1,1,1
1346773066,1,1,1,0,0,0,0,1,1,0,0,1,0,1,0,0,0,0,0,0,1
1346773067,1,1,1,0,0,0,0,1,1,0,0,1,0,1,0,0,0,1,1,1,1
1346773068,1,1,1,0,0,0,0,1,1,0,0,1,0,1,0,0,0,1,1,1,1
1346773069,1,1,1,0,0,0,0,1,1,0,0,1,0,1,0,0,0,0,0,0,1
1346773070,1,1,1,0,0,0,0,1,1,0,0,1,0,1,0,0,0,0,0,0,1
1346773071,1,1,1,0,0,0,0,1,1,0,0,1,0,1,0,0,0,1,0,0,1
1346773072,1,1,1,0,0,0,0,1,1,0,0,1,0,1,0,0,0,0,1,1,1
1346773073,1,1,1,0,0,0,0,1,1,0,0,1,0,1,0,0,0,1,0,0,1
1346773074,1,1,1,0,0,0,0,1,1,0,0,1,0,1,0,0,0,1,1,1,1
1346773075,1,1,1,0,0,0,0,1,1,0,0,1,0,1,0,0,0,0,0,0,1
1346773076,1,1,1,0,0,0,0,1,1,0,0,1,0,1,0,0,0,0,0,0,1
1346773077,1,1,1,0,0,0,0,1,1,0,0,1,0,1,0,0,0,1,0,0,1
1346773078,1,1,1,0,0,0,0,1,1,0,0,1,0,1,0,0,0,1,0,0,1
1346773079,1,1,1,0,0,0,0,1,1,0,0,1,0,1,0,0,0,0,1,0,1
1346773080,1,1,1,0,0,0,0,1,1,0,0,1,0,1,0,0,0,1,1,0,1
1346773081,1,1,1,0,0,0,0,1,1,0,0,1,0,1,0,0,0,1,1,0,1
1346773082,1,1,1,0,0,0,0,1,1,0,0,1,0,1,0,0,0,0,1,0,1
1346773083,1,1,1,0,0,0,0,1,1,0,0,1,0,1,0,1,0,0,0,0,1
1346773084,1,1,1,0,0,0,0,1,1,0,0,1,0,1,0,0,0,0,1,0,1
1346773085,1,1,1,0,0,0,0,1,1,0,0,1,0,1,0,1,0,0,1,1,1
1346773086,1,1,1,0,0,0,0,1,1,0,0,1,0,1,0,0,0,1,0,0,1
1346773087,1,1,1,0,0,0,0,1,1,0,0,1,0,1,0,1,0,0,1,1,1
1346773088,1,1,1,0,0,0,0,1,1,0,0,1,0,1,0,1,0,0,1,1,1
1346773089,1,1,1,0,0,0,0,1,1,0,0,1,0,1,0,0,0,1,1,1,1
1346773090,1,1,1,0,0,0,0,1,1,0,0,1,0,1,0,0,0,1,0,0,1
1346773091,1,1,1,0,0,0,0,1,1,0,0,1,0,1,0,0,0,1,1,1,1
1346773092,1,1,1,0,0,0,0,1,1,0,0,1,0,1,0,0,0,0,1,1,1
1346773093,1,1,1,0,0,0,0,1,1,0,0,1,0,1,0,0,0,1,1,1,1
1346773094,1,1,1,0,0,0,0,1,1,0,0,1,0,1,0,0,0,1,1,1,1
1346773095,1,1,1,0,0,0,0,1,1,0,0,1,0,1,0,1,0,0,1,1,1
1346773096,1,1,1,0,0,0,0,1,1,0,0,1,0,1,0,0,0,1,1,1,1
1346773097,1,1,0,1,0,0,0,1,1,0,0,1,0,1,0,1,0,1,0,0,1
1346773098,1,1,1,0,0,0,0,1,1,0,0,1,0,1,0,0,0,1,1,1,1
1346773099,1,1,1,0,0,0,0,1,1,0,0,1,0,1,0,1,0,0,1,0,1
1346773100,1,1,1,0,0,0,0,1,1,0,0,1,0,1,0,0,0,0,1,1,1
1346773101,1,1,1,0,0,0,0,1,1,0,0,1,0,1,0,0,0,1,1,0,1
1346773102,1,1,1,0,0,0,0,1,1,0,0,1,0,1,0,0,0,0,1,0,1
1346773103,1,1,1,0,0,0,0,1,1,0,0,1,0,1,0,0,0,0,1,0,1
1346773104,1,1,1,0,0,0,0,1,1,0,0,1,0,1,0,1,0,0,1,1,1
1346773105,1,1,1,0,0,0,0,1,1,0,0,1,0,1,0,0,0,1,1,1,1
1346773106,1,1,1,0,0,0,0,1,1,0,0,1,0,1,0,0,0,1,1,1,1
1346773107,1,1,1,0,0,0,0,1,1,0,0,1,0,1,0,0,0,0,1,1,1
1346773108,1,1,1,0,0,0,0,1,1,0,0,1,0,1,0,0,0,0,1,1,1
1346773109,1,1,1,0,0,0,0,1,1,0,0,1,0,1,0,0,1,0,0,0,1
1346773110,1,1,1,0,0,0,0,1,1,0,0,1,0,1,0,0,0,0,1,0,1
1346773111,1,1,1,0,0,0,0,1,1,0,0,1,0,1,0,0,0,1,0,0,1
1346773112,1,1,1,0,0,0,0,1,1,0,0,1,0,1,0,1,0,0,0,0,1
1346773113,1,1,1,0,0,0,0,1,1,0,0,1,0,1,0,0,0,1,1,1,1
1346773114,1,1,1,0,0,0,0,1,1,0,0,1,0,1,0,0,0,0,1,1,1
1346773115,1,1,1,0,0,0,0,1,1,0,0,1,0,1,0,0,0,1,1,1,1
1346773116,1,1,1,0,0,0,0,1,1,0,0,1,0,1,0,0,0,0,1,1,1
1346773117,1,1,1,0,0,0,0,1,1,0,0,1,0,1,0,0,0,1,1,1,1
1346773118,1,1,1,0,0,0,0,1,1,0,0,1,0,1,0,0,0,0,1,0,1
1346773119,1,1,1,0,0,0,0,1,1,0,0,1,0,1,0,0,0,0,1,1,1
1346773120,1,1,1,0,0,0,0,1,1,0,0,1,0,1,0,0,0,0,1,1,1
1346773121,1,1,1,0,0,0,0,1,1,0,0,1,0,1,0,0,0,1,1,1,1
1346773122,1,1,1,0,0,0,0,1,1,0,0,1,0,1,0,0,0,1,1,1,1
1346773123,1,1,1,0,0,0,0,1,1,0,0,1,0,1,0,0,0,0,1,1,1
1346773124,1,1,1,0,0,0,0,1,1,0,0,1,0,1,0,0,0,0,1,1,1
1346773125,1,1,1,0,0,0,0,1,1,0,0,1,0,1,0,0,0,1,1,0,1
1346773126,1,1,1,0,0,0,0,1,1,0,0,1,0,1,0,0,0,1,1,1,1
1346773127,1,1,1,0,0,0,0,1,1,0,0,1,0,1,0,0,0,0,0,0,1
1346773128,1,1,1,0,0,0,0,1,1,0,0,1,0,1,0,1,0,0,0,0,1
1346773129,1,1,1,0,0,0,0,1,1,0,0,1,0,1,0,0,0,0,0,0,1
1346773130,1,1,1,0,0,0,0,1,1,0,0,1,0,1,0,1,0,1,0,0,1
1346773131,1,1,1,0,0,0,0,1,1,0,0,1,0,1,0,1,0,1,1,0,1
1346773132,1,1,1,0,0,0,0,1,1,0,0,1,0,1,0,0,0,0,1,1,1
1346773133,1,1,1,0,0,0,0,1,1,0,0,1,0,1,0,0,0,0,1,1,1
1346773134,1,1,1,0,0,0,0,1,1,0,0,1,0,1,0,0,0,0,1,1,1
1346773135,1,1,1,0,0,0,0,1,1,0,0,1,0,1,0,0,0,0,0,0,1
1346773136,1,1,1,0,0,0,0,1,1,0,0,1,0,1,0,0,0,0,1,1,1
1346773137,1,1,1,0,0,0,0,1,1,0,0,1,0,1,0,0,0,0,1,0,1
1346773138,1,1,1,0,0,0,0,1,1,0,0,1,0,1,0,1,0,0,1,1,1
1346773139,1,1,1,0,0,0,0,1,1,0,0,1,0,1,0,0,0,1,1,0,1
1346773140,1,1,1,0,0,0,0,1,1,0,0,1,0,1,0,0,0,0,1,1,1
1346773141,1,1,1,0,0,0,0,1,1,0,0,1,0,1,0,1,0,1,0,0,1
1346773142,1,1,1,0,0,0,0,1,1,0,0,1,0,1,0,1,0,1,1,1,1
1346773143,1,1,1,0,0,0,0,1,1,0,0,1,0,1,0,1,1,0,1,1,1
1346773144,1,1,1,0,0,0,0,1,1,0,0,1,0,1,0,0,1,1,0,0,1
1346773145,1,1,1,0,0,0,0,1,1,0,0,1,0,1,1,0,1,1,1,0,1
1346773146,1,1,1,0,0,0,0,1,1,0,0,1,0,1,0,1,1,0,1,1,1
1346773147,1,1,1,0,0,0,1,0,1,0,0,1,0,1,0,1,1,0,1,1,1
1346773148,1,1,1,0,0,0,1,0,1,0,0,1,0,1,0,0,0,1,0,0,1
1346773149,1,1,1,0,0,0,1,0,1,0,0,1,0,1,0,0,0,1,1,1,1
1346773150,1,1,1,0,0,0,1,0,1,0,0,1,0,1,0,0,1,1,1,1,1
1346773151,1,1,1,0,0,0,1,0,1,0,0,1,0,1,0,0,0,1,1,1,1
1346773152,1,1,1,0,0,0,1,0,1,0,0,1,0,1,0,0,0,1,1,1,1
1346773153,1,1,1,0,0,0,1,0,1,0,0,1,0,1,0,0,0,1,1,0,1
1346773154,1,1,1,0,0,0,1,0,1,0,0,1,0,1,0,0,0,1,1,1,1
1346773155,1,1,1,0,0,0,1,0,1,0,0,1,0,1,0,0,0,1,1,1,1
1346773156,1,1,1,0,0,0,1,0,1,0,0,1,0,1,0,0,0,1,1,1,1
1346773157,1,1,1,0,0,0,1,0,1,0,0,1,0,1,0,0,0,1,1,1,1
1346773158,1,1,1,0,0,0,1,0,1,0,0,1,0,1,0,0,0,1,1,0,1
1346773159,1,1,1,0,0,0,1,0,1,0,0,1,0,1,0,0,0,1,1,1,1
1346773160,1,1,1,0,0,0,1,0,1,0,0,1,0,1,0,0,0,1,1,1,1
1346773161,1,1,1,0,0,0,1,0,1,0,1,0,0,1,0,0,0,0,1,0,1
1346773162,1,1,1,0,0,0,1,0,1,0,1,0,0,1,0,0,0,0,1,0,1
1346773163,1,1,1,0,0,0,1,0,1,0,1,0,0,1,0,0,0,0,0,0,1
1346773164,1,1,1,0,0,0,1,0,1,0,1,0,0,1,0,0,0,0,0,0,1
1346773165,1,1,1,0,0,0,1,0,1,0,1,0,0,1,0,0,0,0,1,1,1
1346773166,1,1,1,0,0,0,1,0,1,0,1,0,0,1,0,0,0,0,1,0,1
1346773167,1,1,1,0,0,0,1,0,1,0,1,0,0,1,0,0,0,1,0,0,1
1346773168,1,1,1,0,0,0,1,0,1,0,1,0,0,1,0,0,0,1,0,0,1
1346773169,1,1,1,0,0,0,1,0,1,0,1,0,0,1,0,0,0,1,0,0,1
1346773170,1,1,1,0,0,0,1,0,1,0,1,0,0,1,0,0,0,0,0,0,1
1346773171,1,1,1,0,0,0,1,0,1,0,1,0,0,1,0,0,0,0,0,0,1
1346773172,1,1,1,0,0,0,1,0,1,0,1,0,0,1,0,0,0,0,1,0,1
1346773173,1,1,1,0,0,0,1,0,1,0,1,0,0,1,0,0,0,0,0,0,1
1346773174,1,1,1,0,0,0,1,0,1,0,1,0,0,1,0,0,0,0,0,0,1
1346773175,1,1,1,0,0,0,1,0,1,0,1,0,0,1,0,0,0,0,0,0,1
1346773176,1,1,1,0,0,0,1,0,1,0,1,0,0,1,0,0,0,0,1,1,1
1346773177,1,1,1,0,0,0,1,0,1,0,1,0,0,1,0,0,0,0,1,0,1
1346773178,1,1,1,0,0,0,1,0,1,0,1,0,0,1,0,0,0,0,1,1,1
1346773179,1,1,1,0,0,0,1,0,1,0,1,0,0,1,0,0,0,0,1,1,1
1346773180,1,1,1,0,0,0,1,0,1,0,1,0,0,1,0,0,0,0,1,1,1
1346773181,1,1,1,0,0,0,1,0,1,0,1,0,0,1,0,0,0,0,1,0,1
1346773182,1,1,1,0,0,0,1,0,1,0,1,0,0,1,0,0,0,1,0,0,1
1346773183,1,1,1,0,0,0,1,0,1,0,1,0,0,1,0,0,0,0,0,0,1
1346773184,1,1,1,0,0,0,1,0,1,0,1,0,0,1,0,0,0,0,1,0,1
1346773185,1,1,1,0,0,0,1,0,1,0,1,0,0,1,0,0,0,1,0,0,1
1346773186,1,1,1,0,0,0,1,0,1,0,1,0,0,1,0,0,0,0,1,0,1
1346773187,1,1,1,0,0,0,1,0,1,0,1,0,0,1,0,0,0,1,1,1,1
1346773188,1,1,1,0,0,0,1,0,1,0,1,0,0,1,0,0,0,1,1,1,1
1346773189,1,1,1,0,0,0,1,0,1,0,1,0,0,1,0,0,0,0,0,0,1
1346773190,1,1,1,0,0,0,1,0,1,0,1,0,0,1,0,1,0,1,0,0,1
1346773191,1,1,1,0,0,0,1,0,1,0,1,0,0,1,0,0,0,1,1,0,1
1346773192,1,1,1,0,0,0,1,0,1,0,1,0,0,1,0,1,1,1,1,0,1
1346773193,1,1,1,0,0,0,1,0,1,0,1,0,0,1,0,1,0,0,1,0,1
1346773194,1,1,1,0,0,0,1,0,1,0,1,0,0,1,0,1,0,0,0,0,1
1346773195,1,1,1,0,0,0,1,0,1,0,1,0,0,1,0,0,1,0,1,0,1
1346773196,1,1,1,0,0,0,1,0,1,0,1,0,0,1,0,1,1,0,1,0,1
1346773197,1,1,1,0,0,0,1,0,1,0,1,0,0,1,0,0,0,1,0,0,1
1346773198,1,1,1,0,0,0,1,0,1,0,1,0,0,1,0,0,0,1,1,0,1
1346773199,1,1,1,0,0,0,1,0,1,0,1,0,0,1,0,0,0,0,0,0,1
1346773200,1,1,1,0,0,0,1,0,1,0,1,0,0,1,0,0,0,1,0,0,1
1346773201,1,1,1,0,0,0,1,0,1,0,1,0,0,1,0,0,0,1,1,1,1
1346773202,1,1,1,0,0,0,1,0,1,0,1,0,0,1,0,0,0,0,1,0,1
1346773203,1,1,1,0,0,0,1,0,1,0,1,0,0,1,0,0,0,1,1,0,1
1346773204,1,1,1,0,0,0,1,0,1,0,1,0,0,1,0,0,0,1,1,0,1
1346773205,1,1,1,0,0,0,1,0,1,0,1,0,0,1,0,0,0,1,1,0,1
1346773206,1,1,1,0,0,0,1,0,1,0,1,0,0,1,0,0,0,0,1,0,1
1346773207,1,1,1,0,0,0,1,0,1,0,1,0,0,1,0,0,0,1,1,1,1
1346773208,1,1,1,0,0,0,1,0,1,0,1,0,0,1,0,0,0,1,0,0,1
1346773209,1,1,1,0,0,0,1,0,1,0,1,0,0,1,0,0,0,0,0,0,1
1346773210,1,1,1,0,0,0,1,0,1,0,1,0,0,1,0,0,0,0,0,0,1
1346773211,1,1,0,1,0,0,1,0,1,0,1,0,0,1,0,0,0,1,1,0,1
1346773212,1,1,1,0,0,0,1,0,1,0,1,0,0,1,0,1,0,0,1,0,1
1346773213,1,1,1,0,0,0,1,0,1,0,1,0,0,1,0,0,0,1,1,0,1
1346773214,1,1,1,0,0,0,1,0,1,0,1,0,0,1,0,0,0,0,1,0,1
1346773215,1,1,1,0,0,0,1,0,1,0,1,0,0,1,0,0,0,0,1,0,1
1346773216,1,1,1,0,0,0,1,0,1,0,1,0,0,1,0,0,0,1,1,0,1
1346773217,1,1,1,0,0,0,1,0,1,0,1,0,0,1,0,0,0,0,1,0,1
1346773218,1,1,1,0,0,0,1,0,1,0,1,0,0,1,0,0,0,0,1,0,1
1346773219,1,1,1,0,0,0,1,0,1,0,1,0,0,1,0,0,0,1,0,0,1
1346773220,1,1,1,0,0,0,1,0,1,0,1,0,0,1,0,1,0,1,0,0,1
1346773221,1,1,1,0,0,0,1,0,1,0,1,0,0,1,0,0,0,0,1,1,1
1346773222,1,1,1,0,0,0,1,0,1,0,1,0,0,1,0,0,0,0,0,0,1
1346773223,1,1,1,0,0,0,1,0,1,0,1,0,0,1,0,0,0,0,0,0,1
1346773224,1,1,1,0,0,0,1,0,1,0,1,0,0,1,0,0,0,0,0,0,1
1346773225,1,1,1,0,0,0,1,0,1,0,1,0,0,1,0,0,0,0,0,0,1
1346773226,1,1,1,0,0,0,1,0,1,0,1,0,0,1,0,0,0,0,1,0,1
1346773227,1,1,1,0,0,0,1,0,1,0,1,0,0,1,0,0,0,0,0,0,1
1346773228,1,1,1,0,0,0,1,0,1,0,1,0,0,1,0,0,0,1,1,1,1
1346773229,1,1,1,0,0,0,1,0,1,0,1,0,0,1,0,0,0,0,1,1,1
1346773230,1,1,1,0,0,0,1,0,1,0,1,0,0,1,1,0,0,0,1,1,1
1346773231,1,1,1,0,0,0,1,0,1,0,1,0,0,1,0,0,0,1,1,0,1
1346773232,1,1,1,0,0,0,1,0,1,0,1,0,0,1,0,0,0,0,1,0,1
1346773233,1,1,1,0,0,0,1,0,1,0,1,0,0,1,0,0,0,0,1,0,1
1346773234,1,1,1,0,0,0,1,0,1,0,1,0,0,1,0,1,0,0,1,0,1
1346773235,1,1,1,0,0,0,1,0,1,0,1,0,0,1,0,1,1,1,1,0,1
1346773236,1,1,1,0,0,0,1,0,1,0,1,0,0,1,0,0,1,0,1,0,1
1346773237,1,1,1,0,0,0,1,0,1,0,1,0,0,1,1,0,1,1,0,0,1
1346773238,1,1,1,0,0,0,1,0,1,0,1,0,0,1,1,0,1,1,0,0,1
1346773239,1,1,1,0,0,0,1,0,1,0,1,0,0,1,1,0,1,1,1,0,1
1346773240,1,1,1,0,0,0,1,0,1,0,1,0,0,1,1,0,1,0,0,0,1
1346773241,1,1,1,0,0,0,1,0,1,0,1,0,0,1,0,1,1,1,1,0,1
1346773242,1,1,1,0,0,0,1,0,0,1,1,0,0,1,1,0,1,0,1,1,1
1346773243,1,1,1,0,0,0,1,0,0,1,1,0,0,1,1,0,1,1,1,1,1
1346773244,1,1,1,0,0,0,1,0,0,1,1,0,0,1,1,0,1,1,0,1,1
1346773245,1,1,1,0,0,0,1,0,0,1,1,0,0,1,1,1,1,1,1,1,1
1346773246,1,1,1,0,0,0,1,0,0,1,1,0,0,1,0,1,1,1,1,1,1
1346773247,1,1,1,0,0,0,1,0,0,1,1,0,0,1,0,0,0,1,1,1,1
1346773248,1,1,1,0,0,0,1,0,0,1,1,0,0,1,0,0,1,0,1,1,1
1346773249,1,1,1,0,0,0,1,0,0,1,1,0,0,1,0,1,0,0,1,1,1
1346773250,1,1,1,0,0,0,1,0,0,1,1,0,0,1,0,1,0,0,1,1,1
1346773251,1,1,0,1,0,0,1,0,0,1,1,0,0,1,0,0,0,1,1,1,1
1346773252,1,1,1,0,0,0,1,0,0,1,1,0,0,1,0,0,0,1,1,1,1
1346773253,1,1,1,0,0,0,1,0,0,1,1,0,1,0,0,0,0,1,1,1,1
1346773254,1,1,1,0,0,0,1,0,0,1,1,0,1,0,0,0,0,1,1,0,1
1346773255,1,1,1,0,0,0,1,0,0,1,1,0,1,0,0,0,0,0,1,0,1
1346773256,1,1,1,0,0,0,1,0,0,1,1,0,1,0,0,0,0,1,1,0,1
1346773257,1,1,1,0,0,0,1,0,0,1,0,1,1,0,0,0,0,1,1,1,1
1346773258,1,1,1,0,0,0,1,0,0,1,0,1,1,0,0,0,0,1,1,1,1
1346773259,1,1,1,0,0,0,1,0,0,1,0,1,1,0,0,0,0,0,1,1,1
1346773260,1,1,1,0,0,0,1,0,0,1,0,1,1,0,0,0,0,1,0,0,1
1346773261,1,1,1,0,0,0,1,0,0,1,1,0,1,0,0,0,0,1,0,0,1
1346773262,1,1,1,0,0,0,1,0,0,1,1,0,1,0,0,1,0,1,0,0,1
1346773263,1,1,1,0,0,0,1,0,0,1,1,0,1,0,0,0,0,1,1,0,1
1346773264,1,1,1,0,0,0,1,0,0,1,1,0,1,0,0,0,0,1,1,1,1
1346773265,1,1,1,0,0,0,1,0,0,1,1,0,1,0,0,0,0,1,0,0,1
1346773266,1,1,1,0,0,0,1,0,0,1,1,0,1,0,0,0,0,0,0,0,1
1346773267,1,1,1,0,0,0,1,0,0,1,1,0,1,0,0,0,0,1,0,0,1
1346773268,1,1,1,0,0,0,1,0,0,1,1,0,1,0,0,0,0,1,0,0,1
1346773269,1,1,1,0,0,0,1,0,0,1,1,0,1,0,0,0,0,0,1,0,1
1346773270,1,1,1,0,0,0,1,0,0,1,1,0,1,0,0,0,0,0,1,1,1
1346773271,1,1,1,0,0,0,1,0,0,1,1,0,1,0,0,0,0,0,1,1,1
1346773272,1,1,1,0,0,0,1,0,0,1,1,0,1,0,0,0,0,0,0,0,1
1346773273,1,1,1,0,0,0,1,0,0,1,1,0,1,0,0,0,0,1,1,0,1
1346773274,1,1,1,0,0,0,1,0,0,1,1,0,1,0,0,0,0,1,1,1,1
1346773275,1,1,1,0,0,0,1,0,0,1,1,0,1,0,0,0,0,0,1,0,1
1346773276,1,1,1,0,0,0,1,0,0,1,1,0,1,0,0,0,0,0,0,0,1
1346773277,1,1,1,0,0,0,1,0,0,1,1,0,1,0,0,0,0,0,1,0,1
1346773278,1,1,1,0,0,0,1,0,0,1,1,0,1,0,0,0,0,0,1,0,1
1346773279,1,1,1,0,0,0,1,0,0,1,1,0,1,0,0,0,0,0,1,0,1
1346773280,1,1,0,1,0,0,1,0,0,1,1,0,1,0,0,0,0,0,1,0,1
1346773281,1,1,1,0,0,0,1,0,0,1,1,0,1,0,0,0,0,0,1,0,1
1346773282,1,1,1,0,0,0,1,0,0,1,1,0,1,0,0,0,0,1,1,0,1
1346773283,1,1,1,0,0,0,1,0,0,1,1,0,1,0,0,0,0,0,1,1,1
1346773284,1,1,1,0,0,0,1,0,0,1,1,0,1,0,0,0,0,0,0,0,1
1346773285,1,1,1,0,0,0,1,0,0,1,1,0,1,0,0,0,0,0,0,0,1
1346773286,1,1,1,0,0,0,1,0,0,1,1,0,1,0,0,0,0,0,1,0,1
1346773287,1,1,1,0,0,0,1,0,0,1,1,0,1,0,0,0,0,0,0,0,1
1346773288,1,1,1,0,0,0,1,0,0,1,1,0,1,0,0,0,0,0,0,0,1
1346773289,1,1,1,0,0,0,1,0,0,1,1,0,1,0,0,0,0,1,0,0,1
1346773290,1,1,1,0,0,0,1,0,0,1,1,0,1,0,0,0,0,0,0,0,1
1346773291,1,1,1,0,0,0,1,0,0,1,1,0,1,0,0,0,0,0,0,0,1
1346773292,1,1,1,0,0,0,1,0,0,1,1,0,1,0,0,0,0,1,0,0,1
1346773293,1,1,1,0,0,0,1,0,0,1,1,0,1,0,0,0,0,1,1,0,1
1346773294,1,1,1,0,0,0,1,0,0,1,1,0,1,0,0,0,0,0,1,1,1
1346773295,1,1,0,1,0,0,1,0,0,1,1,0,1,0,0,0,0,1,0,0,1
1346773296,1,1,1,0,0,0,1,0,0,1,1,0,1,0,0,0,0,1,1,0,1
1346773297,1,1,1,0,0,0,1,0,0,1,1,0,1,0,0,0,0,0,1,1,1
1346773298,1,1,1,0,0,0,1,0,0,1,1,0,1,0,0,0,0,1,1,1,1
1346773299,1,1,1,0,0,0,1,0,0,1,1,0,1,0,0,0,0,1,1,0,1
1346773300,1,1,1,0,0,0,1,0,0,1,1,0,1,0,0,0,0,0,1,0,1
1346773301,1,1,1,0,0,0,1,0,0,1,1,0,1,0,0,0,0,1,1,1,1
1346773302,1,1,1,0,0,0,1,0,0,1,1,0,1,0,0,0,0,1,1,1,1
1346773303,1,1,1,0,0,0,1,0,0,1,1,0,1,0,0,0,0,0,0,0,1
1346773304,1,1,1,0,0,0,1,0,0,1,1,0,1,0,0,0,0,1,1,1,1
1346773305,1,1,1,0,0,0,1,0,0,1,1,0,1,0,0,0,0,1,1,1,1
1346773306,1,1,1,0,0,0,1,0,0,1,1,0,1,0,0,0,0,0,1,0,1
1346773307,1,1,1,0,0,0,1,0,0,1,1,0,1,0,0,0,0,1,0,0,1
1346773308,1,1,1,0,0,0,1,0,0,1,1,0,1,0,0,0,0,0,1,0,1
1346773309,1,1,0,1,1,1,1,0,0,1,1,0,1,0,0,1,0,0,1,1,1
1346773310,1,1,1,0,0,0,1,0,0,1,1,0,1,0,0,0,0,1,1,1,1
1346773311,1,1,1,0,0,0,1,0,0,1,1,0,1,0,0,0,0,0,0,0,1
1346773312,1,1,1,0,0,0,1,0,0,1,1,0,1,0,0,1,0,1,1,0,1
1346773313,1,1,1,0,0,0,1,0,0,1,1,0,1,0,0,0,0,1,1,0,1
1346773314,1,1,1,0,0,0,1,0,0,1,1,0,1,0,0,0,0,0,1,1,1
1346773315,1,1,1,0,0,0,1,0,0,1,1,0,1,0,0,0,0,1,0,0,1
1346773316,1,1,1,0,0,0,1,0,0,1,1,0,1,0,0,0,0,1,1,0,1
1346773317,1,1,1,0,0,0,1,0,0,1,0,1,1,0,0,0,0,1,1,1,1
1346773318,1,1,1,0,0,0,1,0,0,1,1,0,1,0,0,0,0,1,1,1,1
1346773319,1,1,1,0,0,0,1,0,0,1,1,0,1,0,0,0,0,1,1,0,1
1346773320,1,1,1,0,0,0,1,0,0,1,1,0,1,0,0,0,0,1,1,1,1
1346773321,1,1,1,0,0,0,1,0,0,1,1,0,1,0,0,0,0,1,1,1,1
1346773322,1,1,1,0,0,0,1,0,0,1,1,0,1,0,0,0,0,0,1,0,1
1346773323,1,1,1,0,0,0,1,0,0,1,1,0,1,0,0,0,0,0,1,0,1
1346773324,1,1,1,0,0,0,1,0,0,1,1,0,1,0,0,0,0,0,1,1,1
1346773325,1,1,1,0,0,0,1,0,0,1,1,0,1,0,0,0,0,0,0,0,1
1346773326,1,1,1,0,0,0,1,0,0,1,1,0,1,0,0,0,0,0,1,1,1
1346773327,1,1,1,0,0,0,1,0,0,1,1,0,1,0,0,0,0,1,0,0,1
1346773328,1,1,1,0,0,0,1,0,0,1,1,0,1,0,0,0,0,0,1,1,1
1346773329,1,1,1,0,0,0,1,0,0,1,1,0,1,0,0,1,0,0,1,1,1
1346773330,1,1,1,0,0,0,1,0,0,1,1,0,1,0,0,1,1,1,1,0,1
1346773331,1,1,1,0,0,0,1,0,0,1,0,1,1,0,0,1,1,1,1,0,1
1346773332,1,1,1,0,0,0,1,0,0,1,1,0,1,0,0,1,1,0,1,1,1
1346773333,1,1,1,0,0,0,1,0,0,1,1,0,1,0,1,1,1,0,0,0,1
1346773334,1,1,1,0,0,0,1,0,0,1,1,0,1,0,0,1,1,1,0,0,1
1346773335,1,1,1,0,0,0,1,0,0,1,1,0,1,0,0,1,0,1,1,1,1
1346773336,1,1,1,0,0,0,1,0,0,1,1,0,1,0,0,0,1,0,1,0,1
1346773337,1,1,1,0,0,0,1,0,0,1,1,0,1,0,0,0,0,1,1,1,1
1346773338,1,1,1,0,0,0,1,0,0,1,1,0,1,0,0,0,0,0,1,1,1
1346773339,1,1,1,0,0,0,1,0,0,1,1,0,1,0,0,0,0,1,1,1,1
1346773340,1,1,1,0,0,0,1,0,0,1,1,0,1,0,0,0,0,1,0,1,1
1346773341,1,1,1,0,0,0,1,0,0,1,1,0,1,0,0,0,0,1,1,1,1
1346773342,1,1,1,0,0,0,1,0,0,1,1,0,1,0,0,0,0,1,1,1,1
1346773343,1,1,1,0,0,0,1,0,0,1,1,0,1,0,0,0,0,0,1,1,1
1346773344,1,1,1,0,0,0,1,0,0,1,1,0,1,0,0,0,0,1,1,0,1
1346773345,1,1,1,0,0,0,1,0,0,1,1,0,1,0,0,0,0,1,1,0,1
1346773346,1,1,1,0,0,0,1,0,1,0,1,0,1,0,0,0,0,0,1,1,1
1346773347,1,1,1,0,0,0,1,0,1,0,1,0,1,0,0,0,0,0,1,0,1
1346773348,1,1,1,0,0,0,1,0,1,0,1,0,1,0,0,0,0,0,1,0,1
1346773349,1,1,1,0,0,0,1,0,1,0,1,0,1,0,0,0,0,1,1,0,1
1346773350,1,1,1,0,0,0,1,0,1,0,1,0,1,0,0,0,0,0,0,0,1
1346773351,1,1,1,0,0,0,1,0,1,0,1,0,1,0,0,0,0,0,0,0,1
1346773352,1,1,1,0,0,0,1,0,1,0,1,0,1,0,0,0,0,0,1,0,1
1346773353,1,1,1,0,0,0,1,0,1,0,1,0,1,0,0,0,0,1,1,0,1
1346773354,1,1,1,0,0,0,1,0,1,0,1,0,1,0,0,0,0,1,1,0,1
1346773355,1,1,1,0,0,0,1,0,1,0,1,0,1,0,0,0,0,0,1,0,1
1346773356,1,1,1,0,0,0,1,0,1,0,1,0,1,0,0,0,0,0,1,0,1
1346773357,1,1,1,0,0,0,1,0,1,0,1,0,1,0,0,0,0,1,1,0,1
1346773358,1,1,1,0,0,0,1,0,1,0,1,0,1,0,0,0,0,0,0,0,1
1346773359,1,1,1,0,0,0,1,0,1,0,1,0,1,0,0,0,0,1,0,0,1
1346773360,1,1,1,0,0,0,1,0,1,0,1,0,1,0,0,0,0,1,1,0,1
1346773361,1,1,1,0,0,0,1,0,1,0,1,0,1,0,0,0,0,0,1,0,1
1346773362,1,1,1,0,0,0,1,0,1,0,1,0,1,0,0,0,0,1,0,0,1
1346773363,1,1,1,0,0,0,1,0,1,0,1,0,1,0,0,0,0,1,0,0,1
1346773364,1,1,1,0,0,0,1,0,1,0,1,0,1,0,0,0,0,1,1,0,1
1346773365,1,1,1,0,0,0,1,0,1,0,1,0,1,0,0,0,0,0,1,0,1
1346773366,1,1,1,0,0,0,1,0,1,0,1,0,1,0,0,0,0,1,1,0,1
1346773367,1,1,1,0,0,0,1,0,1,0,1,0,1,0,0,0,0,0,1,0,1
1346773368,1,1,1,0,0,0,1,0,1,0,1,0,1,0,0,0,0,1,0,0,1
1346773369,1,1,1,0,0,0,1,0,1,0,1,0,1,0,0,0,0,1,0,0,1
1346773370,1,1,1,0,0,0,1,0,1,0,1,0,1,0,0,0,0,0,0,0,1
1346773371,1,1,1,0,0,0,1,0,1,0,1,0,1,0,0,0,0,0,0,0,1
1346773372,1,1,1,0,0,0,1,0,1,0,1,0,1,0,0,0,0,1,0,0,1
1346773373,1,1,1,0,0,0,1,0,1,0,1,0,1,0,0,0,0,1,0,0,1
1346773374,1,1,1,0,0,0,1,0,1,0,1,0,1,0,0,0,0,0,1,0,1
1346773375,1,1,1,0,0,0,1,0,1,0,1,0,1,0,0,0,0,1,1,0,1
1346773376,1,1,1,0,0,0,1,0,1,0,1,0,1,0,0,0,0,1,1,0,1
1346773377,1,1,1,0,0,0,1,0,1,0,1,0,1,0,0,0,0,0,1,0,1
1346773378,1,1,1,0,0,0,1,0,1,0,1,0,1,0,0,0,0,1,1,0,1
1346773379,1,1,1,0,0,0,1,0,1,0,1,0,1,0,0,0,0,1,0,0,1
1346773380,1,1,0,1,1,1,1,0,1,0,1,0,1,0,0,0,0,0,0,0,1
1346773381,1,1,1,0,0,0,1,0,1,0,1,0,1,0,0,0,0,0,1,0,1
1346773382,1,1,1,0,0,0,1,0,1,0,1,0,1,0,0,0,0,1,1,0,1
1346773383,1,1,1,0,0,0,1,0,1,0,1,0,1,0,0,0,0,0,1,0,1
1346773384,1,1,1,0,0,0,1,0,1,0,1,0,1,0,0,0,0,0,1,0,1
1346773385,1,1,1,0,0,0,1,0,1,0,1,0,1,0,0,0,0,1,1,0,1
1346773386,1,1,1,0,0,0,1,0,1,0,1,0,1,0,0,0,0,1,1,0,1
1346773387,1,1,1,0,0,0,1,0,1,0,1,0,1,0,0,0,0,0,0,0,1
1346773388,1,1,1,0,0,0,1,0,1,0,1,0,1,0,0,0,0,1,1,0,1
1346773389,1,1,1,0,0,0,1,0,1,0,1,0,1,0,0,0,0,0,1,0,1
1346773390,1,1,1,0,0,0,1,0,1,0,1,0,1,0,0,0,0,0,1,0,1
1346773391,1,1,1,0,0,0,1,0,1,0,1,0,1,0,0,0,0,0,1,0,1
1346773392,1,1,1,0,0,0,1,0,1,0,1,0,1,0,0,0,0,0,1,0,1
1346773393,1,1,1,0,0,0,1,0,1,0,1,0,1,0,0,0,0,0,1,0,1
1346773394,1,1,1,0,0,0,1,0,1,0,1,0,1,0,0,0,0,0,1,0,1
1346773395,1,1,1,0,0,0,1,0,1,0,1,0,1,0,0,0,0,1,0,0,1
1346773396,1,1,1,0,0,0,1,0,1,0,1,0,1,0,0,0,0,0,1,0,1
1346773397,1,1,1,0,0,0,1,0,1,0,1,0,1,0,0,0,0,0,1,0,1
1346773398,1,1,1,0,0,0,1,0,1,0,1,0,1,0,0,0,0,1,1,0,1
1346773399,1,1,1,0,0,0,1,0,1,0,1,0,1,0,0,0,0,0,0,0,1
1346773400,1,1,1,0,0,0,1,0,1,0,1,0,1,0,0,0,0,0,1,0,1
1346773401,1,1,1,0,0,0,1,0,1,0,1,0,1,0,0,0,0,0,1,0,1
1346773402,1,1,1,0,0,0,1,0,1,0,1,0,1,0,0,0,0,0,0,0,1
1346773403,1,1,1,0,0,0,1,0,1,0,1,0,1,0,0,0,0,0,0,0,1
1346773404,1,1,1,0,0,0,1,0,1,0,1,0,1,0,0,0,0,0,0,0,1
1346773405,1,1,1,0,0,0,1,0,1,0,1,0,1,0,0,0,0,0,0,0,1
1346773406,1,1,1,0,0,0,1,0,1,0,1,0,1,0,0,0,0,0,0,0,1
1346773407,1,1,1,0,0,0,1,0,1,0,1,0,1,0,0,0,0,0,1,0,1
1346773408,1,1,1,0,0,0,1,0,1,0,1,0,1,0,0,0,0,0,1,0,1
1346773409,1,1,1,0,0,0,1,0,1,0,1,0,1,0,0,0,0,0,1,0,1
1346773410,1,1,1,0,0,0,1,0,1,0,1,0,1,0,0,0,0,0,1,0,1
1346773411,1,1,1,0,0,0,1,0,1,0,1,0,1,0,0,0,0,0,1,0,1
1346773412,1,1,1,0,0,0,1,0,1,0,1,0,1,0,0,0,0,1,1,0,1
1346773413,1,1,1,0,0,0,1,0,1,0,1,0,1,0,0,0,0,0,0,0,1
1346773414,1,1,1,0,0,0,1,0,1,0,1,0,1,0,0,0,0,0,0,0,1
1346773415,1,1,1,0,0,0,1,0,1,0,1,0,1,0,0,0,0,1,1,0,1
1346773416,1,1,1,0,0,0,1,0,1,0,1,0,1,0,0,0,0,1,1,0,1
1346773417,1,1,1,0,0,0,1,0,1,0,1,0,1,0,0,0,0,0,0,0,1
1346773418,1,1,1,0,0,0,1,0,1,0,1,0,1,0,0,0,0,0,1,0,1
1346773419,1,1,1,0,0,0,1,0,1,0,1,0,1,0,0,0,0,1,1,0,1
1346773420,1,1,1,0,0,0,1,0,1,0,1,0,1,0,0,0,0,0,1,0,1
1346773421,1,1,1,0,0,0,1,0,1,0,1,0,1,0,0,0,0,0,1,0,1
1346773422,1,1,1,0,0,0,1,0,1,0,1,0,1,0,0,0,0,1,1,0,1
1346773423,1,1,1,0,0,0,1,0,1,0,1,0,1,0,0,0,0,1,1,0,1
1346773424,1,1,1,0,0,0,1,0,1,0,1,0,1,0,0,0,0,0,1,0,1
1346773425,1,1,1,0,0,0,1,0,1,0,1,0,1,0,0,0,0,1,1,0,1
1346773426,1,1,1,0,0,0,1,0,1,0,1,0,1,0,0,0,0,1,1,0,1
1346773427,1,1,1,0,0,0,1,0,1,0,1,0,1,0,0,0,0,0,1,0,1
1346773428,1,1,1,0,0,0,1,0,1,0,1,0,1,0,0,0,0,1,1,0,1
1346773429,1,1,1,0,0,0,1,0,1,0,1,0,1,0,0,0,0,0,0,0,1
1346773430,1,1,1,0,0,0,1,0,1,0,1,0,1,0,0,0,0,0,1,0,1
1346773431,1,1,1,0,0,0,1,0,1,0,1,0,1,0,0,0,0,0,1,0,1
1346773432,1,1,1,0,0,0,1,0,1,0,1,0,1,0,0,1,0,0,1,0,1
1346773433,1,1,1,0,0,0,1,0,1,0,1,0,1,0,0,0,0,0,0,0,1
1346773434,1,1,1,0,0,0,1,0,1,0,1,0,1,0,0,0,0,0,1,0,1
1346773435,1,1,1,0,0,0,1,0,1,0,1,0,1,0,0,0,0,0,1,0,1
1346773436,1,1,1,0,0,0,1,0,1,0,1,0,1,0,0,1,0,0,1,0,1
1346773437,1,1,1,0,0,0,1,0,1,0,1,0,1,0,0,0,0,0,1,0,1
1346773438,1,1,1,0,0,0,1,0,1,0,1,0,1,0,0,0,0,0,1,0,1
1346773439,1,1,1,0,0,0,1,0,1,0,1,0,1,0,0,0,0,1,1,0,1
1346773440,1,1,1,0,0,0,1,0,1,0,1,0,1,0,0,0,0,1,1,0,1
1346773441,1,1,1,0,0,0,1,0,1,0,1,0,1,0,0,0,0,0,0,0,1
1346773442,1,1,1,0,0,0,1,0,1,0,1,0,1,0,0,0,0,0,1,0,1
1346773443,1,1,1,0,0,0,1,0,1,0,1,0,1,0,0,0,0,1,1,0,1
1346773444,1,1,1,0,0,0,1,0,1,0,1,0,1,0,0,0,0,0,1,0,1
1346773445,1,1,1,0,0,0,1,0,1,0,1,0,1,0,0,0,0,0,0,0,1
1346773446,1,1,1,0,0,0,1,0,1,0,1,0,1,0,0,0,0,0,1,0,1
1346773447,1,1,1,0,0,0,1,0,1,0,1,0,1,0,0,0,0,0,1,0,1
1346773448,1,1,1,0,0,0,1,0,1,0,1,0,1,0,0,0,0,0,1,0,1
1346773449,1,1,1,0,0,0,1,0,1,0,1,0,1,0,0,0,0,0,1,0,1
1346773450,1,1,1,0,0,0,1,0,1,0,1,0,1,0,0,0,0,0,1,0,1
1346773451,1,1,1,0,0,0,1,0,1,0,1,0,1,0,0,0,0,0,1,0,1
1346773452,1,1,1,0,0,0,1,0,1,0,1,0,1,0,0,0,0,0,0,0,1
1346773453,1,1,1,0,0,0,1,0,1,0,1,0,1,0,0,0,0,0,0,0,1
1346773454,1,1,1,0,0,0,1,0,1,0,1,0,1,0,0,0,0,0,0,0,1
1346773455,1,1,1,0,0,0,1,0,1,0,1,0,1,0,0,1,0,0,1,0,1
1346773456,1,1,1,0,0,0,1,0,1,0,1,0,1,0,0,0,1,0,0,0,1
1346773457,1,1,1,0,0,0,1,0,0,1,1,0,1,0,1,1,1,0,1,0,1
1346773458,1,1,1,0,0,0,1,0,0,1,1,0,1,0,0,1,1,0,1,0,1
1346773459,1,1,1,0,0,0,1,0,0,1,1,0,1,0,0,1,0,1,0,0,1
1346773460,1,1,1,0,0,0,1,0,0,1,1,0,1,0,0,0,0,0,1,0,1
1346773461,1,1,1,0,0,0,1,0,0,1,1,0,1,0,0,0,0,1,1,0,1
1346773462,1,1,1,0,0,0,1,0,0,1,1,0,1,0,0,0,0,1,0,0,1
1346773463,1,1,1,0,0,0,1,0,0,1,1,0,0,1,0,0,0,1,1,0,1
1346773464,1,1,1,0,0,0,1,0,0,1,1,0,0,1,0,0,0,1,1,1,1
1346773465,1,1,1,0,0,0,1,0,0,1,1,0,0,1,0,0,0,1,1,1,1
1346773466,1,1,1,0,0,0,1,0,0,1,1,0,1,0,0,0,0,1,1,1,1
1346773467,1,1,1,0,0,0,1,0,0,1,1,0,1,0,0,0,0,1,1,0,1
1346773468,1,1,1,0,0,0,1,0,0,1,1,0,1,0,0,0,0,1,1,1,1
1346773469,1,1,1,0,0,0,1,0,0,1,1,0,1,0,0,0,0,1,1,1,1
1346773470,1,1,1,0,0,0,1,0,0,1,1,0,1,0,0,0,0,1,1,0,1
1346773471,1,1,0,1,0,0,1,0,0,1,1,0,1,0,0,0,0,0,1,0,1
1346773472,1,1,1,0,0,0,1,0,0,1,1,0,1,0,0,0,0,1,0,0,1
1346773473,1,1,1,0,0,0,1,0,0,1,1,0,1,0,0,0,0,0,0,0,1
1346773474,1,1,0,1,0,0,1,0,0,1,1,0,1,0,0,0,0,0,0,0,1
1346773475,1,1,1,0,0,0,1,0,0,1,1,0,1,0,0,0,0,0,0,0,1
1346773476,1,1,1,0,0,0,1,0,0,1,1,0,1,0,0,0,0,1,1,0,1
1346773477,1,1,1,0,0,0,1,0,0,1,1,0,1,0,0,0,0,0,0,0,1
1346773478,1,1,1,0,0,0,1,0,0,1,1,0,1,0,0,0,0,0,1,0,1
1346773479,1,1,1,0,0,0,1,0,0,1,1,0,1,0,0,0,0,0,0,0,1
1346773480,1,1,1,0,0,0,1,0,0,1,1,0,1,0,0,0,0,0,1,1,1
1346773481,1,1,1,0,0,0,1,0,0,1,1,0,1,0,0,0,0,0,1,0,1
1346773482,1,1,1,0,0,0,1,0,0,1,1,0,1,0,0,0,0,0,1,0,1
1346773483,1,1,1,0,0,0,1,0,0,1,1,0,1,0,0,0,0,0,0,0,1
1346773484,1,1,1,0,0,0,1,0,0,1,1,0,1,0,0,0,0,0,0,0,1
1346773485,1,1,1,0,0,0,1,0,0,1,1,0,1,0,0,0,0,0,0,0,1
1346773486,1,1,1,0,0,0,1,0,0,1,1,0,1,0,0,0,0,0,0,0,1
1346773487,1,1,1,0,0,0,1,0,0,1,1,0,1,0,0,0,0,0,1,0,1
1346773488,1,1,1,0,0,0,1,0,0,1,1,0,1,0,0,0,0,0,1,0,1
1346773489,1,1,1,0,0,0,1,0,0,1,1,0,1,0,0,0,0,1,0,0,1
1346773490,1,1,1,0,0,0,1,0,0,1,1,0,1,0,0,0,0,1,1,0,1
1346773491,1,1,1,0,0,0,1,0,0,1,1,0,1,0,0,0,0,0,1,0,1
1346773492,1,1,1,0,0,0,1,0,0,1,1,0,1,0,0,0,0,0,1,0,1
1346773493,1,1,1,0,0,0,1,0,0,1,1,0,1,0,0,0,0,1,1,0,1
1346773494,1,1,1,0,0,0,1,0,0,1,1,0,1,0,0,0,0,0,1,0,1
1346773495,1,1,1,0,0,0,1,0,0,1,1,0,1,0,0,0,0,0,0,0,1
1346773496,1,1,1,0,0,0,1,0,0,1,1,0,1,0,0,0,0,1,1,0,1
1346773497,1,1,1,0,0,0,1,0,0,1,1,0,1,0,0,0,0,1,1,0,1
1346773498,1,1,1,0,0,0,1,0,0,1,1,0,1,0,0,0,0,0,1,0,1
1346773499,1,1,1,0,0,0,1,0,0,1,1,0,1,0,0,0,0,0,0,0,1
1346773500,1,1,1,0,0,0,1,0,0,1,1,0,1,0,0,0,0,1,1,0,1
1346773501,1,1,0,1,0,0,1,0,0,1,1,0,1,0,0,0,0,1,1,0,1
1346773502,1,1,1,0,0,0,1,0,0,1,1,0,1,0,0,0,0,0,1,0,1
1346773503,1,1,1,0,0,0,1,0,0,1,1,0,1,0,0,0,0,1,0,0,1
1346773504,1,1,1,0,0,0,1,0,0,1,1,0,1,0,0,0,0,1,1,0,1
1346773505,1,1,1,0,0,0,1,0,0,1,1,0,1,0,0,0,0,0,1,0,1
1346773506,1,1,1,0,0,0,1,0,0,1,1,0,1,0,0,0,0,1,0,0,1
1346773507,1,1,1,0,0,0,1,0,0,1,1,0,1,0,0,0,0,1,1,0,1
1346773508,1,1,1,0,0,0,1,0,0,1,1,0,1,0,0,0,0,1,1,0,1
1346773509,1,1,1,0,0,0,1,0,0,1,1,0,1,0,0,0,0,0,1,1,1
1346773510,1,1,1,0,0,0,1,0,0,1,1,0,1,0,0,0,0,1,0,0,1
1346773511,1,1,1,0,0,0,1,0,0,1,1,0,1,0,0,0,0,1,1,0,1
1346773512,1,1,1,0,0,0,1,0,0,1,1,0,1,0,0,0,0,0,1,0,1
1346773513,1,1,1,0,0,0,1,0,0,1,1,0,1,0,0,0,0,1,1,0,1
1346773514,1,1,1,0,0,0,1,0,0,1,1,0,1,0,0,0,0,1,0,0,1
1346773515,1,1,1,0,0,0,1,0,0,1,1,0,1,0,0,0,0,0,1,0,1
1346773516,1,1,1,0,0,0,1,0,0,1,1,0,1,0,0,0,0,0,1,0,1
1346773517,1,1,1,0,0,0,1,0,0,1,1,0,1,0,0,0,0,0,1,0,1
1346773518,1,1,1,0,0,0,1,0,0,1,1,0,1,0,0,0,0,0,1,0,1
1346773519,1,1,1,0,0,0,1,0,0,1,1,0,1,0,0,0,0,0,1,0,1
1346773520,1,1,1,0,0,0,1,0,0,1,1,0,1,0,0,0,0,0,1,0,1
1346773521,1,1,1,0,0,0,1,0,0,1,1,0,1,0,0,0,0,1,1,0,1
1346773522,1,1,1,0,0,0,1,0,0,1,1,0,1,0,0,0,0,0,1,0,1
1346773523,1,1,1,0,0,0,1,0,0,1,1,0,1,0,0,0,0,0,0,0,1
1346773524,1,1,1,0,0,0,1,0,0,1,1,0,1,0,0,0,0,0,1,0,1
1346773525,1,1,1,0,0,0,1,0,0,1,1,0,1,0,0,0,0,0,1,1,1
1346773526,1,1,1,0,0,0,1,0,0,1,1,0,1,0,0,0,0,0,1,0,1
1346773527,1,1,1,0,0,0,1,0,0,1,1,0,1,0,0,0,0,0,1,0,1
1346773528,1,1,1,0,0,0,1,0,0,1,1,0,1,0,0,0,0,1,1,1,1
1346773529,1,1,1,0,0,0,1,0,0,1,1,0,1,0,0,0,0,1,1,0,1
1346773530,1,1,1,0,0,0,1,0,0,1,1,0,1,0,0,0,0,0,0,0,1
1346773531,1,1,1,0,0,0,1,0,0,1,1,0,1,0,0,0,0,0,1,0,1
1346773532,1,1,1,0,0,0,1,0,0,1,1,0,1,0,0,0,0,1,1,0,1
1346773533,1,1,1,0,0,0,1,0,0,1,1,0,1,0,0,0,0,0,1,0,1
1346773534,1,1,1,0,0,0,1,0,0,1,1,0,1,0,0,0,0,0,1,0,1
1346773535,1,1,1,0,0,0,1,0,0,1,1,0,1,0,0,0,0,0,1,0,1
1346773536,1,1,1,0,0,0,1,0,0,1,1,0,1,0,0,0,0,0,0,0,1
1346773537,1,1,1,0,0,0,1,0,0,1,1,0,1,0,0,0,0,0,1,0,1
1346773538,1,1,1,0,0,0,1,0,0,1,1,0,1,0,0,0,0,0,1,0,1
1346773539,1,1,1,0,0,0,1,0,0,1,1,0,1,0,0,0,0,1,0,0,1
1346773540,1,1,1,0,0,0,1,0,0,1,1,0,1,0,0,0,0,1,1,0,1
1346773541,1,1,1,0,0,0,1,0,0,1,1,0,1,0,0,0,0,0,1,0,1
1346773542,1,1,1,0,0,0,1,0,0,1,1,0,1,0,0,0,0,1,1,0,1
1346773543,1,1,1,0,0,0,1,0,0,1,1,0,1,0,0,0,0,1,1,0,1
1346773544,1,1,1,0,0,0,1,0,0,1,1,0,1,0,0,1,0,1,1,0,1
1346773545,1,1,0,1,0,0,1,0,0,1,1,0,1,0,0,0,0,0,1,0,1
1346773546,1,1,1,0,0,0,1,0,0,1,1,0,1,0,0,0,0,1,1,0,1
1346773547,1,1,1,0,0,0,1,0,0,1,1,0,1,0,0,0,0,1,0,0,1
1346773548,1,1,1,0,0,0,1,0,0,1,1,0,1,0,0,0,0,0,1,0,1
1346773549,1,1,0,1,0,0,1,0,0,1,1,0,1,0,0,0,0,1,1,1,1
1346773550,1,1,1,0,0,0,1,0,0,1,1,0,1,0,0,0,0,1,1,0,1
1346773551,1,1,1,0,0,0,1,0,0,1,1,0,1,0,0,0,0,1,1,0,1
1346773552,1,1,1,0,0,0,1,0,0,1,1,0,1,0,0,0,0,0,1,0,1
1346773553,1,1,0,1,0,0,1,0,0,1,1,0,1,0,0,0,0,1,1,1,1
1346773554,1,1,0,1,0,0,1,0,0,1,1,0,1,0,0,0,0,1,1,0,1
1346773555,1,1,1,0,0,0,1,0,0,1,1,0,1,0,0,0,0,0,1,0,1
1346773556,1,1,0,1,0,0,1,0,0,1,1,0,1,0,0,0,0,1,1,0,1
1346773557,1,1,1,0,0,0,1,0,0,1,1,0,1,0,0,0,0,1,0,0,1
1346773558,1,1,1,0,0,0,1,0,0,1,1,0,1,0,0,0,0,0,1,0,1
1346773559,1,1,1,0,0,0,1,0,0,1,1,0,1,0,0,0,0,1,1,0,1
1346773560,1,1,1,0,0,0,1,0,0,1,1,0,1,0,0,0,0,1,1,1,1
1346773561,1,1,1,0,0,0,1,0,0,1,1,0,1,0,0,0,0,0,0,0,1
1346773562,1,1,1,0,0,0,1,0,0,1,1,0,1,0,0,0,0,0,1,0,1
1346773563,1,1,0,1,0,0,1,0,0,1,1,0,1,0,0,0,0,1,1,0,1
1346773564,1,1,1,0,0,0,1,0,0,1,1,0,1,0,0,0,0,1,1,0,1
1346773565,1,1,1,0,0,0,1,0,0,1,1,0,1,0,0,0,0,0,1,0,1
1346773566,1,1,1,0,0,0,1,0,0,1,1,0,1,0,0,0,0,0,1,0,1
1346773567,1,1,1,0,0,0,1,0,0,1,1,0,1,0,0,0,0,1,1,1,1
1346773568,1,1,1,0,0,0,1,0,0,1,1,0,1,0,0,0,0,1,1,1,1
1346773569,1,1,1,0,0,0,1,0,0,1,1,0,1,0,0,0,0,0,1,0,1
1346773570,1,1,0,1,1,0,1,0,0,1,1,0,1,0,0,0,0,1,1,0,1
1346773571,1,1,1,0,0,0,1,0,0,1,1,0,1,0,0,0,0,0,1,0,1
1346773572,1,1,0,1,0,0,1,0,0,1,1,0,1,0,0,0,0,0,1,0,1
1346773573,1,1,1,0,0,0,1,0,0,1,1,0,1,0,0,0,0,0,0,0,1
1346773574,1,1,1,0,0,0,1,0,0,1,1,0,1,0,0,0,0,0,1,0,1
1346773575,1,1,1,0,0,0,1,0,0,1,1,0,1,0,0,0,0,0,1,0,1
1346773576,1,1,1,0,0,0,1,0,0,1,1,0,1,0,0,0,0,0,1,0,1
1346773577,1,1,1,0,0,0,1,0,0,1,1,0,1,0,0,0,0,0,1,0,1
1346773578,1,1,1,0,0,0,1,0,0,1,1,0,1,0,0,0,0,0,1,0,1
1346773579,1,1,1,0,0,0,1,0,0,1,1,0,1,0,0,0,0,0,1,0,1
1346773580,1,1,1,0,0,0,1,0,0,1,1,0,1,0,0,0,0,0,0,0,1
1346773581,1,1,1,0,0,0,1,0,0,1,1,0,1,0,0,0,0,0,1,0,1
1346773582,1,1,1,0,0,0,1,0,0,1,1,0,1,0,0,0,0,0,1,0,1
1346773583,1,1,1,0,0,0,1,0,0,1,1,0,1,0,0,0,0,0,1,0,1
1346773584,1,1,1,0,0,0,1,0,0,1,1,0,1,0,0,0,0,0,0,0,1
1346773585,1,1,1,0,0,0,1,0,0,1,1,0,1,0,0,0,0,0,0,0,1
1346773586,1,1,1,0,0,0,1,0,0,1,1,0,1,0,0,0,0,0,0,0,1
1346773587,1,1,1,0,0,0,1,0,0,1,1,0,1,0,0,0,0,1,0,0,1
1346773588,1,1,1,0,0,0,1,0,0,1,1,0,1,0,0,0,0,0,1,0,1
1346773589,1,1,1,0,0,0,1,0,0,1,1,0,1,0,0,0,0,0,0,0,1
1346773590,1,1,1,0,0,0,1,0,0,1,1,0,1,0,0,0,0,0,1,0,1
1346773591,1,1,1,0,0,0,1,0,0,1,1,0,1,0,0,0,0,1,1,0,1
1346773592,1,1,1,0,0,0,1,0,0,1,1,0,1,0,0,0,0,0,0,0,1
1346773593,1,1,1,0,0,0,1,0,0,1,1,0,1,0,0,1,0,0,1,0,1
1346773594,1,1,1,0,0,0,1,0,0,1,1,0,1,0,0,1,0,0,1,0,1
1346773595,1,1,1,0,0,0,1,0,0,1,1,0,1,0,0,0,1,0,0,0,1
1346773596,1,1,1,0,0,0,1,0,0,1,1,0,1,0,0,0,1,0,0,0,1
1346773597,1,1,1,0,0,0,1,0,0,1,1,0,1,0,0,1,1,0,0,0,1
1346773598,1,1,1,0,0,0,1,0,0,1,1,0,1,0,0,0,0,1,1,0,1
1346773599,1,1,1,0,0,0,1,0,0,1,1,0,1,0,0,0,0,1,1,0,1
1346773600,1,1,1,0,0,0,1,0,0,1,1,0,1,0,0,0,0,0,1,0,1
1346773601,1,1,1,0,0,0,1,0,0,1,1,0,1,0,0,0,0,1,1,0,1
1346773602,1,1,1,0,0,0,1,0,0,1,1,0,1,0,0,0,0,0,1,0,1
1346773603,1,1,1,0,0,0,1,0,0,1,1,0,1,0,0,0,0,1,1,0,1
1346773604,1,1,1,0,0,0,1,0,0,1,1,0,1,0,0,0,0,1,1,0,1
1346773605,1,1,1,0,0,0,1,0,0,1,1,0,1,0,0,0,0,1,1,0,1
1346773606,1,1,1,0,0,0,1,0,0,1,1,0,1,0,0,0,0,1,1,0,1
1346773607,1,1,1,0,0,0,1,0,0,1,1,0,1,0,0,0,0,0,1,0,1
1346773608,1,1,1,0,0,0,1,0,0,1,1,0,1,0,0,0,0,0,1,0,1
1346773609,1,1,1,0,0,0,1,0,0,1,1,0,1,0,0,0,0,0,0,0,1
1346773610,1,1,1,0,0,0,1,0,0,1,1,0,1,0,0,0,0,1,0,0,1
1346773611,1,1,1,0,0,0,1,0,0,1,1,0,1,0,0,0,0,1,1,0,1
1346773612,1,1,1,0,0,0,1,0,0,1,1,0,1,0,0,0,0,1,1,0,1
1346773613,1,1,1,0,0,0,1,0,0,1,1,0,1,0,0,0,0,1,1,0,1
1346773614,1,1,1,0,0,0,1,0,0,1,1,0,1,0,0,0,0,0,1,0,1
1346773615,1,1,1,0,0,0,1,0,0,1,1,0,1,0,0,0,0,1,0,0,1
1346773616,1,1,1,0,0,0,1,0,0,1,1,0,1,0,0,0,0,0,1,0,1
1346773617,1,1,1,0,0,0,1,0,0,1,1,0,1,0,0,0,0,0,0,0,1
1346773618,1,1,1,0,0,0,1,0,0,1,1,0,1,0,0,0,0,1,0,0,1
1346773619,1,1,1,0,0,0,1,0,0,1,1,0,1,0,0,0,0,1,1,0,1
1346773620,1,1,1,0,0,0,1,0,0,1,1,0,1,0,0,0,0,1,1,0,1
1346773621,1,1,1,0,0,0,1,0,0,1,1,0,1,0,0,0,0,0,0,0,1
1346773622,1,1,1,0,0,0,1,0,0,1,1,0,1,0,0,0,0,0,1,0,1
1346773623,1,1,1,0,0,0,1,0,0,1,1,0,1,0,0,0,0,0,0,0,1
1346773624,1,1,1,0,0,0,1,0,0,1,1,0,1,0,0,0,0,0,0,0,1
1346773625,1,1,0,1,0,0,1,0,0,1,1,0,1,0,0,0,0,0,1,0,1
1346773626,1,1,1,0,0,0,1,0,0,1,1,0,1,0,0,0,0,0,0,0,1
1346773627,1,1,1,0,0,0,1,0,0,1,1,0,1,0,0,0,0,1,1,1,1
1346773628,1,1,1,0,0,0,1,0,0,1,1,0,1,0,0,0,0,1,0,0,1
1346773629,1,1,1,0,0,0,1,0,0,1,1,0,1,0,0,0,0,1,1,0,1
1346773630,1,1,1,0,0,0,1,0,0,1,1,0,1,0,0,0,0,0,1,1,1
1346773631,1,1,1,0,0,0,1,0,0,1,1,0,1,0,0,0,0,1,1,1,1
1346773632,1,1,1,0,0,0,1,0,0,1,1,0,1,0,0,0,0,1,0,0,1
1346773633,1,1,1,0,0,0,1,0,0,1,1,0,1,0,0,0,0,0,0,0,1
1346773634,1,1,1,0,0,0,1,0,0,1,1,0,1,0,0,0,0,0,0,0,1
1346773635,1,1,1,0,0,0,1,0,0,1,1,0,1,0,0,0,0,0,1,0,1
1346773636,1,1,1,0,0,0,1,0,0,1,1,0,1,0,0,0,0,0,1,0,1
1346773637,1,1,1,0,0,0,1,0,0,1,1,0,1,0,0,0,0,0,1,0,1
1346773638,1,1,1,0,0,0,1,0,0,1,1,0,1,0,0,0,0,0,1,0,1
1346773639,1,1,0,1,0,0,1,0,0,1,1,0,1,0,0,0,0,0,0,0,1
1346773640,1,1,1,0,0,0,1,0,0,1,1,0,1,0,0,0,0,1,1,0,1
1346773641,1,1,1,0,0,0,1,0,0,1,1,0,1,0,0,0,0,1,1,0,1
1346773642,1,1,1,0,0,0,1,0,0,1,1,0,1,0,0,0,0,0,0,0,1
1346773643,1,1,1,0,0,0,1,0,0,1,1,0,1,0,0,0,0,0,1,0,1
1346773644,1,1,1,0,0,0,1,0,0,1,1,0,1,0,0,0,0,1,1,0,1
1346773645,1,1,1,0,0,0,1,0,0,1,1,0,1,0,0,0,0,0,1,0,1
1346773646,1,1,1,0,0,0,1,0,0,1,1,0,1,0,0,0,0,0,1,0,1
1346773647,1,1,1,0,0,0,1,0,0,1,1,0,1,0,0,0,0,0,0,0,1
1346773648,1,1,1,0,0,0,1,0,0,1,1,0,1,0,0,0,0,1,1,0,1
1346773649,1,1,1,0,0,0,1,0,0,1,1,0,1,0,0,0,0,1,1,1,1
1346773650,1,1,1,0,0,0,1,0,0,1,1,0,1,0,0,0,0,0,1,1,1
1346773651,1,1,1,0,0,0,1,0,0,1,1,0,1,0,0,0,0,1,1,0,1
1346773652,1,1,1,0,0,0,1,0,0,1,1,0,1,0,0,0,0,1,1,0,1
1346773653,1,1,1,0,0,0,1,0,0,1,1,0,1,0,0,0,0,0,1,1,1
1346773654,1,1,1,0,0,0,1,0,0,1,1,0,1,0,0,0,0,1,1,0,1
1346773655,1,1,1,0,0,0,1,0,0,1,1,0,1,0,0,0,0,1,1,0,1
1346773656,1,1,1,0,0,0,1,0,0,1,1,0,1,0,0,0,0,0,1,0,1
1346773657,1,1,1,0,0,0,1,0,0,1,1,0,1,0,0,0,0,0,1,1,1
1346773658,1,1,1,0,0,0,1,0,0,1,1,0,1,0,0,0,0,1,0,0,1
1346773659,1,1,1,0,0,0,1,0,0,1,1,0,1,0,0,0,0,1,0,0,1
1346773660,1,1,1,0,0,0,1,0,0,1,1,0,1,0,0,0,0,0,1,1,1
1346773661,1,1,1,0,0,0,1,0,0,1,1,0,1,0,0,0,0,1,1,1,1
1346773662,1,1,1,0,0,0,1,0,0,1,1,0,1,0,0,0,0,1,1,0,1
1346773663,1,1,1,0,0,0,1,0,0,1,1,0,1,0,0,0,0,0,1,1,1
1346773664,1,1,1,0,0,0,1,0,0,1,1,0,1,0,0,0,0,1,1,1,1
1346773665,1,1,1,0,0,0,1,0,0,1,1,0,1,0,0,0,0,1,1,0,1
1346773666,1,1,1,0,0,0,1,0,0,1,1,0,1,0,0,0,0,0,1,0,1
1346773667,1,1,1,0,0,0,1,0,0,1,1,0,1,0,0,0,0,0,1,0,1
1346773668,1,1,1,0,0,0,1,0,0,1,1,0,1,0,0,0,0,1,0,0,1
1346773669,1,1,1,0,0,0,1,0,0,1,1,0,1,0,0,0,0,1,1,0,1
1346773670,1,1,1,0,0,0,1,0,0,1,1,0,1,0,0,0,0,0,1,0,1
1346773671,1,1,1,0,0,0,1,0,0,1,1,0,1,0,0,0,0,1,0,0,1
1346773672,1,1,1,0,0,0,1,0,0,1,1,0,1,0,0,0,0,1,1,0,1
1346773673,1,1,1,0,0,0,1,0,0,1,1,0,1,0,0,0,0,0,1,0,1
1346773674,1,1,1,0,0,0,1,0,0,1,1,0,1,0,0,0,0,0,1,0,1
1346773675,1,1,0,1,0,0,1,0,0,1,1,0,1,0,0,0,0,1,1,0,1
1346773676,1,1,1,0,0,0,1,0,0,1,1,0,1,0,0,0,0,1,1,1,1
1346773677,1,1,1,0,0,0,1,0,0,1,1,0,1,0,0,0,0,0,1,1,1
1346773678,1,1,1,0,0,0,1,0,0,1,1,0,1,0,0,0,0,1,1,0,1
1346773679,1,1,1,0,0,0,1,0,0,1,1,0,1,0,0,0,0,1,1,1,1
1346773680,1,1,1,0,0,0,1,0,0,1,1,0,1,0,0,0,0,0,1,0,1
1346773681,1,1,1,0,0,0,1,0,0,1,1,0,1,0,0,0,0,0,1,0,1
1346773682,1,1,1,0,0,0,1,0,0,1,1,0,1,0,0,0,0,0,0,0,1
1346773683,1,1,1,0,0,0,1,0,0,1,1,0,1,0,0,0,0,1,1,0,1
1346773684,1,1,1,0,0,0,1,0,0,1,1,0,1,0,0,0,0,0,1,1,1
1346773685,1,1,1,0,0,0,1,0,0,1,1,0,1,0,0,0,0,0,1,0,1
1346773686,1,1,1,0,0,0,1,0,0,1,1,0,1,0,0,0,0,0,1,0,1
1346773687,1,1,1,0,0,0,1,0,0,1,1,0,1,0,0,0,0,0,1,0,1
1346773688,1,1,1,0,0,0,1,0,0,1,1,0,1,0,0,0,0,0,1,0,1
1346773689,1,1,1,0,0,0,1,0,0,1,1,0,1,0,0,1,0,0,0,0,1
1346773690,1,1,1,0,0,0,1,0,0,1,1,0,1,0,0,0,0,0,1,0,1
1346773691,1,1,1,0,0,0,1,0,0,1,1,0,1,0,0,1,0,0,1,1,1
1346773692,1,1,1,0,0,0,1,0,0,1,1,0,1,0,0,0,0,0,1,0,1
1346773693,1,1,1,0,0,0,1,0,0,1,1,0,1,0,0,0,0,0,1,0,1
1346773694,1,1,1,0,0,0,1,0,0,1,1,0,1,0,0,0,0,1,1,1,1
1346773695,1,1,1,0,0,0,1,0,0,1,1,0,1,0,0,0,0,0,1,0,1
1346773696,1,1,1,0,0,0,1,0,0,1,1,0,1,0,0,0,0,0,1,1,1
1346773697,1,1,1,0,0,0,1,0,0,1,1,0,1,0,0,0,0,1,1,0,1
1346773698,1,1,1,0,0,0,1,0,0,1,1,0,1,0,0,0,0,0,1,1,1
1346773699,1,1,1,0,0,0,1,0,0,1,1,0,1,0,0,0,0,1,1,1,1
1346773700,1,1,1,0,0,0,1,0,0,1,1,0,1,0,0,0,0,1,1,0,1
1346773701,1,1,1,0,0,0,1,0,0,1,1,0,1,0,0,0,0,0,1,1,1
1346773702,1,1,1,0,0,0,1,0,0,1,1,0,1,0,0,0,0,0,1,1,1
1346773703,1,1,1,0,0,0,1,0,0,1,1,0,1,0,0,0,0,0,1,1,1
1346773704,1,1,1,0,0,0,1,0,0,1,1,0,1,0,0,0,0,0,1,0,1
1346773705,1,1,1,0,0,0,1,0,0,1,1,0,1,0,0,0,0,0,1,0,1
1346773706,1,1,1,0,0,0,1,0,0,1,1,0,1,0,0,0,0,0,1,0,1
1346773707,1,1,1,0,0,0,1,0,0,1,1,0,1,0,0,0,0,0,1,0,1
1346773708,1,1,1,0,0,0,1,0,0,1,1,0,1,0,0,0,0,1,0,0,1
1346773709,1,1,1,0,0,0,1,0,0,1,1,0,1,0,0,0,0,1,0,0,1
1346773710,1,1,1,0,0,0,1,0,0,1,1,0,1,0,0,0,0,1,0,0,1
1346773711,1,1,1,0,0,0,1,0,0,1,1,0,1,0,0,0,0,1,1,0,1
1346773712,1,1,1,0,0,0,1,0,0,1,1,0,1,0,0,0,0,1,1,0,1
1346773713,1,1,1,0,0,0,1,0,0,1,1,0,1,0,0,0,0,1,1,0,1
1346773714,1,1,1,0,0,0,1,0,0,1,1,0,1,0,0,0,0,1,0,0,1
1346773715,1,1,1,0,0,0,1,0,0,1,1,0,1,0,0,0,0,1,1,1,1
1346773716,1,1,1,0,0,0,1,0,0,1,1,0,1,0,0,0,0,0,1,0,1
1346773717,1,1,1,0,0,0,1,0,0,1,1,0,1,0,0,0,0,1,0,0,1
1346773718,1,1,0,1,0,0,1,0,0,1,1,0,1,0,0,0,0,0,1,0,1
1346773719,1,1,1,0,0,0,1,0,0,1,1,0,1,0,0,0,0,1,1,0,1
1346773720,1,1,1,0,0,0,1,0,0,1,1,0,1,0,0,1,0,0,0,0,1
1346773721,1,1,1,0,0,0,1,0,0,1,1,0,1,0,0,0,0,1,0,0,1
1346773722,1,1,1,0,0,0,1,0,0,1,1,0,1,0,0,0,0,1,1,0,1
1346773723,1,1,1,0,0,0,1,0,0,1,1,0,1,0,0,0,0,0,1,1,1
1346773724,1,1,1,0,0,0,1,0,0,1,1,0,1,0,0,0,0,1,0,0,1
1346773725,1,1,1,0,0,0,1,0,0,1,1,0,1,0,0,0,0,1,0,0,1
1346773726,1,1,1,0,0,0,1,0,0,1,1,0,1,0,0,0,0,1,0,0,1
1346773727,1,1,1,0,0,0,1,0,0,1,1,0,1,0,0,0,0,0,1,0,1
1346773728,1,1,1,0,0,0,1,0,0,1,1,0,1,0,0,0,0,0,1,1,1
1346773729,1,1,1,0,0,0,1,0,0,1,1,0,1,0,0,0,0,0,0,0,1
1346773730,1,1,1,0,0,0,1,0,0,1,1,0,1,0,0,0,0,0,1,0,1
1346773731,1,1,1,0,0,0,1,0,0,1,1,0,1,0,0,0,0,0,1,1,1
1346773732,1,1,1,0,0,0,1,0,0,1,1,0,1,0,0,0,0,0,1,1,1
1346773733,1,1,1,0,0,0,1,0,0,1,1,0,1,0,0,1,0,0,0,0,1
1346773734,1,1,1,0,0,0,1,0,0,1,1,0,1,0,0,0,0,0,1,1,1
1346773735,1,1,1,0,0,0,1,0,0,1,1,0,1,0,0,0,0,0,1,1,1
1346773736,1,1,1,0,0,0,1,0,0,1,1,0,1,0,0,0,0,0,1,0,1
1346773737,1,1,1,0,0,0,1,0,0,1,1,0,1,0,0,0,0,0,1,1,1
1346773738,1,1,1,0,0,0,1,0,0,1,1,0,1,0,0,0,0,0,1,1,1
1346773739,1,1,1,0,0,0,1,0,0,1,1,0,1,0,0,0,0,1,1,1,1
1346773740,1,1,1,0,0,0,1,0,0,1,1,0,1,0,0,0,0,1,1,0,1
1346773741,1,1,1,0,0,0,1,0,0,1,1,0,1,0,0,0,0,0,1,1,1
1346773742,1,1,1,0,0,0,1,0,0,1,1,0,1,0,0,0,0,1,1,1,1
1346773743,1,1,1,0,0,0,1,0,0,1,1,0,1,0,0,0,0,1,0,0,1
1346773744,1,1,1,0,0,0,1,0,0,1,1,0,1,0,0,0,0,0,1,0,1
1346773745,1,1,1,0,0,0,1,0,0,1,1,0,1,0,0,0,0,0,1,0,1
1346773746,1,1,1,0,0,0,1,0,0,1,1,0,1,0,0,0,0,0,1,1,1
1346773747,1,1,1,0,0,0,1,0,0,1,1,0,1,0,0,0,0,0,1,0,1
1346773748,1,1,1,0,0,0,1,0,0,1,1,0,1,0,0,0,0,0,1,0,1
1346773749,1,1,1,0,0,0,1,0,0,1,1,0,1,0,0,0,0,0,1,0,1
1346773750,1,1,1,0,0,0,1,0,0,1,1,0,1,0,0,0,0,1,1,1,1
1346773751,1,1,1,0,0,0,1,0,0,1,1,0,1,0,0,0,0,0,1,1,1
1346773752,1,1,1,0,0,0,1,0,0,1,1,0,1,0,0,0,0,1,1,0,1
1346773753,1,1,1,0,0,0,1,0,0,1,1,0,1,0,0,0,0,0,1,0,1
1346773754,1,1,1,0,0,0,1,0,0,1,1,0,1,0,0,0,0,1,1,1,1
1346773755,1,1,1,0,0,0,1,0,0,1,1,0,1,0,0,0,0,0,1,0,1
1346773756,1,1,1,0,0,0,1,0,0,1,1,0,1,0,0,0,0,0,0,0,1
1346773757,1,1,0,1,0,0,1,0,0,1,1,0,1,0,0,0,0,0,1,0,1
1346773758,1,1,1,0,0,0,1,0,0,1,1,0,1,0,0,0,0,1,1,1,1
1346773759,1,1,1,0,0,0,1,0,0,1,1,0,1,0,0,0,0,0,0,0,1
1346773760,1,1,1,0,0,0,1,0,0,1,1,0,1,0,0,0,0,1,1,1,1
1346773761,1,1,1,0,0,0,1,0,0,1,1,0,1,0,0,0,0,1,1,1,1
1346773762,1,1,1,0,0,0,1,0,0,1,1,0,1,0,0,0,0,0,1,0,1
1346773763,1,1,1,0,0,0,1,0,0,1,1,0,1,0,0,1,0,0,0,0,1
1346773764,1,1,1,0,0,0,1,0,0,1,1,0,1,0,0,1,1,1,1,0,1
1346773765,1,1,1,0,0,0,1,0,0,1,1,0,1,0,1,1,1,1,1,1,1
1346773766,1,1,1,0,0,0,1,0,0,1,1,0,1,0,1,0,1,0,1,0,1
1346773767,1,1,1,0,0,0,1,0,0,1,1,0,1,0,1,1,1,0,1,1,1
1346773768,1,1,1,0,0,0,1,0,0,1,1,0,1,0,0,1,0,1,1,1,1
1346773769,1,1,1,0,0,0,1,0,0,1,1,0,1,0,0,1,0,1,0,0,1
1346773770,1,1,1,0,0,0,1,0,0,1,1,0,1,0,0,0,0,0,0,0,1
1346773771,1,1,1,0,0,0,1,0,1,0,1,0,1,0,0,0,0,0,1,1,1
1346773772,1,1,1,0,0,0,1,0,1,0,1,0,1,0,0,0,0,0,1,1,1
1346773773,1,1,1,0,0,0,1,0,1,0,1,0,1,0,0,0,1,1,1,1,1
1346773774,1,1,1,0,0,0,1,0,1,0,1,0,1,0,0,1,0,1,1,0,1
1346773775,1,1,1,0,0,0,1,0,1,0,1,0,1,0,0,0,0,1,1,1,1
1346773776,1,1,1,0,0,0,1,0,1,0,1,0,1,0,0,0,0,1,1,1,1
1346773777,1,1,1,0,0,0,1,0,1,0,1,0,1,0,0,0,0,1,1,1,1
1346773778,1,1,1,0,0,0,1,0,1,0,1,0,1,0,0,0,0,1,1,0,1
1346773779,1,1,1,0,0,0,1,0,1,0,1,0,1,0,0,0,0,0,1,0,1
1346773780,1,1,1,0,0,0,1,0,1,0,1,0,1,0,0,0,0,0,0,0,1
1346773781,1,1,1,0,0,0,1,0,1,0,1,0,1,0,0,0,0,0,1,0,1
1346773782,1,1,1,0,0,0,1,0,1,0,1,0,1,0,0,0,0,0,1,1,1
1346773783,1,1,1,0,0,0,1,0,1,0,1,0,1,0,0,0,0,0,1,0,1
1346773784,1,1,1,0,0,0,1,0,1,0,1,0,1,0,0,0,0,0,1,0,1
1346773785,1,1,1,0,0,0,1,0,1,0,1,0,1,0,0,0,0,1,0,0,1
1346773786,1,1,1,0,0,0,1,0,1,0,1,0,1,0,0,0,0,1,1,0,1
1346773787,1,1,1,0,0,0,1,0,1,0,1,0,1,0,0,0,0,0,1,0,1
1346773788,1,1,1,0,0,0,1,0,1,0,1,0,1,0,0,0,0,1,0,0,1
1346773789,1,1,1,0,0,0,1,0,1,0,1,0,1,0,0,0,0,1,1,0,1
1346773790,1,1,1,0,0,0,1,0,1,0,1,0,1,0,0,0,0,0,0,0,1
1346773791,1,1,1,0,0,0,1,0,1,0,1,0,1,0,0,0,0,1,0,0,1
1346773792,1,1,1,0,0,0,1,0,1,0,1,0,1,0,0,1,0,1,1,0,1
1346773793,1,1,1,0,0,0,1,0,1,0,1,0,1,0,0,0,0,0,1,0,1
1346773794,1,1,1,0,0,0,1,0,1,0,1,0,1,0,0,0,0,1,0,0,1
1346773795,1,1,1,0,0,0,1,0,1,0,1,0,1,0,0,0,0,1,1,0,1
1346773796,1,1,1,0,0,0,1,0,1,0,1,0,1,0,0,0,0,0,1,0,1
1346773797,1,1,1,0,0,0,1,0,1,0,1,0,1,0,0,0,0,1,0,0,1
1346773798,1,1,1,0,0,0,1,0,1,0,1,0,1,0,0,0,0,1,1,0,1
1346773799,1,1,1,0,0,0,1,0,1,0,1,0,1,0,0,0,0,0,1,0,1
1346773800,1,1,1,0,0,0,1,0,1,0,1,0,1,0,0,0,0,0,1,0,1
1346773801,1,1,1,0,0,0,1,0,1,0,1,0,1,0,0,0,0,0,1,0,1
1346773802,1,1,1,0,0,0,1,0,1,0,1,0,1,0,0,0,0,0,0,0,1
1346773803,1,1,1,0,0,0,1,0,1,0,1,0,1,0,0,0,0,0,1,0,1
1346773804,1,1,1,0,0,0,1,0,1,0,1,0,1,0,0,0,0,1,0,0,1
1346773805,1,1,1,0,0,0,1,0,1,0,1,0,1,0,0,0,0,1,0,0,1
1346773806,1,1,1,0,0,0,1,0,1,0,1,0,1,0,0,0,0,0,1,0,1
1346773807,1,1,1,0,0,0,1,0,1,0,1,0,0,1,0,0,0,0,0,0,1
1346773808,1,1,1,0,0,0,1,0,1,0,1,0,1,0,0,0,0,1,1,0,1
1346773809,1,1,1,0,0,0,1,0,1,0,1,0,1,0,0,0,0,0,1,0,1
1346773810,1,1,1,0,0,0,1,0,1,0,1,0,1,0,0,0,0,0,1,0,1
1346773811,1,1,1,0,0,0,1,0,1,0,1,0,1,0,0,0,0,1,0,0,1
1346773812,1,1,1,0,0,0,1,0,1,0,1,0,1,0,0,1,0,0,1,0,1
1346773813,1,1,1,0,0,0,1,0,1,0,1,0,1,0,0,0,0,1,1,0,1
1346773814,1,1,1,0,0,0,1,0,1,0,1,0,1,0,0,0,0,1,0,0,1
1346773815,1,1,1,0,0,0,1,0,1,0,1,0,1,0,0,1,0,0,0,0,1
1346773816,1,1,1,0,0,0,1,0,1,0,1,0,1,0,0,0,0,0,0,0,1
1346773817,1,1,1,0,0,0,1,0,1,0,1,0,1,0,0,0,0,1,1,0,1
1346773818,1,1,1,0,0,0,1,0,1,0,1,0,1,0,0,0,0,0,0,0,1
1346773819,1,1,1,0,0,0,1,0,1,0,1,0,1,0,0,0,0,0,1,0,1
1346773820,1,1,1,0,0,0,1,0,1,0,1,0,1,0,0,0,0,0,1,0,1
1346773821,1,1,1,0,0,0,1,0,1,0,1,0,1,0,0,0,0,1,1,0,1
1346773822,1,1,1,0,0,0,1,0,1,0,1,0,1,0,0,0,0,0,1,0,1
1346773823,1,1,1,0,0,0,1,0,1,0,1,0,1,0,0,0,0,0,1,0,1
1346773824,1,1,1,0,0,0,1,0,1,0,1,0,1,0,0,0,0,1,0,0,1
1346773825,1,1,1,0,0,0,1,0,1,0,1,0,1,0,0,0,0,1,0,0,1
1346773826,1,1,1,0,0,0,1,0,1,0,1,0,1,0,0,0,0,0,0,0,1
1346773827,1,1,1,0,0,0,1,0,1,0,1,0,1,0,0,0,0,1,0,0,1
1346773828,1,1,1,0,0,0,1,0,1,0,1,0,1,0,0,1,0,1,0,0,1
1346773829,1,1,1,0,0,0,1,0,1,0,1,0,1,0,0,0,0,1,1,0,1
1346773830,1,1,1,0,0,0,1,0,1,0,1,0,1,0,0,0,0,0,0,0,1
1346773831,1,1,1,0,0,0,1,0,1,0,1,0,1,0,0,0,0,0,1,0,1
1346773832,1,1,1,0,0,0,1,0,1,0,1,0,1,0,0,0,0,0,1,0,1
1346773833,1,1,1,0,0,0,1,0,1,0,1,0,1,0,0,0,0,0,1,0,1
1346773834,1,1,1,0,0,0,1,0,1,0,1,0,1,0,0,0,0,1,1,0,1
1346773835,1,1,1,0,0,0,1,0,1,0,1,0,1,0,0,1,0,1,0,0,1
1346773836,1,1,1,0,0,0,1,0,1,0,1,0,1,0,0,0,0,0,1,0,1
1346773837,1,1,1,0,0,0,1,0,1,0,1,0,1,0,0,0,0,1,1,0,1
1346773838,1,1,1,0,0,0,1,0,1,0,1,0,1,0,0,0,0,1,1,0,1
1346773839,1,1,1,0,0,0,1,0,1,0,1,0,1,0,0,0,0,0,0,0,1
1346773840,1,1,1,0,0,0,1,0,1,0,1,0,1,0,0,0,0,0,1,0,1
1346773841,1,1,1,0,0,0,1,0,1,0,1,0,1,0,0,0,0,0,1,0,1
1346773842,1,1,1,0,0,0,1,0,1,0,1,0,1,0,0,1,0,0,1,0,1
1346773843,1,1,1,0,0,0,1,0,1,0,1,0,1,0,0,0,0,0,1,0,1
1346773844,1,1,1,0,0,0,1,0,1,0,1,0,1,0,0,0,0,0,1,0,1
1346773845,1,1,1,0,0,0,1,0,1,0,1,0,1,0,0,0,0,0,1,0,1
1346773846,1,1,1,0,0,0,1,0,1,0,1,0,1,0,0,0,0,0,1,0,1
1346773847,1,1,1,0,0,0,1,0,1,0,1,0,1,0,0,0,0,0,1,0,1
1346773848,1,1,1,0,0,0,1,0,1,0,1,0,1,0,0,0,0,0,1,0,1
1346773849,1,1,1,0,0,0,1,0,1,0,1,0,1,0,0,0,0,0,0,0,1
1346773850,1,1,1,0,0,0,1,0,1,0,1,0,1,0,0,0,0,0,1,0,1
1346773851,1,1,1,0,0,0,1,0,1,0,1,0,1,0,0,0,0,0,0,0,1
1346773852,1,1,1,0,0,0,1,0,1,0,1,0,1,0,0,0,0,0,1,0,1
1346773853,1,1,0,1,0,0,1,0,1,0,1,0,1,0,0,0,0,0,1,0,1
1346773854,1,1,1,0,0,0,1,0,1,0,1,0,1,0,0,1,0,1,1,0,1
1346773855,1,1,1,0,0,0,1,0,1,0,1,0,1,0,0,0,0,0,1,0,1
1346773856,1,1,1,0,0,0,1,0,1,0,1,0,1,0,1,0,0,0,1,0,1
1346773857,1,1,1,0,0,0,1,0,1,0,1,0,1,0,0,0,0,0,1,0,1
1346773858,1,1,1,0,0,0,1,0,1,0,1,0,1,0,1,0,0,1,1,0,1
1346773859,1,1,1,0,0,0,1,0,1,0,1,0,1,0,0,1,0,0,1,0,1
1346773860,1,1,1,0,0,0,1,0,1,0,1,0,1,0,0,1,0,0,1,0,1
1346773861,1,1,1,0,0,0,1,0,1,0,1,0,1,0,0,0,0,1,0,0,1
1346773862,1,1,1,0,0,0,1,0,1,0,1,0,1,0,0,0,0,1,0,0,1
1346773863,1,1,1,0,0,0,1,0,1,0,1,0,1,0,0,0,0,1,1,0,1
1346773864,1,1,1,0,0,0,1,0,1,0,1,0,1,0,0,0,0,1,1,1,1
1346773865,1,1,1,0,0,0,1,0,1,0,1,0,1,0,0,0,0,1,1,0,1
1346773866,1,1,1,0,0,0,1,0,1,0,1,0,1,0,0,0,0,1,1,0,1
1346773867,1,1,1,0,0,0,1,0,1,0,1,0,1,0,0,0,0,1,1,0,1
1346773868,1,1,1,0,0,0,1,0,1,0,1,0,1,0,0,0,0,0,1,0,1
1346773869,1,1,1,0,0,0,1,0,1,0,1,0,1,0,0,1,0,1,1,0,1
1346773870,1,1,1,0,0,0,1,0,1,0,1,0,1,0,0,1,0,1,1,0,1
1346773871,1,1,1,0,0,0,1,0,1,0,1,0,1,0,0,0,0,0,1,0,1
1346773872,1,1,1,0,0,0,1,0,1,0,1,0,1,0,0,0,0,1,0,0,1
1346773873,1,1,1,0,0,0,1,0,1,0,1,0,1,0,0,0,0,1,1,0,1
1346773874,1,1,1,0,0,0,1,0,1,0,1,0,1,0,0,0,0,0,0,0,1
1346773875,1,1,1,0,0,0,1,0,1,0,1,0,1,0,0,0,0,1,1,0,1
1346773876,1,1,1,0,0,0,1,0,1,0,1,0,1,0,0,0,0,0,1,0,1
1346773877,1,1,1,0,0,0,1,0,1,0,1,0,1,0,0,0,0,0,1,0,1
1346773878,1,1,1,0,0,0,1,0,1,0,1,0,1,0,0,0,0,0,0,0,1
1346773879,1,1,1,0,0,0,1,0,1,0,1,0,1,0,0,0,0,0,1,0,1
1346773880,1,1,1,0,0,0,1,0,1,0,1,0,1,0,0,0,0,0,1,0,1
1346773881,1,1,1,0,0,0,1,0,1,0,1,0,1,0,0,0,0,0,1,0,1
1346773882,1,1,1,0,0,0,1,0,1,0,1,0,1,0,0,0,0,0,0,0,1
1346773883,1,1,1,0,0,0,1,0,1,0,1,0,1,0,0,1,0,0,1,0,1
1346773884,1,1,1,0,0,0,1,0,1,0,1,0,1,0,0,0,0,0,0,0,1
1346773885,1,1,1,0,0,0,1,0,1,0,1,0,1,0,0,1,0,0,1,0,1
1346773886,1,1,1,0,0,0,1,0,1,0,1,0,1,0,0,0,0,0,0,0,1
1346773887,1,1,0,1,0,0,1,0,1,0,1,0,1,0,0,0,0,0,1,0,1
1346773888,1,1,1,0,0,0,1,0,1,0,1,0,1,0,0,0,0,1,1,0,1
1346773889,1,1,1,0,0,0,1,0,1,0,1,0,1,0,0,0,0,0,0,0,1
1346773890,1,1,1,0,0,0,1,0,1,0,1,0,1,0,0,0,0,0,0,0,1
1346773891,1,1,1,0,0,0,1,0,1,0,1,0,1,0,0,0,0,0,1,0,1
1346773892,1,1,1,0,0,0,1,0,1,0,1,0,1,0,0,0,0,1,1,0,1
1346773893,1,1,1,0,0,0,1,0,1,0,1,0,1,0,0,0,0,0,1,0,1
1346773894,1,1,1,0,0,0,1,0,1,0,1,0,1,0,0,0,0,0,1,0,1
1346773895,1,1,1,0,0,0,1,0,1,0,1,0,1,0,0,1,0,0,1,0,1
1346773896,1,1,1,0,0,0,1,0,1,0,1,0,1,0,0,0,0,0,0,0,1
1346773897,1,1,1,0,0,0,1,0,1,0,1,0,1,0,0,0,0,0,1,0,1
1346773898,1,1,1,0,0,0,1,0,1,0,1,0,1,0,0,0,0,0,1,0,1
1346773899,1,1,1,0,0,0,1,0,1,0,1,0,1,0,0,0,0,0,1,0,1
1346773900,1,1,1,0,0,0,1,0,1,0,1,0,1,0,0,0,0,0,1,0,1
1346773901,1,1,1,0,0,0,1,0,1,0,1,0,1,0,0,0,0,0,0,0,1
1346773902,1,1,1,0,0,0,1,0,1,0,1,0,1,0,0,0,0,0,1,0,1
1346773903,1,1,1,0,0,0,1,0,1,0,1,0,1,0,0,0,0,0,1,0,1
1346773904,1,1,1,0,0,0,1,0,1,0,1,0,1,0,0,0,0,0,1,0,1
1346773905,1,1,1,0,0,0,1,0,1,0,1,0,1,0,0,0,0,0,1,0,1
1346773906,1,1,1,0,0,0,1,0,1,0,1,0,1,0,0,0,0,0,1,0,1
1346773907,1,1,1,0,0,0,1,0,1,0,1,0,1,0,0,0,0,1,0,0,1
1346773908,1,1,1,0,0,0,1,0,1,0,1,0,1,0,0,0,0,0,1,0,1
1346773909,1,1,1,0,0,0,1,0,1,0,1,0,1,0,0,1,0,0,1,0,1
1346773910,1,1,1,0,0,0,1,0,1,0,1,0,1,0,0,0,0,0,1,0,1
1346773911,1,1,1,0,0,0,1,0,1,0,1,0,1,0,0,0,0,0,1,0,1
1346773912,1,1,1,0,0,0,1,0,1,0,1,0,1,0,0,0,0,0,0,0,1
1346773913,1,1,1,0,0,0,1,0,1,0,1,0,1,0,0,0,0,0,1,0,1
1346773914,1,1,1,0,0,0,1,0,1,0,1,0,1,0,0,0,0,0,1,0,1
1346773915,1,1,1,0,0,0,1,0,1,0,1,0,1,0,0,0,0,0,1,0,1
1346773916,1,1,1,0,0,0,1,0,1,0,1,0,1,0,0,0,0,0,0,0,1
1346773917,1,1,1,0,0,0,1,0,1,0,1,0,1,0,0,0,0,0,1,0,1
1346773918,1,1,1,0,0,0,1,0,1,0,1,0,1,0,0,0,0,0,0,0,1
1346773919,1,1,1,0,0,0,1,0,1,0,1,0,1,0,0,1,0,0,0,0,1
1346773920,1,1,1,0,0,0,1,0,1,0,1,0,1,0,0,0,0,0,1,0,1
1346773921,1,1,1,0,0,0,1,0,1,0,1,0,1,0,0,0,0,0,0,0,1
1346773922,1,1,1,0,0,0,1,0,1,0,1,0,1,0,0,0,0,0,0,0,1
1346773923,1,1,1,0,0,0,1,0,1,0,1,0,1,0,0,0,0,0,0,0,1
1346773924,1,1,1,0,0,0,1,0,1,0,1,0,1,0,0,0,0,0,0,0,1
1346773925,1,1,1,0,0,0,1,0,1,0,1,0,1,0,0,0,0,0,1,0,1
1346773926,1,1,1,0,0,0,1,0,1,0,1,0,1,0,0,0,0,1,0,0,1
1346773927,1,1,1,0,0,0,1,0,1,0,1,0,1,0,0,0,0,1,1,0,1
1346773928,1,1,1,0,0,0,1,0,1,0,1,0,1,0,0,0,0,0,1,0,1
1346773929,1,1,1,0,0,0,1,0,1,0,1,0,1,0,0,0,0,0,1,0,1
1346773930,1,1,1,0,0,0,1,0,1,0,1,0,1,0,0,0,0,0,1,0,1
1346773931,1,1,0,1,0,0,1,0,1,0,1,0,1,0,0,0,0,0,1,0,1
1346773932,1,1,1,0,0,0,1,0,1,0,1,0,1,0,0,0,0,1,1,0,1
1346773933,1,1,1,0,0,0,1,0,1,0,1,0,1,0,0,0,0,1,1,0,1
1346773934,1,1,1,0,0,0,1,0,1,0,1,0,1,0,0,0,0,1,1,0,1
1346773935,1,1,1,0,0,0,1,0,1,0,1,0,1,0,0,0,0,0,1,0,1
1346773936,1,1,1,0,0,0,1,0,1,0,1,0,1,0,0,0,0,1,0,0,1
1346773937,1,1,1,0,0,0,1,0,1,0,1,0,1,0,0,0,0,0,1,0,1
1346773938,1,1,1,0,0,0,1,0,1,0,1,0,1,0,0,0,0,1,1,0,1
1346773939,1,1,1,0,0,0,1,0,1,0,1,0,1,0,0,0,0,1,1,0,1
1346773940,1,1,1,0,0,0,1,0,1,0,1,0,1,0,0,1,0,1,1,0,1
1346773941,1,1,1,0,0,0,1,0,1,0,1,0,1,0,0,1,0,0,1,0,1
1346773942,1,1,1,0,0,0,1,0,1,0,1,0,1,0,0,1,1,0,1,0,1
1346773943,1,1,1,0,0,0,1,0,1,0,1,0,1,0,0,1,0,0,0,0,1
1346773944,1,1,1,0,0,0,1,0,1,0,1,0,1,0,0,1,0,0,1,0,1
1346773945,1,1,0,1,0,0,1,0,1,0,1,0,1,0,0,0,0,0,1,0,1
1346773946,1,1,1,0,0,0,1,0,1,0,1,0,1,0,0,0,0,0,1,0,1
1346773947,1,1,1,0,0,0,1,0,1,0,1,0,1,0,0,0,0,0,0,0,1
1346773948,1,1,1,0,0,0,1,0,1,0,1,0,1,0,0,0,0,1,1,0,1
1346773949,1,1,1,0,0,0,1,0,1,0,1,0,1,0,0,0,0,0,1,0,1
1346773950,1,1,1,0,0,0,1,0,1,0,1,0,1,0,0,0,0,0,1,0,1
1346773951,1,1,1,0,0,0,1,0,1,0,1,0,1,0,0,0,0,0,1,0,1
1346773952,1,1,1,0,0,0,1,0,1,0,1,0,1,0,0,0,0,0,1,0,1
1346773953,1,1,1,0,0,0,1,0,1,0,1,0,1,0,0,0,0,0,1,0,1
1346773954,1,1,1,0,0,0,1,0,1,0,1,0,1,0,0,0,0,0,1,0,1
1346773955,1,1,1,0,0,0,1,0,1,0,1,0,1,0,0,0,0,0,0,0,1
1346773956,1,1,1,0,0,0,1,0,1,0,1,0,1,0,0,0,0,0,0,0,1
1346773957,1,1,1,0,0,0,1,0,1,0,1,0,0,1,0,0,0,0,1,0,1
1346773958,1,1,1,0,0,0,1,0,1,0,1,0,0,1,0,0,0,0,1,0,1
1346773959,1,1,1,0,0,0,1,0,1,0,1,0,0,1,0,0,0,0,1,0,1
1346773960,1,1,1,0,0,0,1,0,1,0,1,0,0,1,0,0,0,0,1,0,1
1346773961,1,1,1,0,0,0,1,0,1,0,1,0,0,1,0,0,0,1,1,0,1
1346773962,1,1,0,1,0,0,1,0,1,0,1,0,1,0,0,0,0,1,1,0,1
1346773963,1,1,1,0,0,0,1,0,1,0,1,0,1,0,0,0,0,0,1,0,1
1346773964,1,1,1,0,0,0,1,0,1,0,1,0,1,0,0,0,0,0,0,0,1
1346773965,1,1,1,0,0,0,1,0,1,0,1,0,1,0,0,0,0,0,0,0,1
1346773966,1,1,1,0,0,0,1,0,1,0,1,0,1,0,0,0,0,1,1,0,1
1346773967,1,1,1,0,0,0,1,0,1,0,1,0,1,0,0,0,0,1,1,0,1
1346773968,1,1,1,0,0,0,1,0,1,0,1,0,0,1,0,0,0,0,1,0,1
1346773969,1,1,1,0,0,0,1,0,1,0,1,0,1,0,0,0,0,0,1,0,1
1346773970,1,1,1,0,0,0,1,0,1,0,1,0,1,0,0,0,0,0,1,0,1
1346773971,1,1,1,0,0,0,1,0,1,0,1,0,1,0,0,0,0,0,1,0,1
1346773972,1,1,1,0,0,0,1,0,1,0,1,0,0,1,0,0,0,0,1,0,1
1346773973,1,1,1,0,0,0,1,0,1,0,1,0,0,1,0,0,0,0,0,0,1
1346773974,1,1,1,0,0,0,1,0,1,0,1,0,0,1,0,0,0,0,1,0,1
1346773975,1,1,1,0,0,0,1,0,1,0,1,0,1,0,0,0,0,1,1,0,1
1346773976,1,1,1,0,0,0,1,0,1,0,1,0,1,0,0,0,0,1,1,0,1
1346773977,1,1,1,0,0,0,1,0,1,0,1,0,1,0,0,0,0,0,1,0,1
1346773978,1,1,0,1,0,0,1,0,1,0,1,0,1,0,0,0,0,0,1,0,1
1346773979,1,1,0,1,0,0,1,0,1,0,1,0,0,1,0,0,0,1,1,0,1
1346773980,1,1,1,0,0,0,1,0,1,0,1,0,0,1,0,0,0,0,1,0,1
1346773981,1,1,1,0,0,0,1,0,1,0,1,0,0,1,0,1,0,0,0,0,1
1346773982,1,1,1,0,0,0,1,0,1,0,1,0,1,0,0,1,0,0,1,0,1
1346773983,1,1,1,0,0,0,1,0,1,0,1,0,1,0,0,0,0,0,1,0,1
1346773984,1,1,1,0,0,0,1,0,1,0,1,0,1,0,0,0,0,0,1,0,1
1346773985,1,1,1,0,0,0,1,0,1,0,1,0,1,0,0,0,0,0,1,0,1
1346773986,1,1,1,0,0,0,1,0,1,0,1,0,0,1,0,0,0,1,1,0,1
1346773987,1,1,1,0,0,0,1,0,1,0,1,0,0,1,0,0,0,0,1,0,1
1346773988,1,1,1,0,0,0,1,0,1,0,1,0,0,1,0,0,0,1,0,0,1
1346773989,1,1,1,0,0,0,1,0,1,0,1,0,0,1,0,0,0,0,1,0,1
1346773990,1,1,1,0,0,0,1,0,1,0,1,0,1,0,0,0,0,0,1,0,1
1346773991,1,1,1,0,0,0,1,0,1,0,1,0,1,0,0,0,0,0,1,0,1
1346773992,1,1,1,0,0,0,1,0,1,0,1,0,1,0,0,0,0,0,1,0,1
1346773993,1,1,1,0,0,0,1,0,1,0,1,0,1,0,0,0,0,1,1,0,1
1346773994,1,1,1,0,0,0,1,0,1,0,1,0,0,1,0,0,0,0,1,0,1
1346773995,1,1,0,1,0,0,1,0,1,0,1,0,0,1,0,0,0,1,1,0,1
1346773996,1,1,1,0,0,0,1,0,1,0,1,0,0,1,0,0,0,1,0,0,1
1346773997,1,1,1,0,0,0,1,0,1,0,1,0,1,0,0,0,0,0,1,0,1
1346773998,1,1,1,0,0,0,1,0,1,0,1,0,1,0,0,0,0,0,1,0,1
1346773999,1,1,1,0,0,0,1,0,1,0,1,0,1,0,0,0,0,1,1,0,1
1346774000,1,1,1,0,0,0,1,0,1,0,1,0,0,1,0,0,0,1,1,0,1
1346774001,1,1,0,1,0,0,1,0,1,0,1,0,0,1,0,0,0,0,1,0,1
1346774002,1,1,1,0,0,0,1,0,1,0,1,0,0,1,0,0,0,1,0,0,1
1346774003,1,1,1,0,0,0,1,0,1,0,1,0,0,1,0,0,0,0,1,0,1
1346774004,1,1,1,0,0,0,1,0,1,0,1,0,0,1,0,0,0,0,1,0,1
1346774005,1,1,1,0,0,0,1,0,1,0,1,0,1,0,0,0,0,0,1,0,1
1346774006,1,1,1,0,0,0,1,0,1,0,1,0,1,0,0,0,0,1,1,0,1
1346774007,1,1,1,0,0,0,1,0,1,0,1,0,0,1,0,1,0,0,1,0,1
1346774008,1,1,1,0,0,0,1,0,1,0,1,0,0,1,0,0,0,0,1,0,1
1346774009,1,1,1,0,0,0,1,0,1,0,1,0,0,1,0,0,0,1,0,0,1
1346774010,1,1,1,0,0,0,1,0,1,0,1,0,0,1,0,0,0,0,0,0,1
1346774011,1,1,1,0,0,0,1,0,1,0,1,0,0,1,0,0,0,0,1,0,1
1346774012,1,1,1,0,0,0,1,0,1,0,1,0,1,0,0,0,0,1,1,0,1
1346774013,1,1,1,0,0,0,1,0,1,0,1,0,1,0,0,0,0,1,0,0,1
1346774014,1,1,1,0,0,0,1,0,1,0,1,0,1,0,0,0,0,0,1,0,1
1346774015,1,1,1,0,0,0,1,0,1,0,1,0,0,1,0,0,0,0,1,0,1
1346774016,1,1,1,0,0,0,1,0,1,0,1,0,0,1,0,0,0,1,1,0,1
1346774017,1,1,1,0,0,0,1,0,1,0,1,0,0,1,0,0,0,0,1,0,1
1346774018,1,1,1,0,0,0,1,0,1,0,1,0,1,0,0,0,0,0,1,0,1
1346774019,1,1,1,0,0,0,1,0,1,0,1,0,1,0,0,0,0,0,1,0,1
1346774020,1,1,1,0,0,0,1,0,1,0,1,0,1,0,0,0,0,0,0,0,1
1346774021,1,1,1,0,0,0,1,0,1,0,1,0,1,0,0,0,0,0,1,0,1
1346774022,1,1,1,0,0,0,1,0,1,0,1,0,0,1,0,0,0,0,1,0,1
1346774023,1,1,1,0,0,0,1,0,1,0,1,0,0,1,0,0,0,0,0,0,1
1346774024,1,1,1,0,0,0,1,0,1,0,1,0,0,1,0,0,0,1,1,0,1
1346774025,1,1,1,0,0,0,1,0,1,0,1,0,1,0,0,0,0,1,1,0,1
1346774026,1,1,1,0,0,0,1,0,1,0,1,0,1,0,0,0,0,0,0,0,1
1346774027,1,1,1,0,0,0,1,0,1,0,1,0,0,1,0,0,0,0,1,0,1
1346774028,1,1,1,0,0,0,1,0,1,0,1,0,1,0,0,1,0,0,1,0,1
1346774029,1,1,1,0,0,0,1,0,1,0,1,0,1,0,0,0,0,0,0,0,1
1346774030,1,1,1,0,0,0,1,0,1,0,1,0,1,0,0,0,0,0,1,0,1
1346774031,1,1,1,0,0,0,1,0,1,0,1,0,1,0,0,0,0,0,0,0,1
1346774032,1,1,1,0,0,0,1,0,1,0,1,0,1,0,0,0,0,0,1,0,1
1346774033,1,1,1,0,0,0,1,0,1,0,1,0,0,1,0,0,0,0,1,0,1
1346774034,1,1,1,0,0,0,1,0,1,0,1,0,0,1,0,0,0,1,0,0,1
1346774035,1,1,1,0,0,0,1,0,1,0,1,0,0,1,0,0,0,0,0,0,1
1346774036,1,1,1,0,0,0,1,0,1,0,1,0,1,0,0,0,0,1,1,0,1
1346774037,1,1,1,0,0,0,1,0,1,0,1,0,1,0,0,0,0,1,0,0,1
1346774038,1,1,1,0,0,0,1,0,1,0,1,0,1,0,0,0,0,0,1,0,1
1346774039,1,1,0,1,0,0,1,0,1,0,1,0,0,1,0,0,0,0,1,0,1
1346774040,1,1,1,0,0,0,1,0,1,0,1,0,0,1,0,0,0,1,1,0,1
1346774041,1,1,1,0,0,0,1,0,1,0,1,0,0,1,0,0,0,1,0,0,1
1346774042,1,1,1,0,0,0,1,0,1,0,1,0,0,1,0,0,0,0,1,0,1
1346774043,1,1,1,0,0,0,1,0,1,0,1,0,1,0,0,0,0,0,1,0,1
1346774044,1,1,1,0,0,0,1,0,1,0,1,0,1,0,0,0,0,1,1,0,1
1346774045,1,1,1,0,0,0,1,0,1,0,1,0,1,0,0,0,0,1,1,0,1
1346774046,1,1,1,0,0,0,1,0,1,0,1,0,0,1,0,0,0,0,1,0,1
1346774047,1,1,1,0,0,0,1,0,1,0,1,0,0,1,0,0,0,1,1,0,1
1346774048,1,1,1,0,0,0,1,0,1,0,1,0,0,1,0,0,0,0,0,0,1
1346774049,1,1,1,0,0,0,1,0,1,0,1,0,1,0,0,1,0,0,1,0,1
1346774050,1,1,1,0,0,0,1,0,1,0,1,0,1,0,0,0,0,1,1,0,1
1346774051,1,1,1,0,0,0,1,0,1,0,1,0,1,0,0,0,0,0,0,0,1
1346774052,1,1,1,0,0,0,1,0,1,0,1,0,1,0,0,0,0,0,1,0,1
1346774053,1,1,1,0,0,0,1,0,1,0,1,0,1,0,0,0,0,1,0,0,1
1346774054,1,1,1,0,0,0,1,0,1,0,1,0,1,0,0,0,0,1,1,0,1
1346774055,1,1,1,0,0,0,1,0,1,0,1,0,1,0,0,0,0,1,0,0,1
1346774056,1,1,1,0,0,0,1,0,1,0,1,0,1,0,0,0,0,0,1,0,1
1346774057,1,1,1,0,0,0,1,0,1,0,1,0,0,1,0,0,0,0,1,0,1
1346774058,1,1,1,0,0,0,1,0,1,0,1,0,0,1,0,0,0,0,0,0,1
1346774059,1,1,1,0,0,0,1,0,1,0,1,0,1,0,0,0,0,0,1,0,1
1346774060,1,1,1,0,0,0,1,0,1,0,1,0,1,0,0,0,0,0,0,0,1
1346774061,1,1,1,0,0,0,1,0,1,0,1,0,1,0,0,0,0,0,0,0,1
1346774062,1,1,0,1,1,0,1,0,1,0,1,0,1,0,0,0,0,0,1,0,1
1346774063,1,1,1,0,0,0,1,0,1,0,1,0,1,0,0,0,0,0,0,0,1
1346774064,1,1,0,1,0,0,1,0,1,0,1,0,1,0,0,0,0,1,1,0,1
1346774065,1,1,1,0,0,0,1,0,1,0,1,0,0,1,0,0,0,0,1,0,1
1346774066,1,1,1,0,0,0,1,0,1,0,1,0,0,1,0,0,0,1,1,0,1
1346774067,1,1,1,0,0,0,1,0,1,0,1,0,0,1,0,0,0,1,1,0,1
1346774068,1,1,1,0,0,0,1,0,1,0,1,0,1,0,0,0,0,0,1,0,1
1346774069,1,1,1,0,0,0,1,0,1,0,1,0,1,0,0,0,0,1,1,0,1
1346774070,1,1,1,0,0,0,1,0,1,0,1,0,1,0,0,0,0,1,1,0,1
1346774071,1,1,1,0,0,0,1,0,1,0,1,0,1,0,0,0,0,0,1,0,1
1346774072,1,1,1,0,0,0,1,0,1,0,1,0,1,0,0,0,0,0,1,0,1
1346774073,1,1,1,0,0,0,1,0,1,0,1,0,0,1,0,0,0,1,1,0,1
1346774074,1,1,1,0,0,0,1,0,1,0,1,0,0,1,0,0,0,1,0,0,1
1346774075,1,1,1,0,0,0,1,0,1,0,1,0,0,1,0,0,0,0,1,0,1
1346774076,1,1,1,0,0,0,1,0,1,0,1,0,1,0,0,0,0,0,1,0,1
1346774077,1,1,1,0,0,0,1,0,1,0,1,0,1,0,0,0,0,1,1,0,1
1346774078,1,1,1,0,0,0,1,0,1,0,1,0,1,0,0,0,0,0,0,0,1
1346774079,1,1,1,0,0,0,1,0,1,0,1,0,1,0,0,0,0,0,1,0,1
1346774080,1,1,1,0,0,0,1,0,1,0,1,0,0,1,0,0,0,0,1,0,1
1346774081,1,1,1,0,0,0,1,0,1,0,1,0,0,1,0,0,0,0,1,0,1
1346774082,1,1,1,0,0,0,1,0,1,0,1,0,0,1,0,0,0,0,1,0,1
1346774083,1,1,1,0,0,0,1,0,1,0,1,0,1,0,0,0,0,0,1,0,1
1346774084,1,1,1,0,0,0,1,0,1,0,1,0,1,0,0,0,0,0,1,0,1
1346774085,1,1,1,0,0,0,1,0,1,0,1,0,1,0,0,0,0,0,1,0,1
1346774086,1,1,0,1,0,0,1,0,1,0,1,0,1,0,0,0,0,0,0,0,1
1346774087,1,1,1,0,0,0,1,0,1,0,1,0,1,0,0,0,0,0,1,0,1
1346774088,1,1,1,0,0,0,1,0,1,0,1,0,1,0,0,0,0,0,1,0,1
1346774089,1,1,1,0,0,0,1,0,1,0,1,0,0,1,0,0,0,0,1,0,1
1346774090,1,1,1,0,0,0,1,0,1,0,1,0,0,1,0,0,0,0,1,0,1
1346774091,1,1,1,0,0,0,1,0,1,0,1,0,0,1,0,0,0,0,1,0,1
1346774092,1,1,1,0,0,0,1,0,1,0,1,0,1,0,0,0,0,1,1,0,1
1346774093,1,1,1,0,0,0,1,0,1,0,1,0,1,0,0,1,0,1,1,0,1
1346774094,1,1,1,0,0,0,1,0,1,0,1,0,1,0,0,0,1,0,0,0,1
1346774095,1,1,1,0,0,0,1,0,1,0,1,0,1,0,0,1,1,0,1,0,1
1346774096,1,1,1,0,0,0,1,0,1,0,1,0,1,0,0,1,0,0,1,0,1
1346774097,1,1,1,0,0,0,1,0,1,0,1,0,0,1,0,1,0,1,0,0,1
1346774098,1,1,1,0,0,0,1,0,1,0,1,0,0,1,0,0,0,1,0,0,1
1346774099,1,1,1,0,0,0,1,0,1,0,1,0,0,1,0,0,0,1,0,0,1
1346774100,1,1,1,0,0,0,1,0,1,0,1,0,0,1,0,0,0,0,0,0,1
1346774101,1,1,1,0,0,0,1,0,1,0,1,0,0,1,0,0,0,1,1,1,1
1346774102,1,1,1,0,0,0,1,0,1,0,1,0,0,1,0,0,0,0,0,0,1
1346774103,1,1,1,0,0,0,1,0,1,0,1,0,0,1,0,0,0,0,1,1,1
1346774104,1,1,1,0,0,0,1,0,1,0,1,0,1,0,0,0,0,0,1,1,1
1346774105,1,1,1,0,0,0,1,0,1,0,1,0,1,0,0,0,0,0,1,0,1
1346774106,1,1,1,0,0,0,1,0,1,0,1,0,1,0,0,0,0,0,1,0,1
1346774107,1,1,1,0,0,0,1,0,1,0,1,0,1,0,0,0,0,0,0,0,1
1346774108,1,1,1,0,0,0,1,0,1,0,1,0,1,0,0,0,0,0,0,0,1
1346774109,1,1,1,0,0,0,1,0,1,0,1,0,1,0,0,0,0,0,0,0,1
1346774110,1,1,1,0,0,0,1,0,1,0,1,0,1,0,0,0,0,0,1,0,1
1346774111,1,1,1,0,0,0,1,0,1,0,1,0,1,0,0,0,0,0,0,0,1
1346774112,1,1,1,0,0,0,1,0,1,0,1,0,1,0,0,0,0,0,0,0,1
1346774113,1,1,1,0,0,0,1,0,1,0,1,0,1,0,0,0,0,0,1,0,1
1346774114,1,1,1,0,0,0,1,0,1,0,1,0,1,0,0,0,0,0,0,0,1
1346774115,1,1,1,0,0,0,1,0,1,0,1,0,1,0,0,0,0,0,1,0,1
1346774116,1,1,1,0,0,0,1,0,1,0,1,0,1,0,0,0,0,0,1,0,1
1346774117,1,1,1,0,0,0,1,0,1,0,1,0,1,0,0,0,0,0,1,0,1
1346774118,1,1,1,0,0,0,1,0,1,0,1,0,1,0,0,0,0,0,0,0,1
1346774119,1,1,1,0,0,0,1,0,1,0,1,0,1,0,0,0,0,0,1,0,1
1346774120,1,1,1,0,0,0,1,0,1,0,1,0,1,0,0,1,0,0,1,0,1
1346774121,1,1,1,0,0,0,1,0,1,0,1,0,1,0,0,0,0,0,1,0,1
1346774122,1,1,1,0,0,0,1,0,1,0,1,0,1,0,0,0,0,0,1,0,1
1346774123,1,1,1,0,0,0,1,0,1,0,1,0,1,0,0,0,0,0,1,0,1
1346774124,1,1,1,0,0,0,1,0,1,0,1,0,1,0,0,0,0,1,1,0,1
1346774125,1,1,1,0,0,0,1,0,1,0,1,0,1,0,0,0,0,0,1,0,1
1346774126,1,1,1,0,0,0,1,0,1,0,1,0,1,0,0,0,0,0,0,0,1
1346774127,1,1,1,0,0,0,1,0,1,0,1,0,1,0,0,0,0,0,0,0,1
1346774128,1,1,1,0,0,0,1,0,1,0,1,0,1,0,0,0,0,0,1,0,1
1346774129,1,1,1,0,0,0,1,0,1,0,1,0,1,0,0,0,0,0,1,0,1
1346774130,1,1,1,0,0,0,1,0,1,0,1,0,1,0,0,0,0,0,1,0,1
1346774131,1,1,1,0,0,0,1,0,1,0,1,0,1,0,0,0,0,0,1,0,1
1346774132,1,1,1,0,0,0,1,0,1,0,1,0,1,0,0,0,0,0,1,0,1
1346774133,1,1,1,0,0,0,1,0,1,0,1,0,1,0,0,0,0,0,0,0,1
1346774134,1,1,1,0,0,0,1,0,1,0,1,0,1,0,0,0,0,0,1,0,1
1346774135,1,1,1,0,0,0,1,0,1,0,1,0,1,0,0,0,0,0,0,0,1
1346774136,1,1,1,0,0,0,1,0,1,0,1,0,1,0,0,0,0,0,1,0,1
1346774137,1,1,1,0,0,0,1,0,1,0,1,0,1,0,0,1,0,0,1,0,1
1346774138,1,1,1,0,0,0,1,0,1,0,1,0,1,0,0,0,0,0,1,0,1
1346774139,1,1,1,0,0,0,1,0,1,0,1,0,1,0,0,0,0,0,1,0,1
1346774140,1,1,1,0,0,0,1,0,1,0,1,0,1,0,0,0,0,0,1,0,1
1346774141,1,1,1,0,0,0,1,0,1,0,1,0,1,0,0,0,0,0,1,0,1
